transaction_id,invoice_number,payment_date,fiscal_year,payment_month,department,vendor_id,vendor_name,category,procurement_method,purchase_order,amount,approved,payment_method,duplicate_risk,missing_vendor,missing_po,near_threshold,amount_outlier,high_value_sole_source,year_end_activity,approval_exception,risk_score,risk_classification,flagged_for_review,risk_reason
PAY-001988,INV-706603,2025-04-01,2025-26,2025-04,Health Services,V0023,Supplier 023,Building Maintenance,Invitational,PO-72473,3952.55,Yes,EFT,False,False,False,False,False,False,False,False,0,Routine,False,No predefined exception
PAY-001029,INV-803023,2025-04-01,2025-26,2025-04,Justice & Public Safety,V0010,Supplier 010,Office Supplies,Standing Offer,PO-18487,978.43,Yes,EFT,False,False,False,False,False,False,False,False,0,Routine,False,No predefined exception
PAY-000992,INV-913071,2025-04-01,2025-26,2025-04,Natural Resources,V0073,Supplier 073,Office Supplies,Invitational,PO-54086,10829.88,Yes,EFT,False,False,False,False,True,False,False,False,2,Moderate,True,Statistical amount outlier
PAY-000447,INV-565483,2025-04-01,2025-26,2025-04,Municipal Services,V0001,Supplier 001,Building Maintenance,Open Competition,PO-81102,2639.71,Yes,EFT,False,False,False,False,False,False,False,False,0,Routine,False,No predefined exception
PAY-000849,INV-861062,2025-04-01,2025-26,2025-04,Justice & Public Safety,V0043,Supplier 043,Professional Services,Invitational,PO-55580,3876.53,Yes,EFT,False,False,False,False,False,False,False,False,0,Routine,False,No predefined exception
PAY-002071,INV-598782,2025-04-01,2025-26,2025-04,Health Services,V0031,Supplier 031,Building Maintenance,Open Competition,PO-17413,1673.24,Yes,EFT,False,False,False,False,False,False,False,False,0,Routine,False,No predefined exception
PAY-000756,INV-245338,2025-04-01,2025-26,2025-04,Justice & Public Safety,V0007,Supplier 007,Transportation Services,Open Competition,PO-20796,21412.31,Yes,EFT,False,False,False,False,True,False,False,False,2,Moderate,True,Statistical amount outlier
PAY-002011,INV-502935,2025-04-01,2025-26,2025-04,Education,V0036,Supplier 036,Office Supplies,Open Competition,PO-21775,1281.34,Yes,EFT,False,False,False,False,False,False,False,False,0,Routine,False,No predefined exception
PAY-000649,INV-473957,2025-04-01,2025-26,2025-04,Digital Government,V0065,Supplier 065,Professional Services,Open Competition,PO-71083,1168.15,Yes,Corporate Card,False,False,False,False,False,False,False,False,0,Routine,False,No predefined exception
PAY-001165,INV-752694,2025-04-01,2025-26,2025-04,Justice & Public Safety,V0044,Supplier 044,IT Hardware,Standing Offer,PO-91711,1760.11,Yes,Cheque,False,False,False,False,False,False,False,False,0,Routine,False,No predefined exception
PAY-000678,INV-240021,2025-04-01,2025-26,2025-04,Municipal Services,V0036,Supplier 036,Training,Invitational,PO-63164,3594.51,Yes,EFT,False,False,False,False,False,False,False,False,0,Routine,False,No predefined exception
PAY-000207,INV-935002,2025-04-02,2025-26,2025-04,Digital Government,V0013,Supplier 013,Training,Open Competition,PO-68486,9990.0,Yes,Corporate Card,False,False,False,True,True,False,False,False,4,Higher,True,Near hypothetical threshold; Statistical amount outlier
PAY-001824,INV-492575,2025-04-02,2025-26,2025-04,Education,V0038,Supplier 038,Transportation Services,Open Competition,PO-68612,1706.0,Yes,Cheque,False,False,False,False,False,False,False,False,0,Routine,False,No predefined exception
PAY-000064,INV-103089,2025-04-02,2025-26,2025-04,Natural Resources,V0076,Supplier 076,Office Supplies,Invitational,PO-83839,2203.47,Yes,EFT,False,False,False,False,False,False,False,False,0,Routine,False,No predefined exception
PAY-002174,INV-719330,2025-04-02,2025-26,2025-04,Health Services,V0021,Supplier 021,Construction Services,Open Competition,PO-61305,7770.52,Yes,Cheque,False,False,False,False,False,False,False,False,0,Routine,False,No predefined exception
PAY-000264,INV-858284,2025-04-02,2025-26,2025-04,Municipal Services,V0068,Supplier 068,Equipment,Standing Offer,PO-83180,5452.71,Yes,EFT,False,False,False,False,False,False,False,False,0,Routine,False,No predefined exception
PAY-001949,INV-929151,2025-04-02,2025-26,2025-04,Transportation & Infrastructure,V0048,Supplier 048,Software & Licensing,Standing Offer,,322.2,Yes,EFT,False,False,True,False,False,False,False,False,1,Routine,False,Missing purchase order
PAY-001290,INV-974340,2025-04-02,2025-26,2025-04,Digital Government,V0062,Supplier 062,Training,Open Competition,PO-70161,3125.55,Yes,EFT,False,False,False,False,False,False,False,False,0,Routine,False,No predefined exception
PAY-001865,INV-733619,2025-04-03,2025-26,2025-04,Health Services,V0009,Supplier 009,Professional Services,Invitational,PO-36477,829.36,Yes,EFT,False,False,False,False,False,False,False,False,0,Routine,False,No predefined exception
PAY-002322,INV-869032,2025-04-03,2025-26,2025-04,Transportation & Infrastructure,V0061,Supplier 061,IT Hardware,Open Competition,PO-59408,1826.77,Yes,EFT,False,False,False,False,False,False,False,False,0,Routine,False,No predefined exception
PAY-002125,INV-631661,2025-04-03,2025-26,2025-04,Municipal Services,V0005,Supplier 005,Construction Services,Open Competition,PO-41604,2325.73,Yes,EFT,False,False,False,False,False,False,False,False,0,Routine,False,No predefined exception
PAY-001578,INV-791150,2025-04-03,2025-26,2025-04,Digital Government,V0047,Supplier 047,Office Supplies,Invitational,PO-56205,386.93,Yes,EFT,False,False,False,False,False,False,False,False,0,Routine,False,No predefined exception
PAY-000896,INV-177994,2025-04-03,2025-26,2025-04,Digital Government,V0004,Supplier 004,Office Supplies,Sole Source,PO-99839,478.4,Yes,EFT,False,False,False,False,False,False,False,False,0,Routine,False,No predefined exception
PAY-001519,INV-329991,2025-04-03,2025-26,2025-04,Natural Resources,V0037,Supplier 037,Training,Open Competition,PO-70207,11513.41,Yes,EFT,False,False,False,False,True,False,False,False,2,Moderate,True,Statistical amount outlier
PAY-000497,INV-565806,2025-04-04,2025-26,2025-04,Digital Government,V0003,Supplier 003,Equipment,Open Competition,PO-14069,2457.47,Yes,EFT,False,False,False,False,False,False,False,False,0,Routine,False,No predefined exception
PAY-001487,INV-667256,2025-04-04,2025-26,2025-04,Health Services,V0067,Supplier 067,Professional Services,Standing Offer,PO-44354,2673.44,Yes,EFT,False,False,False,False,False,False,False,False,0,Routine,False,No predefined exception
PAY-001329,INV-585443,2025-04-04,2025-26,2025-04,Education,V0014,Supplier 014,IT Hardware,Standing Offer,PO-46759,2650.18,Yes,EFT,False,False,False,False,False,False,False,False,0,Routine,False,No predefined exception
PAY-000326,INV-439273,2025-04-04,2025-26,2025-04,Transportation & Infrastructure,V0016,Supplier 016,Equipment,Open Competition,PO-92494,4165.44,Yes,EFT,False,False,False,False,False,False,False,False,0,Routine,False,No predefined exception
PAY-001724,INV-509675,2025-04-04,2025-26,2025-04,Education,V0041,Supplier 041,IT Hardware,Standing Offer,PO-93650,1107.35,Yes,EFT,False,False,False,False,False,False,False,False,0,Routine,False,No predefined exception
PAY-001912,INV-749443,2025-04-04,2025-26,2025-04,Health Services,V0049,Supplier 049,IT Hardware,Standing Offer,PO-56314,1920.66,Yes,EFT,False,False,False,False,False,False,False,False,0,Routine,False,No predefined exception
PAY-000843,INV-612656,2025-04-05,2025-26,2025-04,Transportation & Infrastructure,V0031,Supplier 031,Training,Open Competition,PO-49875,1892.19,Yes,EFT,False,False,False,False,False,False,False,False,0,Routine,False,No predefined exception
PAY-000129,INV-563956,2025-04-05,2025-26,2025-04,Health Services,V0002,Supplier 002,Equipment,Standing Offer,PO-32713,10130.77,Yes,EFT,False,False,False,False,True,False,False,False,2,Moderate,True,Statistical amount outlier
PAY-000721,INV-820531,2025-04-05,2025-26,2025-04,Transportation & Infrastructure,V0007,Supplier 007,Software & Licensing,Open Competition,PO-69278,8029.08,Yes,EFT,False,False,False,False,False,False,False,False,0,Routine,False,No predefined exception
PAY-000614,INV-830070,2025-04-05,2025-26,2025-04,Digital Government,V0080,Supplier 080,Building Maintenance,Standing Offer,,3118.7,Yes,EFT,False,False,True,False,False,False,False,False,1,Routine,False,Missing purchase order
PAY-002282,INV-429457,2025-04-05,2025-26,2025-04,Municipal Services,V0020,Supplier 020,IT Hardware,Open Competition,PO-51378,2953.13,Yes,Cheque,False,False,False,False,False,False,False,False,0,Routine,False,No predefined exception
PAY-002331,INV-711524,2025-04-05,2025-26,2025-04,Health Services,V0036,Supplier 036,Professional Services,Open Competition,PO-55779,1214.43,Yes,EFT,False,False,False,False,False,False,False,False,0,Routine,False,No predefined exception
PAY-001045,INV-820394,2025-04-05,2025-26,2025-04,Health Services,V0013,Supplier 013,Building Maintenance,Standing Offer,PO-26699,467.15,Yes,EFT,False,False,False,False,False,False,False,False,0,Routine,False,No predefined exception
PAY-001092,INV-513166,2025-04-05,2025-26,2025-04,Municipal Services,V0051,Supplier 051,IT Hardware,Open Competition,PO-88908,7567.94,Yes,EFT,False,False,False,False,False,False,False,False,0,Routine,False,No predefined exception
PAY-002432,INV-476460,2025-04-05,2025-26,2025-04,Municipal Services,V0038,Supplier 038,IT Hardware,Invitational,PO-95573,3975.73,Yes,EFT,False,False,False,False,False,False,False,False,0,Routine,False,No predefined exception
PAY-001562,INV-309124,2025-04-05,2025-26,2025-04,Digital Government,V0070,Supplier 070,Professional Services,Standing Offer,PO-98483,3131.36,Yes,EFT,False,False,False,False,False,False,False,False,0,Routine,False,No predefined exception
PAY-000416,INV-993941,2025-04-05,2025-26,2025-04,Transportation & Infrastructure,V0064,Supplier 064,Equipment,Open Competition,PO-33074,1337.11,Yes,EFT,False,False,False,False,False,False,False,False,0,Routine,False,No predefined exception
PAY-002052,INV-420580,2025-04-05,2025-26,2025-04,Municipal Services,V0006,Supplier 006,Office Supplies,Open Competition,PO-94622,3375.74,Yes,EFT,False,False,False,False,False,False,False,False,0,Routine,False,No predefined exception
PAY-000335,INV-429478,2025-04-06,2025-26,2025-04,Justice & Public Safety,V0073,Supplier 073,Construction Services,Open Competition,PO-45571,1601.98,Yes,EFT,False,False,False,False,False,False,False,False,0,Routine,False,No predefined exception
PAY-000742,INV-312986,2025-04-06,2025-26,2025-04,Digital Government,V0007,Supplier 007,Construction Services,Open Competition,PO-87658,26181.28,Yes,EFT,False,False,False,False,True,False,False,False,2,Moderate,True,Statistical amount outlier
PAY-000895,INV-244179,2025-04-07,2025-26,2025-04,Digital Government,V0042,Supplier 042,Office Supplies,Invitational,PO-29728,737.68,Yes,Cheque,False,False,False,False,False,False,False,False,0,Routine,False,No predefined exception
PAY-001715,INV-710682,2025-04-07,2025-26,2025-04,Natural Resources,V0056,Supplier 056,IT Hardware,Standing Offer,PO-54121,1995.45,Yes,EFT,False,False,False,False,False,False,False,False,0,Routine,False,No predefined exception
PAY-002468,INV-714653,2025-04-07,2025-26,2025-04,Municipal Services,V0018,Supplier 018,Software & Licensing,Open Competition,PO-65833,3180.99,Yes,EFT,False,False,False,False,False,False,False,False,0,Routine,False,No predefined exception
PAY-001278,INV-340617,2025-04-07,2025-26,2025-04,Transportation & Infrastructure,V0077,Supplier 077,Office Supplies,Sole Source,PO-89669,5622.16,Yes,EFT,False,False,False,False,False,False,False,False,0,Routine,False,No predefined exception
PAY-001860,INV-487128,2025-04-07,2025-26,2025-04,Natural Resources,V0070,Supplier 070,Construction Services,Open Competition,PO-23603,1690.09,Yes,EFT,False,False,False,False,False,False,False,False,0,Routine,False,No predefined exception
PAY-000606,INV-628313,2025-04-07,2025-26,2025-04,Justice & Public Safety,V0004,Supplier 004,IT Hardware,Open Competition,,1651.43,Yes,EFT,False,False,True,False,False,False,False,False,1,Routine,False,Missing purchase order
PAY-001463,INV-724152,2025-04-07,2025-26,2025-04,Transportation & Infrastructure,V0050,Supplier 050,Construction Services,Open Competition,PO-35212,10984.45,Yes,Corporate Card,False,False,False,False,True,False,False,False,2,Moderate,True,Statistical amount outlier
PAY-002382,INV-549542,2025-04-07,2025-26,2025-04,Education,V0074,Supplier 074,Software & Licensing,Open Competition,PO-38800,2211.61,Yes,EFT,False,False,False,False,False,False,False,False,0,Routine,False,No predefined exception
PAY-001651,INV-561122,2025-04-07,2025-26,2025-04,Transportation & Infrastructure,V0003,Supplier 003,Training,Open Competition,PO-60762,1212.25,Yes,EFT,False,False,False,False,False,False,False,False,0,Routine,False,No predefined exception
PAY-001251,INV-663739,2025-04-08,2025-26,2025-04,Transportation & Infrastructure,V0037,Supplier 037,Equipment,Open Competition,PO-66270,2973.24,No,EFT,False,False,False,False,False,False,False,True,3,Moderate,True,Approval exception
PAY-000688,INV-296292,2025-04-08,2025-26,2025-04,Transportation & Infrastructure,V0014,Supplier 014,Transportation Services,Open Competition,PO-89693,1695.71,Yes,EFT,False,False,False,False,False,False,False,False,0,Routine,False,No predefined exception
PAY-001942,INV-217369,2025-04-08,2025-26,2025-04,Education,V0076,Supplier 076,Building Maintenance,Standing Offer,PO-41254,2092.54,Yes,EFT,False,False,False,False,False,False,False,False,0,Routine,False,No predefined exception
PAY-000829,INV-370001,2025-04-08,2025-26,2025-04,Transportation & Infrastructure,V0015,Supplier 015,Transportation Services,Open Competition,PO-86925,6361.28,Yes,EFT,False,False,False,False,False,False,False,False,0,Routine,False,No predefined exception
PAY-001765,INV-230364,2025-04-08,2025-26,2025-04,Municipal Services,V0048,Supplier 048,Professional Services,Open Competition,PO-23515,5526.15,Yes,EFT,False,False,False,False,False,False,False,False,0,Routine,False,No predefined exception
PAY-000876,INV-538744,2025-04-08,2025-26,2025-04,Education,V0049,Supplier 049,Transportation Services,Standing Offer,PO-52428,1380.95,Yes,EFT,False,False,False,False,False,False,False,False,0,Routine,False,No predefined exception
PAY-002045,INV-707317,2025-04-08,2025-26,2025-04,Health Services,V0071,Supplier 071,Professional Services,Open Competition,PO-16462,4793.43,Yes,EFT,False,False,False,False,False,False,False,False,0,Routine,False,No predefined exception
PAY-001320,INV-710610,2025-04-09,2025-26,2025-04,Digital Government,V0029,Supplier 029,Construction Services,Sole Source,PO-99306,2086.31,Yes,EFT,False,False,False,False,False,False,False,False,0,Routine,False,No predefined exception
PAY-001568,INV-488742,2025-04-09,2025-26,2025-04,Digital Government,V0067,Supplier 067,IT Hardware,Open Competition,PO-25637,1277.37,Yes,EFT,False,False,False,False,False,False,False,False,0,Routine,False,No predefined exception
PAY-001784,INV-317912,2025-04-09,2025-26,2025-04,Education,V0080,Supplier 080,Construction Services,Open Competition,PO-51371,2437.94,Yes,EFT,False,False,False,False,False,False,False,False,0,Routine,False,No predefined exception
PAY-000602,INV-679678,2025-04-09,2025-26,2025-04,Education,V0014,Supplier 014,Software & Licensing,Standing Offer,,1159.89,Yes,EFT,False,False,True,False,False,False,False,False,1,Routine,False,Missing purchase order
PAY-000270,INV-597873,2025-04-09,2025-26,2025-04,Digital Government,V0066,Supplier 066,Professional Services,Invitational,PO-91658,2579.59,Yes,EFT,False,False,False,False,False,False,False,False,0,Routine,False,No predefined exception
PAY-002204,INV-704019,2025-04-09,2025-26,2025-04,Health Services,V0039,Supplier 039,Training,Standing Offer,PO-65615,1736.82,Yes,EFT,False,False,False,False,False,False,False,False,0,Routine,False,No predefined exception
PAY-000098,INV-426160,2025-04-09,2025-26,2025-04,Health Services,V0001,Supplier 001,Construction Services,Open Competition,PO-26396,1302.81,Yes,EFT,False,False,False,False,False,False,False,False,0,Routine,False,No predefined exception
PAY-001844,INV-418774,2025-04-09,2025-26,2025-04,Education,V0080,Supplier 080,IT Hardware,Open Competition,PO-90911,4642.7,Yes,EFT,False,False,False,False,False,False,False,False,0,Routine,False,No predefined exception
PAY-001598,INV-134160,2025-04-09,2025-26,2025-04,Transportation & Infrastructure,V0010,Supplier 010,Construction Services,Invitational,PO-61928,4203.52,Yes,EFT,False,False,False,False,False,False,False,False,0,Routine,False,No predefined exception
PAY-000715,INV-936002,2025-04-10,2025-26,2025-04,Natural Resources,V0007,Supplier 007,Equipment,Standing Offer,PO-94013,13987.27,Yes,Corporate Card,False,False,False,False,True,False,False,False,2,Moderate,True,Statistical amount outlier
PAY-000485,INV-219975,2025-04-10,2025-26,2025-04,Transportation & Infrastructure,V0018,Supplier 018,Software & Licensing,Open Competition,PO-84655,2261.44,Yes,EFT,False,False,False,False,False,False,False,False,0,Routine,False,No predefined exception
PAY-001973,INV-892425,2025-04-10,2025-26,2025-04,Health Services,V0043,Supplier 043,Office Supplies,Open Competition,PO-86424,1755.72,Yes,EFT,False,False,False,False,False,False,False,False,0,Routine,False,No predefined exception
PAY-001004,INV-709654,2025-04-10,2025-26,2025-04,Municipal Services,V0044,Supplier 044,IT Hardware,Standing Offer,PO-81124,962.06,Yes,EFT,False,False,False,False,False,False,False,False,0,Routine,False,No predefined exception
PAY-001091,INV-689872,2025-04-10,2025-26,2025-04,Digital Government,V0012,Supplier 012,Software & Licensing,Invitational,PO-39570,679.78,Yes,Cheque,False,False,False,False,False,False,False,False,0,Routine,False,No predefined exception
PAY-002206,INV-951563,2025-04-10,2025-26,2025-04,Municipal Services,V0047,Supplier 047,Software & Licensing,Open Competition,PO-16343,1908.03,Yes,EFT,False,False,False,False,False,False,False,False,0,Routine,False,No predefined exception
PAY-001380,INV-707337,2025-04-11,2025-26,2025-04,Justice & Public Safety,V0050,Supplier 050,Building Maintenance,Standing Offer,PO-38633,2817.82,Yes,EFT,False,False,False,False,False,False,False,False,0,Routine,False,No predefined exception
PAY-001293,INV-336545,2025-04-11,2025-26,2025-04,Natural Resources,V0044,Supplier 044,Transportation Services,Standing Offer,PO-12948,1690.46,Yes,EFT,False,False,False,False,False,False,False,False,0,Routine,False,No predefined exception
PAY-001802,INV-659319,2025-04-11,2025-26,2025-04,Transportation & Infrastructure,V0057,Supplier 057,Professional Services,Open Competition,PO-32674,861.05,Yes,EFT,False,False,False,False,False,False,False,False,0,Routine,False,No predefined exception
PAY-001123,INV-143162,2025-04-11,2025-26,2025-04,Transportation & Infrastructure,V0067,Supplier 067,Building Maintenance,Sole Source,PO-67677,1778.25,Yes,EFT,False,False,False,False,False,False,False,False,0,Routine,False,No predefined exception
PAY-002241,INV-647578,2025-04-11,2025-26,2025-04,Municipal Services,V0006,Supplier 006,Transportation Services,Open Competition,PO-13572,1117.17,Yes,EFT,False,False,False,False,False,False,False,False,0,Routine,False,No predefined exception
PAY-001539,INV-240562,2025-04-11,2025-26,2025-04,Health Services,V0024,Supplier 024,Construction Services,Sole Source,PO-25115,4544.44,Yes,EFT,False,False,False,False,False,False,False,False,0,Routine,False,No predefined exception
PAY-002134,INV-492647,2025-04-12,2025-26,2025-04,Justice & Public Safety,V0033,Supplier 033,Software & Licensing,Open Competition,PO-71639,965.28,Yes,EFT,False,False,False,False,False,False,False,False,0,Routine,False,No predefined exception
PAY-001424,INV-703857,2025-04-12,2025-26,2025-04,Municipal Services,V0040,Supplier 040,Construction Services,Invitational,PO-16285,2552.82,Yes,Cheque,False,False,False,False,False,False,False,False,0,Routine,False,No predefined exception
PAY-000852,INV-804133,2025-04-12,2025-26,2025-04,Digital Government,V0057,Supplier 057,Software & Licensing,Open Competition,PO-22688,5093.29,Yes,EFT,False,False,False,False,False,False,False,False,0,Routine,False,No predefined exception
PAY-002021,INV-329937,2025-04-12,2025-26,2025-04,Natural Resources,V0023,Supplier 023,Training,Open Competition,PO-46655,1559.7,Yes,EFT,False,False,False,False,False,False,False,False,0,Routine,False,No predefined exception
PAY-000682,INV-302278,2025-04-12,2025-26,2025-04,Justice & Public Safety,V0063,Supplier 063,Office Supplies,Standing Offer,PO-98860,1340.27,Yes,EFT,False,False,False,False,False,False,False,False,0,Routine,False,No predefined exception
PAY-000519,INV-374270,2025-04-12,2025-26,2025-04,Education,V0048,Supplier 048,Office Supplies,Open Competition,PO-24787,1417.12,Yes,EFT,False,False,False,False,False,False,False,False,0,Routine,False,No predefined exception
PAY-002319,INV-748565,2025-04-12,2025-26,2025-04,Education,V0076,Supplier 076,Training,Open Competition,PO-63433,893.25,Yes,EFT,False,False,False,False,False,False,False,False,0,Routine,False,No predefined exception
PAY-001668,INV-635848,2025-04-12,2025-26,2025-04,Municipal Services,V0013,Supplier 013,Transportation Services,Open Competition,PO-64669,365.6,Yes,EFT,False,False,False,False,False,False,False,False,0,Routine,False,No predefined exception
PAY-002369,INV-329171,2025-04-12,2025-26,2025-04,Municipal Services,V0064,Supplier 064,Professional Services,Invitational,PO-62389,4782.01,Yes,Cheque,False,False,False,False,False,False,False,False,0,Routine,False,No predefined exception
PAY-001873,INV-156096,2025-04-12,2025-26,2025-04,Education,V0051,Supplier 051,Equipment,Sole Source,PO-70267,843.5,Yes,EFT,False,False,False,False,False,False,False,False,0,Routine,False,No predefined exception
PAY-002413,INV-346222,2025-04-12,2025-26,2025-04,Health Services,V0044,Supplier 044,IT Hardware,Standing Offer,,1134.27,Yes,EFT,False,False,True,False,False,False,False,False,1,Routine,False,Missing purchase order
PAY-001434,INV-246115,2025-04-12,2025-26,2025-04,Justice & Public Safety,V0070,Supplier 070,IT Hardware,Standing Offer,PO-80034,10851.6,Yes,EFT,False,False,False,False,True,False,False,False,2,Moderate,True,Statistical amount outlier
PAY-001871,INV-435510,2025-04-12,2025-26,2025-04,Justice & Public Safety,V0053,Supplier 053,IT Hardware,Standing Offer,PO-91580,1395.19,Yes,EFT,False,False,False,False,False,False,False,False,0,Routine,False,No predefined exception
PAY-001755,INV-854534,2025-04-12,2025-26,2025-04,Digital Government,V0038,Supplier 038,Building Maintenance,Invitational,PO-99853,3457.86,Yes,EFT,False,False,False,False,False,False,False,False,0,Routine,False,No predefined exception
PAY-001701,INV-442808,2025-04-12,2025-26,2025-04,Transportation & Infrastructure,V0013,Supplier 013,Equipment,Open Competition,PO-49484,2020.28,Yes,EFT,False,False,False,False,False,False,False,False,0,Routine,False,No predefined exception
PAY-000379,INV-243029,2025-04-13,2025-26,2025-04,Health Services,V0050,Supplier 050,Equipment,Standing Offer,PO-76219,7268.69,Yes,EFT,False,False,False,False,False,False,False,False,0,Routine,False,No predefined exception
PAY-000555,INV-473513,2025-04-13,2025-26,2025-04,Municipal Services,V0050,Supplier 050,Software & Licensing,Open Competition,PO-30446,13277.17,Yes,EFT,False,False,False,False,True,False,False,False,2,Moderate,True,Statistical amount outlier
PAY-002485,INV-210494,2025-04-13,2025-26,2025-04,Municipal Services,V0080,Supplier 080,Professional Services,Open Competition,PO-11585,1323.09,Yes,EFT,False,False,False,False,False,False,False,False,0,Routine,False,No predefined exception
PAY-001671,INV-787823,2025-04-13,2025-26,2025-04,Municipal Services,V0077,Supplier 077,Software & Licensing,Standing Offer,PO-56924,1576.19,Yes,Corporate Card,False,False,False,False,False,False,False,False,0,Routine,False,No predefined exception
PAY-000152,INV-509337,2025-04-13,2025-26,2025-04,Transportation & Infrastructure,V0026,Supplier 026,Office Supplies,Open Competition,PO-95950,4674.53,Yes,EFT,False,False,False,False,False,False,False,False,0,Routine,False,No predefined exception
PAY-001008,INV-361420,2025-04-13,2025-26,2025-04,Education,V0004,Supplier 004,Construction Services,Invitational,,1442.67,Yes,EFT,False,False,True,False,False,False,False,False,1,Routine,False,Missing purchase order
PAY-001870,INV-299121,2025-04-14,2025-26,2025-04,Health Services,V0057,Supplier 057,IT Hardware,Standing Offer,,6097.8,Yes,EFT,False,False,True,False,False,False,False,False,1,Routine,False,Missing purchase order
PAY-001058,INV-293646,2025-04-14,2025-26,2025-04,Digital Government,V0034,Supplier 034,Office Supplies,Standing Offer,PO-23669,1805.3,Yes,EFT,False,False,False,False,False,False,False,False,0,Routine,False,No predefined exception
PAY-000676,INV-358470,2025-04-14,2025-26,2025-04,Transportation & Infrastructure,V0019,Supplier 019,Office Supplies,Open Competition,PO-50582,3771.22,Yes,EFT,False,False,False,False,False,False,False,False,0,Routine,False,No predefined exception
PAY-002383,INV-852255,2025-04-14,2025-26,2025-04,Municipal Services,V0062,Supplier 062,Professional Services,Standing Offer,PO-66254,2378.16,Yes,EFT,False,False,False,False,False,False,False,False,0,Routine,False,No predefined exception
PAY-001473,INV-882366,2025-04-14,2025-26,2025-04,Education,V0022,Supplier 022,Professional Services,Open Competition,PO-69593,4008.32,Yes,EFT,False,False,False,False,False,False,False,False,0,Routine,False,No predefined exception
PAY-001956,INV-768695,2025-04-14,2025-26,2025-04,Health Services,V0071,Supplier 071,Equipment,Open Competition,PO-36716,1453.52,Yes,Cheque,False,False,False,False,False,False,False,False,0,Routine,False,No predefined exception
PAY-000051,INV-453791,2025-04-14,2025-26,2025-04,Justice & Public Safety,V0031,Supplier 031,Transportation Services,Open Competition,PO-41708,16466.58,Yes,EFT,False,False,False,False,True,False,False,False,2,Moderate,True,Statistical amount outlier
PAY-002471,INV-401075,2025-04-14,2025-26,2025-04,Digital Government,V0016,Supplier 016,Transportation Services,Open Competition,PO-89309,9143.93,Yes,EFT,False,False,False,False,True,False,False,False,2,Moderate,True,Statistical amount outlier
PAY-001947,INV-353724,2025-04-14,2025-26,2025-04,Transportation & Infrastructure,V0007,Supplier 007,Equipment,Standing Offer,PO-45809,7993.17,Yes,EFT,False,False,False,False,False,False,False,False,0,Routine,False,No predefined exception
PAY-001319,INV-212255,2025-04-14,2025-26,2025-04,Natural Resources,V0030,Supplier 030,Transportation Services,Standing Offer,PO-56213,3796.24,Yes,EFT,False,False,False,False,False,False,False,False,0,Routine,False,No predefined exception
PAY-000886,INV-486791,2025-04-14,2025-26,2025-04,Municipal Services,V0053,Supplier 053,Software & Licensing,Open Competition,,7239.6,Yes,EFT,False,False,True,False,False,False,False,False,1,Routine,False,Missing purchase order
PAY-000892,INV-656620,2025-04-14,2025-26,2025-04,Municipal Services,V0052,Supplier 052,Equipment,Standing Offer,PO-85498,1166.24,Yes,Corporate Card,False,False,False,False,False,False,False,False,0,Routine,False,No predefined exception
PAY-000093,INV-922564,2025-04-15,2025-26,2025-04,Natural Resources,V0032,Supplier 032,Construction Services,Open Competition,PO-80160,6821.18,Yes,EFT,False,False,False,False,False,False,False,False,0,Routine,False,No predefined exception
PAY-001486,INV-682314,2025-04-15,2025-26,2025-04,Natural Resources,V0009,Supplier 009,Construction Services,Open Competition,PO-88868,1875.34,Yes,EFT,False,False,False,False,False,False,False,False,0,Routine,False,No predefined exception
PAY-001776,INV-373120,2025-04-15,2025-26,2025-04,Digital Government,V0055,Supplier 055,Office Supplies,Sole Source,PO-64497,846.13,Yes,EFT,False,False,False,False,False,False,False,False,0,Routine,False,No predefined exception
PAY-001749,INV-910506,2025-04-15,2025-26,2025-04,Municipal Services,V0014,Supplier 014,Training,Sole Source,PO-68271,1992.04,Yes,EFT,False,False,False,False,False,False,False,False,0,Routine,False,No predefined exception
PAY-000135,INV-460466,2025-04-15,2025-26,2025-04,Natural Resources,V0038,Supplier 038,Office Supplies,Invitational,PO-85739,18686.31,Yes,EFT,False,False,False,False,True,False,False,False,2,Moderate,True,Statistical amount outlier
PAY-001078,INV-461417,2025-04-15,2025-26,2025-04,Health Services,V0048,Supplier 048,Professional Services,Open Competition,PO-53420,2374.37,Yes,EFT,False,False,False,False,False,False,False,False,0,Routine,False,No predefined exception
PAY-001104,INV-298910,2025-04-15,2025-26,2025-04,Justice & Public Safety,V0072,Supplier 072,Training,Sole Source,PO-48474,56108.06,Yes,EFT,False,False,False,False,True,True,False,False,4,Higher,True,Statistical amount outlier; Higher-value sole-source transaction
PAY-001455,INV-708952,2025-04-16,2025-26,2025-04,Education,V0068,Supplier 068,Office Supplies,Open Competition,PO-81013,1285.82,Yes,EFT,False,False,False,False,False,False,False,False,0,Routine,False,No predefined exception
PAY-000498,INV-976058,2025-04-16,2025-26,2025-04,Education,V0063,Supplier 063,Professional Services,Open Competition,PO-23386,2181.86,Yes,EFT,False,False,False,False,False,False,False,False,0,Routine,False,No predefined exception
PAY-001491,INV-701158,2025-04-16,2025-26,2025-04,Natural Resources,V0034,Supplier 034,Training,Invitational,PO-85660,2402.48,Yes,EFT,False,False,False,False,False,False,False,False,0,Routine,False,No predefined exception
PAY-001700,INV-439711,2025-04-17,2025-26,2025-04,Transportation & Infrastructure,V0033,Supplier 033,Equipment,Open Competition,PO-34966,1299.4,Yes,EFT,False,False,False,False,False,False,False,False,0,Routine,False,No predefined exception
PAY-000330,INV-621393,2025-04-17,2025-26,2025-04,Digital Government,V0022,Supplier 022,Building Maintenance,Open Competition,PO-77656,1349.69,Yes,EFT,False,False,False,False,False,False,False,False,0,Routine,False,No predefined exception
PAY-001345,INV-494798,2025-04-17,2025-26,2025-04,Municipal Services,V0060,Supplier 060,Professional Services,Open Competition,PO-82442,3214.77,Yes,EFT,False,False,False,False,False,False,False,False,0,Routine,False,No predefined exception
PAY-001676,INV-817997,2025-04-17,2025-26,2025-04,Transportation & Infrastructure,V0052,Supplier 052,Software & Licensing,Open Competition,PO-14852,1552.6,Yes,EFT,False,False,False,False,False,False,False,False,0,Routine,False,No predefined exception
PAY-001429,INV-988943,2025-04-17,2025-26,2025-04,Natural Resources,V0079,Supplier 079,Transportation Services,Open Competition,PO-71594,2151.69,Yes,EFT,False,False,False,False,False,False,False,False,0,Routine,False,No predefined exception
PAY-001184,INV-380092,2025-04-17,2025-26,2025-04,Digital Government,V0066,Supplier 066,Construction Services,Sole Source,PO-23967,185.56,Yes,EFT,False,False,False,False,False,False,False,False,0,Routine,False,No predefined exception
PAY-001409,INV-530000,2025-04-17,2025-26,2025-04,Health Services,V0044,Supplier 044,Software & Licensing,Invitational,PO-83352,1117.4,Yes,Cheque,False,False,False,False,False,False,False,False,0,Routine,False,No predefined exception
PAY-001936,INV-993164,2025-04-18,2025-26,2025-04,Digital Government,V0063,Supplier 063,Office Supplies,Sole Source,PO-12770,2730.25,Yes,EFT,False,False,False,False,False,False,False,False,0,Routine,False,No predefined exception
PAY-001228,INV-385248,2025-04-18,2025-26,2025-04,Digital Government,V0076,Supplier 076,IT Hardware,Standing Offer,PO-98275,2814.51,Yes,EFT,False,False,False,False,False,False,False,False,0,Routine,False,No predefined exception
PAY-000353,INV-319631,2025-04-18,2025-26,2025-04,Natural Resources,V0002,Supplier 002,Equipment,Standing Offer,PO-56729,175000.0,Yes,EFT,False,False,False,False,True,False,False,False,2,Moderate,True,Statistical amount outlier
PAY-001227,INV-674675,2025-04-19,2025-26,2025-04,Municipal Services,V0051,Supplier 051,IT Hardware,Standing Offer,PO-71441,5317.91,Yes,EFT,False,False,False,False,False,False,False,False,0,Routine,False,No predefined exception
PAY-002220,INV-949662,2025-04-19,2025-26,2025-04,Transportation & Infrastructure,V0079,Supplier 079,Construction Services,Open Competition,PO-73708,3226.41,Yes,EFT,False,False,False,False,False,False,False,False,0,Routine,False,No predefined exception
PAY-000637,INV-481164,2025-04-19,2025-26,2025-04,Justice & Public Safety,V0024,Supplier 024,Training,Open Competition,,3320.33,No,Cheque,False,False,True,False,False,False,False,True,4,Higher,True,Missing purchase order; Approval exception
PAY-002260,INV-544256,2025-04-19,2025-26,2025-04,Digital Government,V0066,Supplier 066,Transportation Services,Invitational,PO-94562,5072.63,Yes,Cheque,False,False,False,False,False,False,False,False,0,Routine,False,No predefined exception
PAY-000567,INV-310047,2025-04-19,2025-26,2025-04,Education,V0062,Supplier 062,Training,Sole Source,PO-54837,2361.73,Yes,EFT,False,False,False,False,False,False,False,False,0,Routine,False,No predefined exception
PAY-002098,INV-579095,2025-04-19,2025-26,2025-04,Education,V0075,Supplier 075,Transportation Services,Invitational,PO-93421,2411.99,Yes,EFT,False,False,False,False,False,False,False,False,0,Routine,False,No predefined exception
PAY-000384,INV-494093,2025-04-20,2025-26,2025-04,Municipal Services,V0052,Supplier 052,Equipment,Standing Offer,PO-81445,1001.0,No,EFT,False,False,False,False,False,False,False,True,3,Moderate,True,Approval exception
PAY-001297,INV-898623,2025-04-20,2025-26,2025-04,Education,V0004,Supplier 004,Building Maintenance,Open Competition,PO-77792,1428.61,Yes,Cheque,False,False,False,False,False,False,False,False,0,Routine,False,No predefined exception
PAY-000672,INV-262403,2025-04-20,2025-26,2025-04,Municipal Services,V0051,Supplier 051,Construction Services,Open Competition,PO-22008,6890.01,Yes,EFT,False,False,False,False,False,False,False,False,0,Routine,False,No predefined exception
PAY-000988,INV-211915,2025-04-20,2025-26,2025-04,Natural Resources,V0024,Supplier 024,Training,Open Competition,PO-31775,891.84,Yes,EFT,False,False,False,False,False,False,False,False,0,Routine,False,No predefined exception
PAY-001570,INV-742911,2025-04-20,2025-26,2025-04,Transportation & Infrastructure,V0027,Supplier 027,Office Supplies,Open Competition,PO-63100,10392.54,Yes,EFT,False,False,False,False,True,False,False,False,2,Moderate,True,Statistical amount outlier
PAY-001915,INV-568255,2025-04-20,2025-26,2025-04,Natural Resources,V0039,Supplier 039,Software & Licensing,Standing Offer,PO-64013,1245.34,Yes,EFT,False,False,False,False,False,False,False,False,0,Routine,False,No predefined exception
PAY-002008,INV-668178,2025-04-20,2025-26,2025-04,Natural Resources,V0033,Supplier 033,Training,Open Competition,PO-83012,1768.9,No,EFT,False,False,False,False,False,False,False,True,3,Moderate,True,Approval exception
PAY-002421,INV-614906,2025-04-20,2025-26,2025-04,Justice & Public Safety,V0072,Supplier 072,Professional Services,Open Competition,PO-63884,2590.85,Yes,EFT,False,False,False,False,False,False,False,False,0,Routine,False,No predefined exception
PAY-001938,INV-895768,2025-04-21,2025-26,2025-04,Digital Government,V0010,Supplier 010,Construction Services,Standing Offer,PO-13606,494.83,Yes,EFT,False,False,False,False,False,False,False,False,0,Routine,False,No predefined exception
PAY-002146,INV-366926,2025-04-21,2025-26,2025-04,Transportation & Infrastructure,V0016,Supplier 016,Construction Services,Standing Offer,PO-68935,1381.84,Yes,EFT,False,False,False,False,False,False,False,False,0,Routine,False,No predefined exception
PAY-000007,INV-315705,2025-04-21,2025-26,2025-04,Natural Resources,V0054,Supplier 054,Office Supplies,Standing Offer,PO-52255,2829.15,Yes,EFT,False,False,False,False,False,False,False,False,0,Routine,False,No predefined exception
PAY-001741,INV-567616,2025-04-21,2025-26,2025-04,Transportation & Infrastructure,V0047,Supplier 047,Equipment,Open Competition,PO-34795,2491.19,Yes,EFT,False,False,False,False,False,False,False,False,0,Routine,False,No predefined exception
PAY-000045,INV-232371,2025-04-21,2025-26,2025-04,Justice & Public Safety,V0004,Supplier 004,IT Hardware,Invitational,PO-16639,1136.98,Yes,Cheque,False,False,False,False,False,False,False,False,0,Routine,False,No predefined exception
PAY-000308,INV-504427,2025-04-22,2025-26,2025-04,Natural Resources,V0003,Supplier 003,IT Hardware,Open Competition,PO-38385,12242.23,Yes,EFT,False,False,False,False,True,False,False,False,2,Moderate,True,Statistical amount outlier
PAY-000026,INV-907641,2025-04-22,2025-26,2025-04,Justice & Public Safety,V0057,Supplier 057,Office Supplies,Open Competition,PO-72099,2392.4,Yes,EFT,False,False,False,False,False,False,False,False,0,Routine,False,No predefined exception
PAY-001735,INV-236260,2025-04-22,2025-26,2025-04,Municipal Services,V0020,Supplier 020,IT Hardware,Open Competition,PO-11672,822.51,Yes,EFT,False,False,False,False,False,False,False,False,0,Routine,False,No predefined exception
PAY-001864,INV-290861,2025-04-22,2025-26,2025-04,Natural Resources,V0059,Supplier 059,Office Supplies,Open Competition,PO-29628,1672.0,Yes,Cheque,False,False,False,False,False,False,False,False,0,Routine,False,No predefined exception
PAY-001703,INV-885216,2025-04-22,2025-26,2025-04,Justice & Public Safety,V0032,Supplier 032,Equipment,Open Competition,PO-23014,2588.37,Yes,EFT,False,False,False,False,False,False,False,False,0,Routine,False,No predefined exception
PAY-000847,INV-128481,2025-04-22,2025-26,2025-04,Natural Resources,V0035,Supplier 035,Construction Services,Standing Offer,PO-98383,1688.23,Yes,EFT,False,False,False,False,False,False,False,False,0,Routine,False,No predefined exception
PAY-000748,INV-781543,2025-04-23,2025-26,2025-04,Transportation & Infrastructure,V0007,Supplier 007,Equipment,Open Competition,PO-40382,2186.29,Yes,EFT,False,False,False,False,False,False,False,False,0,Routine,False,No predefined exception
PAY-001130,INV-818730,2025-04-23,2025-26,2025-04,Transportation & Infrastructure,V0078,Supplier 078,Construction Services,Open Competition,PO-51620,1128.41,Yes,EFT,False,False,False,False,False,False,False,False,0,Routine,False,No predefined exception
PAY-000483,INV-469566,2025-04-23,2025-26,2025-04,Transportation & Infrastructure,V0062,Supplier 062,Office Supplies,Standing Offer,PO-56861,8001.96,Yes,EFT,False,False,False,False,False,False,False,False,0,Routine,False,No predefined exception
PAY-001063,INV-856322,2025-04-23,2025-26,2025-04,Transportation & Infrastructure,V0002,Supplier 002,Construction Services,Open Competition,PO-34928,3057.74,Yes,EFT,False,False,False,False,False,False,False,False,0,Routine,False,No predefined exception
PAY-001658,INV-500010,2025-04-23,2025-26,2025-04,Justice & Public Safety,V0048,Supplier 048,Professional Services,Standing Offer,PO-25456,2804.66,Yes,EFT,False,False,False,False,False,False,False,False,0,Routine,False,No predefined exception
PAY-001773,INV-886885,2025-04-24,2025-26,2025-04,Digital Government,V0069,Supplier 069,Building Maintenance,Open Competition,PO-76314,2802.69,Yes,EFT,False,False,False,False,False,False,False,False,0,Routine,False,No predefined exception
PAY-001910,INV-898385,2025-04-24,2025-26,2025-04,Transportation & Infrastructure,V0051,Supplier 051,Professional Services,Standing Offer,PO-21215,2125.91,Yes,EFT,False,False,False,False,False,False,False,False,0,Routine,False,No predefined exception
PAY-002393,INV-928396,2025-04-25,2025-26,2025-04,Justice & Public Safety,V0041,Supplier 041,Construction Services,Standing Offer,,9754.99,Yes,EFT,False,False,True,True,True,False,False,False,5,Higher,True,Missing purchase order; Near hypothetical threshold; Statistical amount outlier
PAY-001415,INV-388642,2025-04-25,2025-26,2025-04,Justice & Public Safety,V0051,Supplier 051,Equipment,Open Competition,PO-22493,4849.29,Yes,EFT,False,False,False,False,False,False,False,False,0,Routine,False,No predefined exception
PAY-002409,INV-448058,2025-04-25,2025-26,2025-04,Transportation & Infrastructure,V0031,Supplier 031,Training,Open Competition,PO-93182,303.89,No,EFT,False,False,False,False,False,False,False,True,3,Moderate,True,Approval exception
PAY-001445,INV-998628,2025-04-25,2025-26,2025-04,Justice & Public Safety,V0013,Supplier 013,Construction Services,Sole Source,PO-46195,18960.82,Yes,EFT,False,False,False,False,True,True,False,False,4,Higher,True,Statistical amount outlier; Higher-value sole-source transaction
PAY-001191,INV-846716,2025-04-25,2025-26,2025-04,Municipal Services,V0020,Supplier 020,Professional Services,Open Competition,PO-47879,1503.16,Yes,Cheque,False,False,False,False,False,False,False,False,0,Routine,False,No predefined exception
PAY-001874,INV-763270,2025-04-25,2025-26,2025-04,Education,V0075,Supplier 075,Software & Licensing,Open Competition,PO-24245,2094.25,Yes,EFT,False,False,False,False,False,False,False,False,0,Routine,False,No predefined exception
PAY-000581,INV-414941,2025-04-25,2025-26,2025-04,Municipal Services,V0013,Supplier 013,Training,Invitational,PO-69866,2971.42,Yes,EFT,False,False,False,False,False,False,False,False,0,Routine,False,No predefined exception
PAY-001600,INV-258253,2025-04-25,2025-26,2025-04,Transportation & Infrastructure,V0028,Supplier 028,Building Maintenance,Invitational,PO-26651,1484.07,Yes,EFT,False,False,False,False,False,False,False,False,0,Routine,False,No predefined exception
PAY-001178,INV-121576,2025-04-25,2025-26,2025-04,Transportation & Infrastructure,V0005,Supplier 005,Construction Services,Sole Source,PO-40796,2050.59,Yes,EFT,False,False,False,False,False,False,False,False,0,Routine,False,No predefined exception
PAY-002406,INV-436497,2025-04-25,2025-26,2025-04,Digital Government,V0057,Supplier 057,IT Hardware,Invitational,PO-43748,2235.72,Yes,EFT,False,False,False,False,False,False,False,False,0,Routine,False,No predefined exception
PAY-001451,INV-346301,2025-04-26,2025-26,2025-04,Natural Resources,V0010,Supplier 010,Building Maintenance,Standing Offer,PO-39272,719.51,Yes,EFT,False,False,False,False,False,False,False,False,0,Routine,False,No predefined exception
PAY-002203,INV-330168,2025-04-26,2025-26,2025-04,Justice & Public Safety,V0024,Supplier 024,Software & Licensing,Open Competition,PO-91059,4610.35,Yes,EFT,False,False,False,False,False,False,False,False,0,Routine,False,No predefined exception
PAY-002062,INV-493145,2025-04-26,2025-26,2025-04,Transportation & Infrastructure,V0037,Supplier 037,Construction Services,Open Competition,PO-10645,2321.11,Yes,EFT,False,False,False,False,False,False,False,False,0,Routine,False,No predefined exception
PAY-000978,INV-301893,2025-04-26,2025-26,2025-04,Education,V0072,Supplier 072,Software & Licensing,Standing Offer,PO-16258,3036.04,Yes,EFT,False,False,False,False,False,False,False,False,0,Routine,False,No predefined exception
PAY-000873,INV-180674,2025-04-26,2025-26,2025-04,Municipal Services,V0012,Supplier 012,Office Supplies,Standing Offer,PO-14789,17310.09,Yes,Cheque,False,False,False,False,True,False,False,False,2,Moderate,True,Statistical amount outlier
PAY-000376,INV-955876,2025-04-26,2025-26,2025-04,Health Services,V0063,Supplier 063,Training,Open Competition,PO-64354,1482.83,Yes,EFT,False,False,False,False,False,False,False,False,0,Routine,False,No predefined exception
PAY-001721,INV-162119,2025-04-26,2025-26,2025-04,Education,V0011,Supplier 011,Construction Services,Standing Offer,PO-69617,3193.28,Yes,Cheque,False,False,False,False,False,False,False,False,0,Routine,False,No predefined exception
PAY-001767,INV-510259,2025-04-27,2025-26,2025-04,Transportation & Infrastructure,V0069,Supplier 069,Training,Sole Source,PO-62515,735.28,Yes,EFT,False,False,False,False,False,False,False,False,0,Routine,False,No predefined exception
PAY-002164,INV-505123,2025-04-27,2025-26,2025-04,Municipal Services,V0068,Supplier 068,Transportation Services,Invitational,PO-99843,689.68,Yes,EFT,False,False,False,False,False,False,False,False,0,Routine,False,No predefined exception
PAY-002283,INV-281446,2025-04-27,2025-26,2025-04,Municipal Services,V0050,Supplier 050,Professional Services,Standing Offer,PO-22022,2048.18,Yes,EFT,False,False,False,False,False,False,False,False,0,Routine,False,No predefined exception
PAY-001736,INV-338178,2025-04-27,2025-26,2025-04,Education,V0011,Supplier 011,Software & Licensing,Open Competition,PO-25322,1698.38,Yes,EFT,False,False,False,False,False,False,False,False,0,Routine,False,No predefined exception
PAY-001759,INV-921939,2025-04-27,2025-26,2025-04,Education,V0003,Supplier 003,Transportation Services,Standing Offer,PO-48635,908.79,Yes,Cheque,False,False,False,False,False,False,False,False,0,Routine,False,No predefined exception
PAY-000317,INV-353078,2025-04-27,2025-26,2025-04,Health Services,V0072,Supplier 072,Construction Services,Sole Source,PO-23594,4617.78,Yes,EFT,False,False,False,False,False,False,False,False,0,Routine,False,No predefined exception
PAY-001353,INV-596712,2025-04-27,2025-26,2025-04,Justice & Public Safety,V0040,Supplier 040,Training,Open Competition,PO-31555,3964.07,Yes,Corporate Card,False,False,False,False,False,False,False,False,0,Routine,False,No predefined exception
PAY-000697,INV-318168,2025-04-28,2025-26,2025-04,Transportation & Infrastructure,V0001,Supplier 001,Transportation Services,Standing Offer,PO-47952,3866.78,Yes,EFT,False,False,False,False,False,False,False,False,0,Routine,False,No predefined exception
PAY-000887,INV-591874,2025-04-28,2025-26,2025-04,Digital Government,V0052,Supplier 052,Construction Services,Sole Source,PO-50943,1068.65,Yes,EFT,False,False,False,False,False,False,False,False,0,Routine,False,No predefined exception
PAY-001964,INV-218637,2025-04-28,2025-26,2025-04,Justice & Public Safety,V0025,Supplier 025,Building Maintenance,Open Competition,PO-88802,4779.47,Yes,EFT,False,False,False,False,False,False,False,False,0,Routine,False,No predefined exception
PAY-000165,INV-713332,2025-04-28,2025-26,2025-04,Transportation & Infrastructure,V0069,Supplier 069,Building Maintenance,Standing Offer,PO-26722,1344.93,Yes,EFT,False,False,False,False,False,False,False,False,0,Routine,False,No predefined exception
PAY-DUP-010,INV-733609,2025-04-28,2025-26,2025-04,Transportation & Infrastructure,V0061,Supplier 061,Transportation Services,Open Competition,PO-83721,2699.88,Yes,EFT,True,False,False,False,False,False,False,False,3,Moderate,True,Potential duplicate
PAY-000110,INV-733609,2025-04-28,2025-26,2025-04,Transportation & Infrastructure,V0061,Supplier 061,Transportation Services,Open Competition,PO-83721,2699.88,Yes,EFT,True,False,False,False,False,False,False,False,3,Moderate,True,Potential duplicate
PAY-001331,INV-242003,2025-04-29,2025-26,2025-04,Education,V0061,Supplier 061,Construction Services,Standing Offer,PO-78568,3222.54,Yes,EFT,False,False,False,False,False,False,False,False,0,Routine,False,No predefined exception
PAY-001376,INV-392706,2025-04-29,2025-26,2025-04,Transportation & Infrastructure,V0068,Supplier 068,Equipment,Standing Offer,PO-51163,5579.58,Yes,EFT,False,False,False,False,False,False,False,False,0,Routine,False,No predefined exception
PAY-000615,INV-907827,2025-04-29,2025-26,2025-04,Municipal Services,V0033,Supplier 033,Building Maintenance,Open Competition,,6671.68,Yes,EFT,False,False,True,False,False,False,False,False,1,Routine,False,Missing purchase order
PAY-000150,INV-850593,2025-04-29,2025-26,2025-04,Justice & Public Safety,V0029,Supplier 029,Software & Licensing,Open Competition,PO-18652,724.39,Yes,EFT,False,False,False,False,False,False,False,False,0,Routine,False,No predefined exception
PAY-001506,INV-755152,2025-04-29,2025-26,2025-04,Justice & Public Safety,V0053,Supplier 053,Construction Services,Standing Offer,PO-49007,941.33,Yes,EFT,False,False,False,False,False,False,False,False,0,Routine,False,No predefined exception
PAY-001592,INV-381504,2025-04-29,2025-26,2025-04,Municipal Services,V0068,Supplier 068,Building Maintenance,Open Competition,PO-58968,3044.14,Yes,EFT,False,False,False,False,False,False,False,False,0,Routine,False,No predefined exception
PAY-001153,INV-161192,2025-04-29,2025-26,2025-04,Justice & Public Safety,V0047,Supplier 047,Construction Services,Standing Offer,PO-53758,5289.82,Yes,EFT,False,False,False,False,False,False,False,False,0,Routine,False,No predefined exception
PAY-001716,INV-561823,2025-04-29,2025-26,2025-04,Digital Government,V0036,Supplier 036,Office Supplies,Open Competition,PO-83584,2786.54,Yes,EFT,False,False,False,False,False,False,False,False,0,Routine,False,No predefined exception
PAY-002324,INV-372827,2025-04-30,2025-26,2025-04,Digital Government,V0009,Supplier 009,Equipment,Sole Source,PO-69588,4268.5,Yes,EFT,False,False,False,False,False,False,False,False,0,Routine,False,No predefined exception
PAY-000802,INV-768779,2025-04-30,2025-26,2025-04,Natural Resources,V0007,Supplier 007,Construction Services,Standing Offer,PO-40375,3461.48,Yes,EFT,False,False,False,False,False,False,False,False,0,Routine,False,No predefined exception
PAY-002419,INV-894335,2025-05-01,2025-26,2025-05,Health Services,V0036,Supplier 036,Software & Licensing,Open Competition,PO-43095,11009.3,Yes,EFT,False,False,False,False,True,False,False,False,2,Moderate,True,Statistical amount outlier
PAY-001657,INV-670178,2025-05-01,2025-26,2025-05,Transportation & Infrastructure,V0013,Supplier 013,Software & Licensing,Sole Source,PO-35251,1394.2,Yes,Corporate Card,False,False,False,False,False,False,False,False,0,Routine,False,No predefined exception
PAY-001801,INV-728935,2025-05-02,2025-26,2025-05,Transportation & Infrastructure,V0079,Supplier 079,Software & Licensing,Open Competition,PO-16959,3532.22,Yes,EFT,False,False,False,False,False,False,False,False,0,Routine,False,No predefined exception
PAY-001221,INV-364395,2025-05-02,2025-26,2025-05,Education,V0075,Supplier 075,Transportation Services,Standing Offer,PO-35343,1168.67,Yes,EFT,False,False,False,False,False,False,False,False,0,Routine,False,No predefined exception
PAY-000115,INV-565417,2025-05-03,2025-26,2025-05,Health Services,V0023,Supplier 023,Office Supplies,Open Competition,PO-67254,2017.97,Yes,EFT,False,False,False,False,False,False,False,False,0,Routine,False,No predefined exception
PAY-000508,INV-771088,2025-05-03,2025-26,2025-05,Education,,,Office Supplies,Open Competition,PO-86516,5255.0,Yes,EFT,False,True,False,False,False,False,False,False,2,Moderate,True,Missing vendor information
PAY-001717,INV-116939,2025-05-03,2025-26,2025-05,Municipal Services,V0054,Supplier 054,Building Maintenance,Invitational,PO-54659,1023.36,Yes,EFT,False,False,False,False,False,False,False,False,0,Routine,False,No predefined exception
PAY-000306,INV-409732,2025-05-03,2025-26,2025-05,Justice & Public Safety,V0026,Supplier 026,Training,Open Competition,PO-28262,3704.65,Yes,EFT,False,False,False,False,False,False,False,False,0,Routine,False,No predefined exception
PAY-001344,INV-408838,2025-05-04,2025-26,2025-05,Municipal Services,V0023,Supplier 023,Software & Licensing,Standing Offer,PO-34379,8929.69,Yes,EFT,False,False,False,False,False,False,False,False,0,Routine,False,No predefined exception
PAY-000815,INV-591638,2025-05-04,2025-26,2025-05,Transportation & Infrastructure,V0022,Supplier 022,Equipment,Open Competition,PO-14953,7183.18,Yes,EFT,False,False,False,False,False,False,False,False,0,Routine,False,No predefined exception
PAY-000762,INV-762727,2025-05-04,2025-26,2025-05,Digital Government,V0007,Supplier 007,Training,Open Competition,PO-69937,4794.15,Yes,EFT,False,False,False,False,False,False,False,False,0,Routine,False,No predefined exception
PAY-001496,INV-661548,2025-05-04,2025-26,2025-05,Education,V0054,Supplier 054,Software & Licensing,Open Competition,PO-89544,2570.36,Yes,EFT,False,False,False,False,False,False,False,False,0,Routine,False,No predefined exception
PAY-000855,INV-847465,2025-05-04,2025-26,2025-05,Education,V0061,Supplier 061,Construction Services,Open Competition,PO-53781,4163.81,Yes,Cheque,False,False,False,False,False,False,False,False,0,Routine,False,No predefined exception
PAY-000524,INV-407124,2025-05-05,2025-26,2025-05,Natural Resources,V0076,Supplier 076,IT Hardware,Invitational,PO-55048,795.62,Yes,EFT,False,False,False,False,False,False,False,False,0,Routine,False,No predefined exception
PAY-000709,INV-717736,2025-05-05,2025-26,2025-05,Digital Government,V0007,Supplier 007,Office Supplies,Open Competition,PO-37279,4127.84,No,EFT,False,False,False,False,False,False,False,True,3,Moderate,True,Approval exception
PAY-000124,INV-991659,2025-05-05,2025-26,2025-05,Digital Government,V0044,Supplier 044,IT Hardware,Open Competition,PO-87042,1049.67,Yes,EFT,False,False,False,False,False,False,False,False,0,Routine,False,No predefined exception
PAY-001901,INV-658086,2025-05-05,2025-26,2025-05,Justice & Public Safety,V0040,Supplier 040,IT Hardware,Standing Offer,PO-22304,2802.01,Yes,EFT,False,False,False,False,False,False,False,False,0,Routine,False,No predefined exception
PAY-001028,INV-728889,2025-05-05,2025-26,2025-05,Municipal Services,V0026,Supplier 026,Software & Licensing,Invitational,PO-39577,3494.04,Yes,EFT,False,False,False,False,False,False,False,False,0,Routine,False,No predefined exception
PAY-002013,INV-108314,2025-05-05,2025-26,2025-05,Justice & Public Safety,V0004,Supplier 004,Transportation Services,Standing Offer,PO-74236,1152.35,Yes,EFT,False,False,False,False,False,False,False,False,0,Routine,False,No predefined exception
PAY-000059,INV-321421,2025-05-05,2025-26,2025-05,Natural Resources,V0035,Supplier 035,Construction Services,Open Competition,PO-72309,1429.77,Yes,EFT,False,False,False,False,False,False,False,False,0,Routine,False,No predefined exception
PAY-000327,INV-383816,2025-05-05,2025-26,2025-05,Transportation & Infrastructure,V0054,Supplier 054,Office Supplies,Open Competition,PO-55530,1599.7,Yes,EFT,False,False,False,False,False,False,False,False,0,Routine,False,No predefined exception
PAY-002268,INV-513151,2025-05-06,2025-26,2025-05,Natural Resources,V0042,Supplier 042,Training,Sole Source,PO-48126,3895.24,Yes,Cheque,False,False,False,False,False,False,False,False,0,Routine,False,No predefined exception
PAY-001397,INV-992017,2025-05-06,2025-26,2025-05,Transportation & Infrastructure,V0007,Supplier 007,Construction Services,Open Competition,PO-82714,833.96,Yes,EFT,False,False,False,False,False,False,False,False,0,Routine,False,No predefined exception
PAY-001286,INV-360102,2025-05-06,2025-26,2025-05,Health Services,V0047,Supplier 047,Construction Services,Open Competition,PO-91085,1912.61,Yes,Cheque,False,False,False,False,False,False,False,False,0,Routine,False,No predefined exception
PAY-000546,INV-599730,2025-05-06,2025-26,2025-05,Digital Government,V0006,Supplier 006,Office Supplies,Standing Offer,PO-94293,766.79,Yes,EFT,False,False,False,False,False,False,False,False,0,Routine,False,No predefined exception
PAY-002190,INV-626701,2025-05-06,2025-26,2025-05,Transportation & Infrastructure,V0051,Supplier 051,Software & Licensing,Standing Offer,PO-83058,1928.63,Yes,EFT,False,False,False,False,False,False,False,False,0,Routine,False,No predefined exception
PAY-002309,INV-468987,2025-05-06,2025-26,2025-05,Municipal Services,V0051,Supplier 051,Equipment,Open Competition,PO-96352,3988.6,Yes,EFT,False,False,False,False,False,False,False,False,0,Routine,False,No predefined exception
PAY-000151,INV-495783,2025-05-06,2025-26,2025-05,Education,V0026,Supplier 026,Professional Services,Open Competition,PO-40530,4260.47,Yes,EFT,False,False,False,False,False,False,False,False,0,Routine,False,No predefined exception
PAY-000382,INV-747364,2025-05-06,2025-26,2025-05,Justice & Public Safety,V0032,Supplier 032,Office Supplies,Open Competition,PO-71338,1440.56,Yes,EFT,False,False,False,False,False,False,False,False,0,Routine,False,No predefined exception
PAY-001692,INV-349495,2025-05-07,2025-26,2025-05,Education,V0078,Supplier 078,Building Maintenance,Invitational,,1905.91,Yes,EFT,False,False,True,False,False,False,False,False,1,Routine,False,Missing purchase order
PAY-000338,INV-653375,2025-05-07,2025-26,2025-05,Transportation & Infrastructure,V0054,Supplier 054,IT Hardware,Open Competition,PO-67805,2085.4,Yes,EFT,False,False,False,False,False,False,False,False,0,Routine,False,No predefined exception
PAY-001893,INV-821754,2025-05-07,2025-26,2025-05,Natural Resources,V0060,Supplier 060,Professional Services,Standing Offer,PO-35673,2441.09,Yes,EFT,False,False,False,False,False,False,False,False,0,Routine,False,No predefined exception
PAY-000552,INV-615578,2025-05-07,2025-26,2025-05,Digital Government,V0012,Supplier 012,IT Hardware,Open Competition,PO-83693,1089.23,Yes,EFT,False,False,False,False,False,False,False,False,0,Routine,False,No predefined exception
PAY-000268,INV-258761,2025-05-07,2025-26,2025-05,Justice & Public Safety,V0021,Supplier 021,Professional Services,Invitational,PO-93176,6654.79,Yes,EFT,False,False,False,False,False,False,False,False,0,Routine,False,No predefined exception
PAY-001609,INV-506491,2025-05-07,2025-26,2025-05,Education,V0074,Supplier 074,Equipment,Open Competition,PO-17186,807.01,Yes,EFT,False,False,False,False,False,False,False,False,0,Routine,False,No predefined exception
PAY-001084,INV-481116,2025-05-08,2025-26,2025-05,Municipal Services,V0036,Supplier 036,Building Maintenance,Open Competition,PO-82176,408.38,Yes,EFT,False,False,False,False,False,False,False,False,0,Routine,False,No predefined exception
PAY-001604,INV-930679,2025-05-08,2025-26,2025-05,Natural Resources,V0048,Supplier 048,Equipment,Open Competition,PO-98641,2864.05,Yes,Corporate Card,False,False,False,False,False,False,False,False,0,Routine,False,No predefined exception
PAY-002344,INV-660139,2025-05-08,2025-26,2025-05,Health Services,V0026,Supplier 026,Construction Services,Invitational,PO-83983,5191.65,Yes,EFT,False,False,False,False,False,False,False,False,0,Routine,False,No predefined exception
PAY-000996,INV-173313,2025-05-08,2025-26,2025-05,Justice & Public Safety,V0071,Supplier 071,Training,Open Competition,PO-47345,4974.02,Yes,EFT,False,False,False,False,False,False,False,False,0,Routine,False,No predefined exception
PAY-001018,INV-165030,2025-05-08,2025-26,2025-05,Transportation & Infrastructure,V0008,Supplier 008,Training,Sole Source,PO-57032,854.04,Yes,EFT,False,False,False,False,False,False,False,False,0,Routine,False,No predefined exception
PAY-000311,INV-137860,2025-05-08,2025-26,2025-05,Natural Resources,V0060,Supplier 060,Transportation Services,Open Competition,PO-70992,3180.94,Yes,EFT,False,False,False,False,False,False,False,False,0,Routine,False,No predefined exception
PAY-001127,INV-779930,2025-05-08,2025-26,2025-05,Natural Resources,V0002,Supplier 002,Equipment,Standing Offer,PO-64848,1104.27,Yes,EFT,False,False,False,False,False,False,False,False,0,Routine,False,No predefined exception
PAY-001485,INV-497111,2025-05-09,2025-26,2025-05,Education,V0044,Supplier 044,IT Hardware,Open Competition,PO-22491,8120.24,Yes,EFT,False,False,False,False,False,False,False,False,0,Routine,False,No predefined exception
PAY-000638,INV-985733,2025-05-09,2025-26,2025-05,Municipal Services,V0016,Supplier 016,Software & Licensing,Standing Offer,PO-22029,1904.92,Yes,EFT,False,False,False,False,False,False,False,False,0,Routine,False,No predefined exception
PAY-001504,INV-782171,2025-05-09,2025-26,2025-05,Digital Government,V0039,Supplier 039,Software & Licensing,Sole Source,PO-78300,1263.72,Yes,EFT,False,False,False,False,False,False,False,False,0,Routine,False,No predefined exception
PAY-002033,INV-228692,2025-05-09,2025-26,2025-05,Education,V0065,Supplier 065,Professional Services,Open Competition,PO-21598,536.38,Yes,EFT,False,False,False,False,False,False,False,False,0,Routine,False,No predefined exception
PAY-000586,INV-654661,2025-05-09,2025-26,2025-05,Justice & Public Safety,V0055,Supplier 055,Training,Open Competition,PO-61090,5058.34,Yes,EFT,False,False,False,False,False,False,False,False,0,Routine,False,No predefined exception
PAY-000766,INV-413732,2025-05-09,2025-26,2025-05,Health Services,V0007,Supplier 007,Transportation Services,Open Competition,PO-96704,2491.48,Yes,EFT,False,False,False,False,False,False,False,False,0,Routine,False,No predefined exception
PAY-001416,INV-820882,2025-05-09,2025-26,2025-05,Natural Resources,V0064,Supplier 064,Transportation Services,Sole Source,PO-26035,2268.82,Yes,EFT,False,False,False,False,False,False,False,False,0,Routine,False,No predefined exception
PAY-001072,INV-176478,2025-05-09,2025-26,2025-05,Digital Government,V0037,Supplier 037,Office Supplies,Open Competition,PO-40601,279.87,Yes,EFT,False,False,False,False,False,False,False,False,0,Routine,False,No predefined exception
PAY-000373,INV-286720,2025-05-09,2025-26,2025-05,Digital Government,V0063,Supplier 063,Equipment,Invitational,PO-21391,852.05,Yes,EFT,False,False,False,False,False,False,False,False,0,Routine,False,No predefined exception
PAY-002184,INV-625122,2025-05-09,2025-26,2025-05,Health Services,V0061,Supplier 061,Professional Services,Open Competition,PO-19382,2491.14,Yes,EFT,False,False,False,False,False,False,False,False,0,Routine,False,No predefined exception
PAY-001662,INV-907040,2025-05-09,2025-26,2025-05,Digital Government,V0031,Supplier 031,Training,Open Competition,PO-90823,1256.75,Yes,EFT,False,False,False,False,False,False,False,False,0,Routine,False,No predefined exception
PAY-000250,INV-237799,2025-05-09,2025-26,2025-05,Natural Resources,V0057,Supplier 057,Equipment,Standing Offer,PO-69347,6164.21,Yes,EFT,False,False,False,False,False,False,False,False,0,Routine,False,No predefined exception
PAY-001726,INV-367201,2025-05-09,2025-26,2025-05,Health Services,V0003,Supplier 003,IT Hardware,Standing Offer,PO-93857,7336.23,Yes,EFT,False,False,False,False,False,False,False,False,0,Routine,False,No predefined exception
PAY-000477,INV-701648,2025-05-09,2025-26,2025-05,Transportation & Infrastructure,V0021,Supplier 021,Equipment,Open Competition,PO-87737,299.74,Yes,EFT,False,False,False,False,False,False,False,False,0,Routine,False,No predefined exception
PAY-001626,INV-195335,2025-05-10,2025-26,2025-05,Natural Resources,V0047,Supplier 047,IT Hardware,Standing Offer,PO-47924,3124.5,Yes,EFT,False,False,False,False,False,False,False,False,0,Routine,False,No predefined exception
PAY-001321,INV-930997,2025-05-10,2025-26,2025-05,Transportation & Infrastructure,V0008,Supplier 008,Office Supplies,Standing Offer,PO-29612,2549.65,Yes,EFT,False,False,False,False,False,False,False,False,0,Routine,False,No predefined exception
PAY-002453,INV-805321,2025-05-10,2025-26,2025-05,Digital Government,V0014,Supplier 014,Software & Licensing,Standing Offer,PO-69234,1684.4,Yes,EFT,False,False,False,False,False,False,False,False,0,Routine,False,No predefined exception
PAY-001937,INV-115385,2025-05-10,2025-26,2025-05,Transportation & Infrastructure,V0031,Supplier 031,Office Supplies,Sole Source,PO-47948,4252.32,Yes,EFT,False,False,False,False,False,False,False,False,0,Routine,False,No predefined exception
PAY-001624,INV-628269,2025-05-10,2025-26,2025-05,Digital Government,V0075,Supplier 075,Building Maintenance,Open Competition,PO-62546,654.2,Yes,EFT,False,False,False,False,False,False,False,False,0,Routine,False,No predefined exception
PAY-001615,INV-302821,2025-05-10,2025-26,2025-05,Justice & Public Safety,V0062,Supplier 062,Training,Open Competition,PO-41358,1708.7,Yes,EFT,False,False,False,False,False,False,False,False,0,Routine,False,No predefined exception
PAY-001599,INV-368933,2025-05-10,2025-26,2025-05,Municipal Services,V0046,Supplier 046,Equipment,Sole Source,PO-64984,2252.58,Yes,EFT,False,False,False,False,False,False,False,False,0,Routine,False,No predefined exception
PAY-000109,INV-129709,2025-05-11,2025-26,2025-05,Natural Resources,V0029,Supplier 029,Building Maintenance,Standing Offer,PO-43469,2687.3,Yes,EFT,True,False,False,False,False,False,False,False,3,Moderate,True,Potential duplicate
PAY-000091,INV-362678,2025-05-11,2025-26,2025-05,Education,V0071,Supplier 071,Training,Standing Offer,PO-34717,800.97,Yes,EFT,False,False,False,False,False,False,False,False,0,Routine,False,No predefined exception
PAY-001849,INV-711868,2025-05-11,2025-26,2025-05,Natural Resources,V0038,Supplier 038,Transportation Services,Standing Offer,PO-70388,1809.02,Yes,EFT,False,False,False,False,False,False,False,False,0,Routine,False,No predefined exception
PAY-001952,INV-573319,2025-05-11,2025-26,2025-05,Education,V0002,Supplier 002,Construction Services,Open Competition,PO-46645,800.7,Yes,EFT,False,False,False,False,False,False,False,False,0,Routine,False,No predefined exception
PAY-000700,INV-211825,2025-05-11,2025-26,2025-05,Digital Government,V0047,Supplier 047,Office Supplies,Open Competition,PO-78334,986.16,Yes,EFT,False,False,False,False,False,False,False,False,0,Routine,False,No predefined exception
PAY-DUP-009,INV-129709,2025-05-11,2025-26,2025-05,Natural Resources,V0029,Supplier 029,Building Maintenance,Standing Offer,PO-43469,2687.3,Yes,EFT,True,False,False,False,False,False,False,False,3,Moderate,True,Potential duplicate
PAY-001811,INV-157196,2025-05-11,2025-26,2025-05,Justice & Public Safety,V0031,Supplier 031,Equipment,Standing Offer,PO-91839,5921.94,Yes,EFT,False,False,False,False,False,False,False,False,0,Routine,False,No predefined exception
PAY-001343,INV-124363,2025-05-11,2025-26,2025-05,Digital Government,V0006,Supplier 006,Equipment,Open Competition,PO-94436,4487.69,Yes,EFT,False,False,False,False,False,False,False,False,0,Routine,False,No predefined exception
PAY-002264,INV-908062,2025-05-12,2025-26,2025-05,Justice & Public Safety,V0074,Supplier 074,Professional Services,Open Competition,PO-14983,4019.51,Yes,EFT,False,False,False,False,False,False,False,False,0,Routine,False,No predefined exception
PAY-001077,INV-594527,2025-05-12,2025-26,2025-05,Education,V0060,Supplier 060,Building Maintenance,Invitational,PO-69131,7821.0,Yes,EFT,False,False,False,False,False,False,False,False,0,Routine,False,No predefined exception
PAY-001341,INV-277763,2025-05-12,2025-26,2025-05,Health Services,V0043,Supplier 043,Professional Services,Open Competition,PO-79745,678.61,Yes,EFT,False,False,False,False,False,False,False,False,0,Routine,False,No predefined exception
PAY-002253,INV-297345,2025-05-12,2025-26,2025-05,Natural Resources,V0010,Supplier 010,Training,Invitational,PO-92307,2686.17,Yes,EFT,False,False,False,False,False,False,False,False,0,Routine,False,No predefined exception
PAY-001414,INV-879533,2025-05-12,2025-26,2025-05,Health Services,V0029,Supplier 029,Professional Services,Open Competition,PO-96967,9289.6,Yes,EFT,False,False,False,False,True,False,False,False,2,Moderate,True,Statistical amount outlier
PAY-001052,INV-418174,2025-05-12,2025-26,2025-05,Municipal Services,V0054,Supplier 054,Professional Services,Open Competition,PO-49550,7702.72,Yes,EFT,False,False,False,False,False,False,False,False,0,Routine,False,No predefined exception
PAY-000589,INV-332931,2025-05-12,2025-26,2025-05,Digital Government,V0052,Supplier 052,Software & Licensing,Open Competition,PO-77002,5609.63,Yes,EFT,False,False,False,False,False,False,False,False,0,Routine,False,No predefined exception
PAY-002372,INV-396412,2025-05-12,2025-26,2025-05,Municipal Services,V0077,Supplier 077,Training,Sole Source,PO-42291,3222.85,Yes,EFT,False,False,False,False,False,False,False,False,0,Routine,False,No predefined exception
PAY-000137,INV-121584,2025-05-12,2025-26,2025-05,Health Services,V0080,Supplier 080,Software & Licensing,Open Competition,PO-86803,1702.07,Yes,EFT,False,False,False,False,False,False,False,False,0,Routine,False,No predefined exception
PAY-000516,INV-711796,2025-05-13,2025-26,2025-05,Transportation & Infrastructure,V0059,Supplier 059,Construction Services,Open Competition,PO-38735,6445.75,Yes,EFT,False,False,False,False,False,False,False,False,0,Routine,False,No predefined exception
PAY-002426,INV-766220,2025-05-13,2025-26,2025-05,Health Services,V0045,Supplier 045,IT Hardware,Standing Offer,PO-68204,2888.45,No,EFT,False,False,False,False,False,False,False,True,3,Moderate,True,Approval exception
PAY-000821,INV-440281,2025-05-13,2025-26,2025-05,Justice & Public Safety,V0071,Supplier 071,Construction Services,Open Competition,PO-31529,2194.87,Yes,EFT,False,False,False,False,False,False,False,False,0,Routine,False,No predefined exception
PAY-002141,INV-617473,2025-05-13,2025-26,2025-05,Natural Resources,V0011,Supplier 011,IT Hardware,Open Competition,,2630.12,Yes,Cheque,False,False,True,False,False,False,False,False,1,Routine,False,Missing purchase order
PAY-000071,INV-447186,2025-05-14,2025-26,2025-05,Health Services,V0077,Supplier 077,IT Hardware,Open Competition,PO-73389,735.44,Yes,Cheque,False,False,False,False,False,False,False,False,0,Routine,False,No predefined exception
PAY-001999,INV-260014,2025-05-14,2025-26,2025-05,Health Services,V0040,Supplier 040,Transportation Services,Standing Offer,PO-11660,593.34,Yes,EFT,False,False,False,False,False,False,False,False,0,Routine,False,No predefined exception
PAY-000517,INV-839127,2025-05-14,2025-26,2025-05,Digital Government,V0058,Supplier 058,Professional Services,Open Competition,PO-86195,2833.51,Yes,EFT,False,False,False,False,False,False,False,False,0,Routine,False,No predefined exception
PAY-000657,INV-700338,2025-05-14,2025-26,2025-05,Digital Government,V0027,Supplier 027,Construction Services,Open Competition,PO-81774,1348.91,Yes,EFT,False,False,False,False,False,False,False,False,0,Routine,False,No predefined exception
PAY-001427,INV-552115,2025-05-14,2025-26,2025-05,Digital Government,V0058,Supplier 058,Office Supplies,Open Competition,PO-80509,1836.76,Yes,Corporate Card,False,False,False,False,False,False,False,False,0,Routine,False,No predefined exception
PAY-000167,INV-382260,2025-05-14,2025-26,2025-05,Justice & Public Safety,V0008,Supplier 008,Transportation Services,Sole Source,PO-58311,671.71,Yes,EFT,False,False,False,False,False,False,False,False,0,Routine,False,No predefined exception
PAY-001643,INV-962839,2025-05-15,2025-26,2025-05,Health Services,V0053,Supplier 053,IT Hardware,Open Competition,PO-65636,4796.35,Yes,EFT,False,False,False,False,False,False,False,False,0,Routine,False,No predefined exception
PAY-001654,INV-296936,2025-05-15,2025-26,2025-05,Transportation & Infrastructure,V0051,Supplier 051,Training,Standing Offer,PO-97284,2313.41,Yes,EFT,False,False,False,False,False,False,False,False,0,Routine,False,No predefined exception
PAY-000161,INV-503708,2025-05-15,2025-26,2025-05,Municipal Services,V0041,Supplier 041,Equipment,Open Competition,PO-69053,4065.5,Yes,EFT,False,False,False,False,False,False,False,False,0,Routine,False,No predefined exception
PAY-001672,INV-551989,2025-05-16,2025-26,2025-05,Education,V0001,Supplier 001,Equipment,Open Competition,PO-89429,1761.8,Yes,EFT,False,False,False,False,False,False,False,False,0,Routine,False,No predefined exception
PAY-000708,INV-815003,2025-05-16,2025-26,2025-05,Justice & Public Safety,V0007,Supplier 007,Training,Standing Offer,PO-97705,12352.63,Yes,EFT,False,False,False,False,True,False,False,False,2,Moderate,True,Statistical amount outlier
PAY-001775,INV-711650,2025-05-16,2025-26,2025-05,Health Services,V0016,Supplier 016,Construction Services,Invitational,PO-59572,2494.5,Yes,EFT,False,False,False,False,False,False,False,False,0,Routine,False,No predefined exception
PAY-001366,INV-625825,2025-05-16,2025-26,2025-05,Municipal Services,V0051,Supplier 051,Building Maintenance,Open Competition,PO-40352,7059.87,Yes,EFT,False,False,False,False,False,False,False,False,0,Routine,False,No predefined exception
PAY-001813,INV-944326,2025-05-16,2025-26,2025-05,Health Services,V0027,Supplier 027,Transportation Services,Open Competition,PO-43218,761.78,Yes,EFT,False,False,False,False,False,False,False,False,0,Routine,False,No predefined exception
PAY-000854,INV-149476,2025-05-16,2025-26,2025-05,Education,V0047,Supplier 047,Office Supplies,Open Competition,PO-10063,1125.76,Yes,EFT,False,False,False,False,False,False,False,False,0,Routine,False,No predefined exception
PAY-000334,INV-680222,2025-05-16,2025-26,2025-05,Education,V0039,Supplier 039,Transportation Services,Standing Offer,PO-44902,1602.49,Yes,EFT,False,False,False,False,False,False,False,False,0,Routine,False,No predefined exception
PAY-000862,INV-693411,2025-05-17,2025-26,2025-05,Natural Resources,V0020,Supplier 020,Office Supplies,Open Competition,PO-46036,5318.09,Yes,EFT,False,False,False,False,False,False,False,False,0,Routine,False,No predefined exception
PAY-001109,INV-109472,2025-05-17,2025-26,2025-05,Natural Resources,V0002,Supplier 002,Software & Licensing,Sole Source,PO-84783,55445.96,Yes,EFT,False,False,False,False,True,True,False,False,4,Higher,True,Statistical amount outlier; Higher-value sole-source transaction
PAY-001565,INV-567310,2025-05-17,2025-26,2025-05,Education,V0050,Supplier 050,Software & Licensing,Open Competition,PO-18484,2897.17,Yes,EFT,False,False,False,False,False,False,False,False,0,Routine,False,No predefined exception
PAY-000471,INV-829520,2025-05-17,2025-26,2025-05,Transportation & Infrastructure,V0025,Supplier 025,IT Hardware,Open Competition,,7241.02,Yes,EFT,False,False,True,False,False,False,False,False,1,Routine,False,Missing purchase order
PAY-001452,INV-397073,2025-05-17,2025-26,2025-05,Justice & Public Safety,V0051,Supplier 051,Office Supplies,Open Competition,PO-45109,1317.17,Yes,EFT,False,False,False,False,False,False,False,False,0,Routine,False,No predefined exception
PAY-002197,INV-600850,2025-05-17,2025-26,2025-05,Natural Resources,V0065,Supplier 065,Professional Services,Open Competition,PO-85885,3307.61,Yes,EFT,False,False,False,False,False,False,False,False,0,Routine,False,No predefined exception
PAY-000991,INV-204672,2025-05-17,2025-26,2025-05,Health Services,V0013,Supplier 013,Transportation Services,Open Competition,PO-26104,1570.42,Yes,EFT,False,False,False,False,False,False,False,False,0,Routine,False,No predefined exception
PAY-000673,INV-801458,2025-05-17,2025-26,2025-05,Natural Resources,V0007,Supplier 007,Construction Services,Open Competition,PO-18012,1089.53,Yes,EFT,False,False,False,False,False,False,False,False,0,Routine,False,No predefined exception
PAY-000422,INV-915907,2025-05-17,2025-26,2025-05,Transportation & Infrastructure,V0017,Supplier 017,Office Supplies,Open Competition,PO-35236,820.06,Yes,EFT,False,False,False,False,False,False,False,False,0,Routine,False,No predefined exception
PAY-000453,INV-823807,2025-05-18,2025-26,2025-05,Municipal Services,V0080,Supplier 080,Training,Sole Source,PO-68835,1885.21,Yes,EFT,False,False,False,False,False,False,False,False,0,Routine,False,No predefined exception
PAY-000116,INV-145689,2025-05-18,2025-26,2025-05,Digital Government,V0010,Supplier 010,IT Hardware,Invitational,PO-12214,6239.76,Yes,Cheque,False,False,False,False,False,False,False,False,0,Routine,False,No predefined exception
PAY-000870,INV-813895,2025-05-18,2025-26,2025-05,Education,V0015,Supplier 015,Professional Services,Open Competition,PO-92667,1895.84,Yes,EFT,False,False,False,False,False,False,False,False,0,Routine,False,No predefined exception
PAY-002371,INV-267558,2025-05-19,2025-26,2025-05,Health Services,V0078,Supplier 078,Building Maintenance,Open Competition,PO-75509,2692.24,Yes,EFT,False,False,False,False,False,False,False,False,0,Routine,False,No predefined exception
PAY-002279,INV-386305,2025-05-19,2025-26,2025-05,Transportation & Infrastructure,V0030,Supplier 030,Professional Services,Open Competition,PO-24066,4210.04,Yes,EFT,False,False,False,False,False,False,False,False,0,Routine,False,No predefined exception
PAY-002213,INV-574650,2025-05-19,2025-26,2025-05,Digital Government,V0014,Supplier 014,Equipment,Open Competition,PO-97659,1605.86,Yes,EFT,False,False,False,False,False,False,False,False,0,Routine,False,No predefined exception
PAY-001202,INV-983784,2025-05-19,2025-26,2025-05,Natural Resources,V0027,Supplier 027,Equipment,Sole Source,PO-65910,10370.22,Yes,EFT,False,False,False,False,True,True,False,False,4,Higher,True,Statistical amount outlier; Higher-value sole-source transaction
PAY-000030,INV-135709,2025-05-19,2025-26,2025-05,Municipal Services,V0018,Supplier 018,Professional Services,Open Competition,PO-77963,320.18,Yes,EFT,False,False,False,False,False,False,False,False,0,Routine,False,No predefined exception
PAY-002231,INV-609698,2025-05-19,2025-26,2025-05,Justice & Public Safety,V0040,Supplier 040,Equipment,Open Competition,,4285.99,Yes,EFT,False,False,True,False,False,False,False,False,1,Routine,False,Missing purchase order
PAY-001213,INV-558818,2025-05-19,2025-26,2025-05,Transportation & Infrastructure,V0067,Supplier 067,Building Maintenance,Open Competition,PO-87336,1458.08,Yes,EFT,False,False,False,False,False,False,False,False,0,Routine,False,No predefined exception
PAY-000329,INV-327693,2025-05-19,2025-26,2025-05,Education,V0042,Supplier 042,Equipment,Open Competition,PO-41772,722.98,Yes,EFT,False,False,False,False,False,False,False,False,0,Routine,False,No predefined exception
PAY-002289,INV-732088,2025-05-20,2025-26,2025-05,Natural Resources,V0013,Supplier 013,Transportation Services,Open Competition,PO-70850,1248.36,Yes,Corporate Card,False,False,False,False,False,False,False,False,0,Routine,False,No predefined exception
PAY-002218,INV-410258,2025-05-20,2025-26,2025-05,Natural Resources,V0064,Supplier 064,Construction Services,Open Competition,PO-12039,2295.66,Yes,EFT,False,False,False,False,False,False,False,False,0,Routine,False,No predefined exception
PAY-001917,INV-967461,2025-05-20,2025-26,2025-05,Transportation & Infrastructure,V0071,Supplier 071,Office Supplies,Open Competition,PO-85547,9288.28,Yes,EFT,False,False,False,False,True,False,False,False,2,Moderate,True,Statistical amount outlier
PAY-001769,INV-502968,2025-05-20,2025-26,2025-05,Municipal Services,V0014,Supplier 014,Transportation Services,Open Competition,PO-68677,1180.53,Yes,EFT,False,False,False,False,False,False,False,False,0,Routine,False,No predefined exception
PAY-000062,INV-875359,2025-05-20,2025-26,2025-05,Education,V0028,Supplier 028,Equipment,Open Competition,PO-84607,3413.95,Yes,EFT,False,False,False,False,False,False,False,False,0,Routine,False,No predefined exception
PAY-000314,INV-623225,2025-05-21,2025-26,2025-05,Digital Government,V0052,Supplier 052,Training,Invitational,PO-20070,2843.28,Yes,EFT,False,False,False,False,False,False,False,False,0,Routine,False,No predefined exception
PAY-000805,INV-727907,2025-05-21,2025-26,2025-05,Health Services,V0051,Supplier 051,Software & Licensing,Open Competition,,7808.66,Yes,EFT,False,False,True,False,False,False,False,False,1,Routine,False,Missing purchase order
PAY-001152,INV-485007,2025-05-21,2025-26,2025-05,Natural Resources,V0017,Supplier 017,Office Supplies,Open Competition,PO-61450,4058.46,Yes,EFT,False,False,False,False,False,False,False,False,0,Routine,False,No predefined exception
PAY-000037,INV-586121,2025-05-21,2025-26,2025-05,Natural Resources,V0041,Supplier 041,Office Supplies,Invitational,PO-47729,2264.96,Yes,EFT,False,False,False,False,False,False,False,False,0,Routine,False,No predefined exception
PAY-002155,INV-286278,2025-05-21,2025-26,2025-05,Health Services,V0006,Supplier 006,Office Supplies,Standing Offer,PO-45416,599.26,Yes,EFT,False,False,False,False,False,False,False,False,0,Routine,False,No predefined exception
PAY-000757,INV-925854,2025-05-21,2025-26,2025-05,Digital Government,V0007,Supplier 007,Training,Sole Source,PO-57543,5592.97,Yes,EFT,False,False,False,False,False,False,False,False,0,Routine,False,No predefined exception
PAY-000395,INV-862277,2025-05-21,2025-26,2025-05,Education,V0047,Supplier 047,IT Hardware,Standing Offer,PO-47208,15552.5,Yes,EFT,False,False,False,False,True,False,False,False,2,Moderate,True,Statistical amount outlier
PAY-001263,INV-923265,2025-05-21,2025-26,2025-05,Education,V0063,Supplier 063,Building Maintenance,Invitational,PO-27191,1632.44,Yes,EFT,False,False,False,False,False,False,False,False,0,Routine,False,No predefined exception
PAY-000841,INV-750332,2025-05-21,2025-26,2025-05,Natural Resources,V0004,Supplier 004,Professional Services,Open Competition,PO-60660,468.35,Yes,EFT,False,False,False,False,False,False,False,False,0,Routine,False,No predefined exception
PAY-000143,INV-880594,2025-05-22,2025-26,2025-05,Education,V0024,Supplier 024,Equipment,Open Competition,PO-13646,3534.34,Yes,EFT,False,False,False,False,False,False,False,False,0,Routine,False,No predefined exception
PAY-001545,INV-503666,2025-05-22,2025-26,2025-05,Health Services,V0060,Supplier 060,Professional Services,Open Competition,PO-45860,1869.96,Yes,EFT,False,False,False,False,False,False,False,False,0,Routine,False,No predefined exception
PAY-000576,INV-607656,2025-05-22,2025-26,2025-05,Digital Government,V0080,Supplier 080,Transportation Services,Standing Offer,,1631.08,Yes,EFT,False,False,True,False,False,False,False,False,1,Routine,False,Missing purchase order
PAY-002163,INV-497797,2025-05-22,2025-26,2025-05,Education,V0027,Supplier 027,Equipment,Open Competition,PO-60212,12210.51,Yes,EFT,False,False,False,False,True,False,False,False,2,Moderate,True,Statistical amount outlier
PAY-000198,INV-566836,2025-05-22,2025-26,2025-05,Justice & Public Safety,V0052,Supplier 052,Building Maintenance,Invitational,PO-32247,2483.38,Yes,Cheque,False,False,False,False,False,False,False,False,0,Routine,False,No predefined exception
PAY-000216,INV-675770,2025-05-23,2025-26,2025-05,Justice & Public Safety,V0023,Supplier 023,Equipment,Invitational,PO-74881,9900.0,Yes,EFT,False,False,False,True,True,False,False,False,4,Higher,True,Near hypothetical threshold; Statistical amount outlier
PAY-000413,INV-317394,2025-05-23,2025-26,2025-05,Health Services,V0025,Supplier 025,Construction Services,Open Competition,PO-40519,2607.3,Yes,EFT,False,False,False,False,False,False,False,False,0,Routine,False,No predefined exception
PAY-001303,INV-282047,2025-05-23,2025-26,2025-05,Health Services,V0032,Supplier 032,Transportation Services,Open Competition,PO-50573,2220.6,Yes,EFT,False,False,False,False,False,False,False,False,0,Routine,False,No predefined exception
PAY-000749,INV-520661,2025-05-23,2025-26,2025-05,Transportation & Infrastructure,V0007,Supplier 007,Professional Services,Open Competition,PO-29589,4947.47,Yes,EFT,False,False,False,False,False,False,False,False,0,Routine,False,No predefined exception
PAY-000817,INV-657765,2025-05-23,2025-26,2025-05,Digital Government,V0051,Supplier 051,Equipment,Standing Offer,PO-32016,1077.06,Yes,EFT,False,False,False,False,False,False,False,False,0,Routine,False,No predefined exception
PAY-000055,INV-472050,2025-05-23,2025-26,2025-05,Natural Resources,V0079,Supplier 079,Office Supplies,Open Competition,PO-27341,1803.07,Yes,EFT,False,False,False,False,False,False,False,False,0,Routine,False,No predefined exception
PAY-000086,INV-860330,2025-05-23,2025-26,2025-05,Justice & Public Safety,V0049,Supplier 049,Equipment,Standing Offer,PO-78089,4556.64,Yes,EFT,False,False,False,False,False,False,False,False,0,Routine,False,No predefined exception
PAY-002075,INV-405218,2025-05-23,2025-26,2025-05,Education,V0061,Supplier 061,Equipment,Open Competition,PO-63411,7680.86,Yes,EFT,False,False,False,False,False,False,False,False,0,Routine,False,No predefined exception
PAY-000582,INV-921726,2025-05-23,2025-26,2025-05,Health Services,V0058,Supplier 058,Office Supplies,Invitational,PO-49992,3906.44,No,EFT,False,False,False,False,False,False,False,True,3,Moderate,True,Approval exception
PAY-000679,INV-676250,2025-05-24,2025-26,2025-05,Education,V0040,Supplier 040,Equipment,Invitational,PO-60281,3912.58,Yes,EFT,False,False,False,False,False,False,False,False,0,Routine,False,No predefined exception
PAY-000410,INV-960380,2025-05-24,2025-26,2025-05,Transportation & Infrastructure,V0001,Supplier 001,Construction Services,Open Competition,PO-13960,4562.64,Yes,EFT,False,False,False,False,False,False,False,False,0,Routine,False,No predefined exception
PAY-000210,INV-758139,2025-05-24,2025-26,2025-05,Health Services,V0066,Supplier 066,Software & Licensing,Sole Source,PO-92138,9850.0,Yes,EFT,False,False,False,True,True,False,False,False,4,Higher,True,Near hypothetical threshold; Statistical amount outlier
PAY-000356,INV-969360,2025-05-24,2025-26,2025-05,Natural Resources,V0069,Supplier 069,Office Supplies,Standing Offer,PO-13345,175000.0,Yes,EFT,False,False,False,False,True,False,False,False,2,Moderate,True,Statistical amount outlier
PAY-001564,INV-730368,2025-05-24,2025-26,2025-05,Education,V0060,Supplier 060,Software & Licensing,Open Competition,PO-18545,2137.9,Yes,EFT,False,False,False,False,False,False,False,False,0,Routine,False,No predefined exception
PAY-001258,INV-982930,2025-05-24,2025-26,2025-05,Natural Resources,V0078,Supplier 078,Transportation Services,Standing Offer,,623.81,No,EFT,False,False,True,False,False,False,False,True,4,Higher,True,Missing purchase order; Approval exception
PAY-000774,INV-513083,2025-05-24,2025-26,2025-05,Education,V0007,Supplier 007,Training,Open Competition,PO-96462,1293.62,Yes,Corporate Card,False,False,False,False,False,False,False,False,0,Routine,False,No predefined exception
PAY-000065,INV-985259,2025-05-24,2025-26,2025-05,Digital Government,V0015,Supplier 015,Training,Standing Offer,PO-45409,4164.12,Yes,EFT,False,False,False,False,False,False,False,False,0,Routine,False,No predefined exception
PAY-000278,INV-449903,2025-05-24,2025-26,2025-05,Digital Government,V0033,Supplier 033,Training,Open Competition,PO-16453,1392.56,Yes,EFT,False,False,False,False,False,False,False,False,0,Routine,False,No predefined exception
PAY-001167,INV-169351,2025-05-25,2025-26,2025-05,Justice & Public Safety,V0052,Supplier 052,IT Hardware,Open Competition,PO-98816,1588.39,Yes,EFT,False,False,False,False,False,False,False,False,0,Routine,False,No predefined exception
PAY-001879,INV-306354,2025-05-25,2025-26,2025-05,Digital Government,V0058,Supplier 058,Construction Services,Open Competition,PO-94740,1768.82,Yes,EFT,False,False,False,False,False,False,False,False,0,Routine,False,No predefined exception
PAY-002318,INV-413651,2025-05-25,2025-26,2025-05,Justice & Public Safety,V0046,Supplier 046,Building Maintenance,Standing Offer,PO-16909,948.96,Yes,EFT,False,False,False,False,False,False,False,False,0,Routine,False,No predefined exception
PAY-001389,INV-956035,2025-05-25,2025-26,2025-05,Justice & Public Safety,V0068,Supplier 068,Professional Services,Standing Offer,PO-16704,881.95,Yes,EFT,False,False,False,False,False,False,False,False,0,Routine,False,No predefined exception
PAY-001247,INV-946334,2025-05-25,2025-26,2025-05,Natural Resources,V0018,Supplier 018,Office Supplies,Open Competition,PO-39917,4738.8,Yes,EFT,False,False,False,False,False,False,False,False,0,Routine,False,No predefined exception
PAY-000039,INV-813806,2025-05-25,2025-26,2025-05,Municipal Services,V0003,Supplier 003,Training,Standing Offer,PO-88871,2560.39,Yes,EFT,False,False,False,False,False,False,False,False,0,Routine,False,No predefined exception
PAY-001240,INV-568298,2025-05-25,2025-26,2025-05,Digital Government,V0034,Supplier 034,Equipment,Open Competition,PO-35698,17271.67,Yes,Cheque,False,False,False,False,True,False,False,False,2,Moderate,True,Statistical amount outlier
PAY-002439,INV-334975,2025-05-26,2025-26,2025-05,Education,V0078,Supplier 078,Training,Open Competition,PO-17053,2930.89,Yes,Corporate Card,False,False,False,False,False,False,False,False,0,Routine,False,No predefined exception
PAY-001623,INV-944898,2025-05-26,2025-26,2025-05,Digital Government,V0045,Supplier 045,Office Supplies,Invitational,PO-98894,10521.47,Yes,EFT,False,False,False,False,True,False,False,False,2,Moderate,True,Statistical amount outlier
PAY-000884,INV-950181,2025-05-26,2025-26,2025-05,Digital Government,V0068,Supplier 068,IT Hardware,Standing Offer,PO-31799,10314.85,Yes,EFT,False,False,False,False,True,False,False,False,2,Moderate,True,Statistical amount outlier
PAY-000866,INV-481186,2025-05-26,2025-26,2025-05,Natural Resources,V0036,Supplier 036,Construction Services,Invitational,PO-36965,6726.61,Yes,EFT,False,False,False,False,False,False,False,False,0,Routine,False,No predefined exception
PAY-000585,INV-250823,2025-05-27,2025-26,2025-05,Health Services,V0003,Supplier 003,Equipment,Open Competition,PO-44611,976.67,Yes,Corporate Card,False,False,False,False,False,False,False,False,0,Routine,False,No predefined exception
PAY-001431,INV-426968,2025-05-27,2025-26,2025-05,Education,V0061,Supplier 061,Software & Licensing,Standing Offer,PO-47484,4537.13,Yes,EFT,False,False,False,False,False,False,False,False,0,Routine,False,No predefined exception
PAY-000437,INV-370561,2025-05-28,2025-26,2025-05,Digital Government,V0080,Supplier 080,Office Supplies,Open Competition,PO-31307,1411.84,Yes,EFT,False,False,False,False,False,False,False,False,0,Routine,False,No predefined exception
PAY-000445,INV-914107,2025-05-28,2025-26,2025-05,Natural Resources,V0074,Supplier 074,Construction Services,Standing Offer,PO-70464,3241.81,Yes,Cheque,False,False,False,False,False,False,False,False,0,Routine,False,No predefined exception
PAY-001748,INV-763582,2025-05-28,2025-26,2025-05,Justice & Public Safety,V0021,Supplier 021,Training,Standing Offer,PO-40029,3434.46,Yes,EFT,False,False,False,False,False,False,False,False,0,Routine,False,No predefined exception
PAY-000357,INV-251770,2025-05-28,2025-26,2025-05,Education,V0052,Supplier 052,Training,Open Competition,PO-66366,125000.0,Yes,EFT,False,False,False,False,True,False,False,False,2,Moderate,True,Statistical amount outlier
PAY-000645,INV-325121,2025-05-28,2025-26,2025-05,Transportation & Infrastructure,V0041,Supplier 041,Training,Open Competition,PO-20535,2007.21,Yes,EFT,False,False,False,False,False,False,False,False,0,Routine,False,No predefined exception
PAY-002292,INV-862557,2025-05-28,2025-26,2025-05,Natural Resources,V0047,Supplier 047,Professional Services,Open Competition,PO-86521,284.21,Yes,EFT,False,False,False,False,False,False,False,False,0,Routine,False,No predefined exception
PAY-000403,INV-447236,2025-05-28,2025-26,2025-05,Natural Resources,V0028,Supplier 028,Software & Licensing,Open Competition,PO-34188,1462.32,Yes,EFT,False,False,False,False,False,False,False,False,0,Routine,False,No predefined exception
PAY-001720,INV-299294,2025-05-28,2025-26,2025-05,Health Services,V0012,Supplier 012,Software & Licensing,Open Competition,PO-63797,2160.41,Yes,EFT,False,False,False,False,False,False,False,False,0,Routine,False,No predefined exception
PAY-000656,INV-687073,2025-05-28,2025-26,2025-05,Natural Resources,V0011,Supplier 011,Equipment,Open Competition,PO-78483,1626.15,Yes,EFT,False,False,False,False,False,False,False,False,0,Routine,False,No predefined exception
PAY-001638,INV-453153,2025-05-29,2025-26,2025-05,Education,V0017,Supplier 017,IT Hardware,Invitational,PO-97227,3921.94,Yes,EFT,False,False,False,False,False,False,False,False,0,Routine,False,No predefined exception
PAY-001449,INV-558365,2025-05-29,2025-26,2025-05,Justice & Public Safety,V0006,Supplier 006,Software & Licensing,Sole Source,PO-72208,1347.9,Yes,EFT,False,False,False,False,False,False,False,False,0,Routine,False,No predefined exception
PAY-001637,INV-266963,2025-05-29,2025-26,2025-05,Municipal Services,V0040,Supplier 040,Professional Services,Open Competition,PO-51435,780.25,Yes,EFT,False,False,False,False,False,False,False,False,0,Routine,False,No predefined exception
PAY-001547,INV-883258,2025-05-29,2025-26,2025-05,Digital Government,V0023,Supplier 023,Building Maintenance,Open Competition,PO-99385,1578.58,Yes,EFT,False,False,False,False,False,False,False,False,0,Routine,False,No predefined exception
PAY-000031,INV-930049,2025-05-29,2025-26,2025-05,Natural Resources,V0068,Supplier 068,Training,Standing Offer,PO-93956,884.34,Yes,EFT,False,False,False,False,False,False,False,False,0,Routine,False,No predefined exception
PAY-001897,INV-464765,2025-05-29,2025-26,2025-05,Natural Resources,V0053,Supplier 053,IT Hardware,Invitational,PO-65001,2062.18,Yes,EFT,False,False,False,False,False,False,False,False,0,Routine,False,No predefined exception
PAY-001312,INV-612438,2025-05-29,2025-26,2025-05,Justice & Public Safety,V0057,Supplier 057,Transportation Services,Invitational,PO-74403,1168.8,Yes,EFT,False,False,False,False,False,False,False,False,0,Routine,False,No predefined exception
PAY-002016,INV-469802,2025-05-29,2025-26,2025-05,Justice & Public Safety,V0009,Supplier 009,Professional Services,Open Competition,PO-63112,611.74,Yes,EFT,False,False,False,False,False,False,False,False,0,Routine,False,No predefined exception
PAY-001761,INV-591860,2025-05-30,2025-26,2025-05,Health Services,V0079,Supplier 079,Construction Services,Open Competition,PO-85889,2066.26,Yes,EFT,False,False,False,False,False,False,False,False,0,Routine,False,No predefined exception
PAY-001032,INV-445992,2025-05-30,2025-26,2025-05,Municipal Services,V0055,Supplier 055,Building Maintenance,Invitational,PO-15615,3413.85,Yes,EFT,False,False,False,False,False,False,False,False,0,Routine,False,No predefined exception
PAY-002429,INV-907274,2025-05-30,2025-26,2025-05,Justice & Public Safety,V0045,Supplier 045,Software & Licensing,Open Competition,PO-21881,4300.74,Yes,EFT,False,False,False,False,False,False,False,False,0,Routine,False,No predefined exception
PAY-000414,INV-610473,2025-05-30,2025-26,2025-05,Transportation & Infrastructure,V0047,Supplier 047,Transportation Services,Invitational,PO-69977,5133.75,Yes,Cheque,False,False,False,False,False,False,False,False,0,Routine,False,No predefined exception
PAY-001689,INV-175839,2025-05-30,2025-26,2025-05,Education,V0071,Supplier 071,Professional Services,Open Competition,PO-29870,2780.03,Yes,EFT,False,False,False,False,False,False,False,False,0,Routine,False,No predefined exception
PAY-000263,INV-985678,2025-05-30,2025-26,2025-05,Natural Resources,V0023,Supplier 023,Training,Open Competition,,211.52,Yes,Cheque,False,False,True,False,False,False,False,False,1,Routine,False,Missing purchase order
PAY-002222,INV-788340,2025-05-30,2025-26,2025-05,Education,V0075,Supplier 075,Construction Services,Open Competition,PO-89864,5396.5,Yes,EFT,False,False,False,False,False,False,False,False,0,Routine,False,No predefined exception
PAY-001572,INV-776935,2025-05-31,2025-26,2025-05,Natural Resources,V0062,Supplier 062,Building Maintenance,Open Competition,PO-67782,785.83,Yes,EFT,False,False,False,False,False,False,False,False,0,Routine,False,No predefined exception
PAY-000871,INV-330063,2025-05-31,2025-26,2025-05,Digital Government,V0046,Supplier 046,IT Hardware,Open Competition,PO-67079,4964.51,Yes,EFT,False,False,False,False,False,False,False,False,0,Routine,False,No predefined exception
PAY-000839,INV-444572,2025-05-31,2025-26,2025-05,Transportation & Infrastructure,V0008,Supplier 008,Office Supplies,Open Competition,PO-51760,3354.4,Yes,EFT,False,False,False,False,False,False,False,False,0,Routine,False,No predefined exception
PAY-001533,INV-528910,2025-05-31,2025-26,2025-05,Justice & Public Safety,V0058,Supplier 058,Building Maintenance,Standing Offer,PO-36228,1470.28,Yes,EFT,False,False,False,False,False,False,False,False,0,Routine,False,No predefined exception
PAY-001412,INV-821615,2025-05-31,2025-26,2025-05,Education,V0035,Supplier 035,Equipment,Open Competition,PO-54480,2713.06,Yes,EFT,False,False,False,False,False,False,False,False,0,Routine,False,No predefined exception
PAY-001048,INV-138090,2025-06-01,2025-26,2025-06,Transportation & Infrastructure,V0011,Supplier 011,Professional Services,Standing Offer,PO-29099,6816.29,Yes,Cheque,False,False,False,False,False,False,False,False,0,Routine,False,No predefined exception
PAY-002476,INV-118807,2025-06-01,2025-26,2025-06,Health Services,V0028,Supplier 028,Office Supplies,Standing Offer,PO-35258,2200.37,Yes,EFT,False,False,False,False,False,False,False,False,0,Routine,False,No predefined exception
PAY-000562,INV-745513,2025-06-01,2025-26,2025-06,Health Services,V0002,Supplier 002,Transportation Services,Open Competition,PO-44968,5007.17,Yes,EFT,False,False,False,False,False,False,False,False,0,Routine,False,No predefined exception
PAY-001575,INV-553572,2025-06-01,2025-26,2025-06,Health Services,V0059,Supplier 059,Office Supplies,Standing Offer,PO-35443,11069.52,Yes,EFT,False,False,False,False,True,False,False,False,2,Moderate,True,Statistical amount outlier
PAY-000162,INV-548013,2025-06-01,2025-26,2025-06,Natural Resources,V0077,Supplier 077,Equipment,Standing Offer,,9174.79,Yes,EFT,False,False,True,False,True,False,False,False,3,Moderate,True,Missing purchase order; Statistical amount outlier
PAY-001540,INV-252324,2025-06-01,2025-26,2025-06,Health Services,V0018,Supplier 018,IT Hardware,Sole Source,PO-94607,2019.39,Yes,EFT,False,False,False,False,False,False,False,False,0,Routine,False,No predefined exception
PAY-000117,INV-364080,2025-06-01,2025-26,2025-06,Municipal Services,V0054,Supplier 054,Training,Open Competition,PO-84070,888.41,Yes,EFT,False,False,False,False,False,False,False,False,0,Routine,False,No predefined exception
PAY-002466,INV-941279,2025-06-01,2025-26,2025-06,Transportation & Infrastructure,V0029,Supplier 029,Training,Invitational,PO-61575,5480.15,Yes,EFT,False,False,False,False,False,False,False,False,0,Routine,False,No predefined exception
PAY-000974,INV-713614,2025-06-01,2025-26,2025-06,Natural Resources,V0060,Supplier 060,Transportation Services,Open Competition,,2282.25,Yes,EFT,False,False,True,False,False,False,False,False,1,Routine,False,Missing purchase order
PAY-000398,INV-706752,2025-06-02,2025-26,2025-06,Justice & Public Safety,V0019,Supplier 019,Building Maintenance,Open Competition,PO-77966,643.9,Yes,EFT,False,False,False,False,False,False,False,False,0,Routine,False,No predefined exception
PAY-000102,INV-848810,2025-06-02,2025-26,2025-06,Education,V0069,Supplier 069,IT Hardware,Open Competition,PO-85593,1064.87,Yes,EFT,True,False,False,False,False,False,False,False,3,Moderate,True,Potential duplicate
PAY-001210,INV-268600,2025-06-02,2025-26,2025-06,Justice & Public Safety,V0036,Supplier 036,Construction Services,Invitational,PO-98309,866.13,Yes,EFT,False,False,False,False,False,False,False,False,0,Routine,False,No predefined exception
PAY-001064,INV-652226,2025-06-02,2025-26,2025-06,Justice & Public Safety,V0028,Supplier 028,IT Hardware,Invitational,PO-44173,1469.22,Yes,EFT,False,False,False,False,False,False,False,False,0,Routine,False,No predefined exception
PAY-001198,INV-673722,2025-06-02,2025-26,2025-06,Health Services,V0045,Supplier 045,Transportation Services,Sole Source,PO-28788,5400.16,Yes,EFT,False,False,False,False,False,False,False,False,0,Routine,False,No predefined exception
PAY-001176,INV-438144,2025-06-02,2025-26,2025-06,Natural Resources,V0053,Supplier 053,Software & Licensing,Open Competition,PO-36568,886.69,Yes,EFT,False,False,False,False,False,False,False,False,0,Routine,False,No predefined exception
PAY-DUP-002,INV-848810,2025-06-02,2025-26,2025-06,Education,V0069,Supplier 069,IT Hardware,Open Competition,PO-85593,1064.87,Yes,EFT,True,False,False,False,False,False,False,False,3,Moderate,True,Potential duplicate
PAY-001551,INV-411997,2025-06-02,2025-26,2025-06,Transportation & Infrastructure,V0070,Supplier 070,Professional Services,Invitational,PO-47302,6505.55,Yes,EFT,False,False,False,False,False,False,False,False,0,Routine,False,No predefined exception
PAY-002082,INV-889404,2025-06-02,2025-26,2025-06,Transportation & Infrastructure,V0044,Supplier 044,Professional Services,Invitational,PO-69707,9844.37,Yes,EFT,False,False,False,True,True,False,False,False,4,Higher,True,Near hypothetical threshold; Statistical amount outlier
PAY-000732,INV-866054,2025-06-02,2025-26,2025-06,Municipal Services,V0007,Supplier 007,Equipment,Standing Offer,PO-78109,7862.01,Yes,EFT,False,False,False,False,False,False,False,False,0,Routine,False,No predefined exception
PAY-000139,INV-805377,2025-06-02,2025-26,2025-06,Transportation & Infrastructure,V0071,Supplier 071,Training,Open Competition,PO-88966,5578.82,Yes,EFT,False,False,False,False,False,False,False,False,0,Routine,False,No predefined exception
PAY-002463,INV-171017,2025-06-02,2025-26,2025-06,Transportation & Infrastructure,V0074,Supplier 074,Software & Licensing,Open Competition,PO-34754,506.88,Yes,EFT,False,False,False,False,False,False,False,False,0,Routine,False,No predefined exception
PAY-001367,INV-510354,2025-06-03,2025-26,2025-06,Justice & Public Safety,V0005,Supplier 005,IT Hardware,Standing Offer,PO-18459,2035.26,Yes,EFT,False,False,False,False,False,False,False,False,0,Routine,False,No predefined exception
PAY-001791,INV-207724,2025-06-03,2025-26,2025-06,Education,V0078,Supplier 078,Office Supplies,Open Competition,PO-23472,2104.75,Yes,Cheque,False,False,False,False,False,False,False,False,0,Routine,False,No predefined exception
PAY-001990,INV-225604,2025-06-03,2025-26,2025-06,Digital Government,V0047,Supplier 047,Software & Licensing,Open Competition,PO-59135,1313.46,Yes,EFT,False,False,False,False,False,False,False,False,0,Routine,False,No predefined exception
PAY-002484,INV-847097,2025-06-04,2025-26,2025-06,Natural Resources,V0032,Supplier 032,Software & Licensing,Open Competition,PO-17240,4451.37,Yes,Corporate Card,False,False,False,False,False,False,False,False,0,Routine,False,No predefined exception
PAY-000095,INV-814114,2025-06-04,2025-26,2025-06,Transportation & Infrastructure,V0051,Supplier 051,Construction Services,Open Competition,PO-60486,3492.11,Yes,EFT,False,False,False,False,False,False,False,False,0,Routine,False,No predefined exception
PAY-000513,INV-745936,2025-06-04,2025-26,2025-06,Health Services,V0008,Supplier 008,Building Maintenance,Standing Offer,PO-35362,856.21,Yes,EFT,False,False,False,False,False,False,False,False,0,Routine,False,No predefined exception
PAY-001517,INV-207092,2025-06-04,2025-26,2025-06,Justice & Public Safety,V0034,Supplier 034,Construction Services,Invitational,PO-37757,1782.73,No,EFT,False,False,False,False,False,False,False,True,3,Moderate,True,Approval exception
PAY-000724,INV-176208,2025-06-04,2025-26,2025-06,Municipal Services,V0007,Supplier 007,Professional Services,Open Competition,PO-72485,9336.6,Yes,Corporate Card,False,False,False,False,True,False,False,False,2,Moderate,True,Statistical amount outlier
PAY-002110,INV-153915,2025-06-04,2025-26,2025-06,Education,V0060,Supplier 060,IT Hardware,Open Competition,PO-31812,9042.69,Yes,EFT,False,False,False,False,False,False,False,False,0,Routine,False,No predefined exception
PAY-002386,INV-600585,2025-06-05,2025-26,2025-06,Transportation & Infrastructure,V0016,Supplier 016,Transportation Services,Sole Source,PO-76326,8458.69,Yes,EFT,False,False,False,False,False,False,False,False,0,Routine,False,No predefined exception
PAY-000785,INV-327544,2025-06-05,2025-26,2025-06,Transportation & Infrastructure,V0007,Supplier 007,Building Maintenance,Standing Offer,PO-19325,7732.21,Yes,EFT,False,False,False,False,False,False,False,False,0,Routine,False,No predefined exception
PAY-001965,INV-717508,2025-06-05,2025-26,2025-06,Natural Resources,V0060,Supplier 060,Office Supplies,Open Competition,PO-58544,1148.36,Yes,EFT,False,False,False,False,False,False,False,False,0,Routine,False,No predefined exception
PAY-000159,INV-123004,2025-06-05,2025-26,2025-06,Education,V0049,Supplier 049,Building Maintenance,Open Competition,PO-84915,2858.96,Yes,EFT,False,False,False,False,False,False,False,False,0,Routine,False,No predefined exception
PAY-002351,INV-825155,2025-06-05,2025-26,2025-06,Municipal Services,V0063,Supplier 063,Transportation Services,Open Competition,PO-72442,2743.85,Yes,EFT,False,False,False,False,False,False,False,False,0,Routine,False,No predefined exception
PAY-001925,INV-148037,2025-06-05,2025-26,2025-06,Health Services,V0053,Supplier 053,Equipment,Open Competition,PO-51078,9587.43,Yes,EFT,False,False,False,True,True,False,False,False,4,Higher,True,Near hypothetical threshold; Statistical amount outlier
PAY-001262,INV-442776,2025-06-06,2025-26,2025-06,Transportation & Infrastructure,V0019,Supplier 019,Professional Services,Sole Source,PO-80847,2988.44,Yes,EFT,False,False,False,False,False,False,False,False,0,Routine,False,No predefined exception
PAY-001075,INV-456843,2025-06-06,2025-26,2025-06,Health Services,V0079,Supplier 079,Training,Standing Offer,PO-31058,2155.11,Yes,EFT,False,False,False,False,False,False,False,False,0,Routine,False,No predefined exception
PAY-002290,INV-500706,2025-06-06,2025-26,2025-06,Municipal Services,V0003,Supplier 003,Equipment,Sole Source,PO-27447,1978.59,Yes,EFT,False,False,False,False,False,False,False,False,0,Routine,False,No predefined exception
PAY-002380,INV-277254,2025-06-06,2025-26,2025-06,Justice & Public Safety,V0068,Supplier 068,Transportation Services,Invitational,PO-74591,2048.63,Yes,EFT,False,False,False,False,False,False,False,False,0,Routine,False,No predefined exception
PAY-002261,INV-850190,2025-06-07,2025-26,2025-06,Natural Resources,V0006,Supplier 006,Professional Services,Invitational,PO-32378,780.77,Yes,EFT,False,False,False,False,False,False,False,False,0,Routine,False,No predefined exception
PAY-002217,INV-972771,2025-06-07,2025-26,2025-06,Municipal Services,V0019,Supplier 019,Building Maintenance,Open Competition,PO-57594,4439.23,Yes,EFT,False,False,False,False,False,False,False,False,0,Routine,False,No predefined exception
PAY-001585,INV-765329,2025-06-07,2025-26,2025-06,Health Services,V0077,Supplier 077,Equipment,Open Competition,PO-82364,2596.99,Yes,EFT,False,False,False,False,False,False,False,False,0,Routine,False,No predefined exception
PAY-002411,INV-993150,2025-06-07,2025-26,2025-06,Education,V0014,Supplier 014,Training,Sole Source,PO-19885,3753.18,Yes,EFT,False,False,False,False,False,False,False,False,0,Routine,False,No predefined exception
PAY-000299,INV-502681,2025-06-07,2025-26,2025-06,Municipal Services,V0074,Supplier 074,Office Supplies,Standing Offer,PO-61299,1497.45,Yes,EFT,False,False,False,False,False,False,False,False,0,Routine,False,No predefined exception
PAY-000459,INV-498167,2025-06-08,2025-26,2025-06,Health Services,V0026,Supplier 026,Office Supplies,Standing Offer,PO-36885,1178.7,Yes,EFT,False,False,False,False,False,False,False,False,0,Routine,False,No predefined exception
PAY-002229,INV-487410,2025-06-08,2025-26,2025-06,Digital Government,V0077,Supplier 077,Equipment,Open Competition,PO-88015,1626.9,Yes,EFT,False,False,False,False,False,False,False,False,0,Routine,False,No predefined exception
PAY-000470,INV-488227,2025-06-08,2025-26,2025-06,Justice & Public Safety,V0065,Supplier 065,Building Maintenance,Open Competition,PO-88271,1646.21,Yes,EFT,False,False,False,False,False,False,False,False,0,Routine,False,No predefined exception
PAY-001022,INV-579702,2025-06-08,2025-26,2025-06,Health Services,V0038,Supplier 038,Building Maintenance,Standing Offer,PO-39036,1678.4,Yes,EFT,False,False,False,False,False,False,False,False,0,Routine,False,No predefined exception
PAY-000814,INV-929414,2025-06-08,2025-26,2025-06,Health Services,V0060,Supplier 060,Equipment,Standing Offer,PO-41528,3288.92,Yes,EFT,False,False,False,False,False,False,False,False,0,Routine,False,No predefined exception
PAY-002077,INV-784643,2025-06-08,2025-26,2025-06,Transportation & Infrastructure,V0010,Supplier 010,Software & Licensing,Open Competition,PO-38093,1490.82,Yes,Cheque,False,False,False,False,False,False,False,False,0,Routine,False,No predefined exception
PAY-001393,INV-918749,2025-06-08,2025-26,2025-06,Justice & Public Safety,V0030,Supplier 030,IT Hardware,Open Competition,PO-10944,2133.16,Yes,EFT,False,False,False,False,False,False,False,False,0,Routine,False,No predefined exception
PAY-000579,INV-791257,2025-06-08,2025-26,2025-06,Education,V0042,Supplier 042,Office Supplies,Open Competition,PO-24849,3283.67,Yes,EFT,False,False,False,False,False,False,False,False,0,Routine,False,No predefined exception
PAY-001121,INV-378676,2025-06-08,2025-26,2025-06,Natural Resources,V0052,Supplier 052,Building Maintenance,Open Competition,PO-81986,5716.14,Yes,EFT,False,False,False,False,False,False,False,False,0,Routine,False,No predefined exception
PAY-002276,INV-377255,2025-06-09,2025-26,2025-06,Justice & Public Safety,V0021,Supplier 021,Training,Standing Offer,PO-84838,1849.95,Yes,Cheque,False,False,False,False,False,False,False,False,0,Routine,False,No predefined exception
PAY-000628,INV-158560,2025-06-09,2025-26,2025-06,Municipal Services,V0012,Supplier 012,Transportation Services,Standing Offer,PO-13098,4404.6,Yes,EFT,False,False,False,False,False,False,False,False,0,Routine,False,No predefined exception
PAY-002186,INV-848294,2025-06-10,2025-26,2025-06,Health Services,V0005,Supplier 005,Transportation Services,Open Competition,PO-78462,3917.79,Yes,EFT,False,False,False,False,False,False,False,False,0,Routine,False,No predefined exception
PAY-001794,INV-938018,2025-06-11,2025-26,2025-06,Education,V0056,Supplier 056,Office Supplies,Invitational,PO-97052,1581.98,Yes,EFT,False,False,False,False,False,False,False,False,0,Routine,False,No predefined exception
PAY-001790,INV-607750,2025-06-11,2025-26,2025-06,Health Services,V0029,Supplier 029,Professional Services,Open Competition,PO-11067,2228.95,Yes,EFT,False,False,False,False,False,False,False,False,0,Routine,False,No predefined exception
PAY-000005,INV-666605,2025-06-11,2025-26,2025-06,Natural Resources,V0077,Supplier 077,Training,Standing Offer,PO-20149,1701.0,Yes,EFT,False,False,False,False,False,False,False,False,0,Routine,False,No predefined exception
PAY-001548,INV-948423,2025-06-11,2025-26,2025-06,Education,V0022,Supplier 022,IT Hardware,Invitational,PO-22924,3601.26,Yes,EFT,False,False,False,False,False,False,False,False,0,Routine,False,No predefined exception
PAY-001760,INV-199244,2025-06-11,2025-26,2025-06,Municipal Services,V0010,Supplier 010,Construction Services,Standing Offer,PO-47394,504.57,Yes,EFT,False,False,False,False,False,False,False,False,0,Routine,False,No predefined exception
PAY-000765,INV-350449,2025-06-11,2025-26,2025-06,Justice & Public Safety,V0007,Supplier 007,Professional Services,Open Competition,PO-29173,11715.9,Yes,EFT,False,False,False,False,True,False,False,False,2,Moderate,True,Statistical amount outlier
PAY-002210,INV-741142,2025-06-11,2025-26,2025-06,Education,V0032,Supplier 032,Equipment,Standing Offer,PO-29476,906.28,Yes,EFT,False,False,False,False,False,False,False,False,0,Routine,False,No predefined exception
PAY-002384,INV-645786,2025-06-12,2025-26,2025-06,Municipal Services,V0001,Supplier 001,IT Hardware,Standing Offer,PO-46454,18325.37,Yes,EFT,False,False,False,False,True,False,False,False,2,Moderate,True,Statistical amount outlier
PAY-001527,INV-741404,2025-06-12,2025-26,2025-06,Justice & Public Safety,V0023,Supplier 023,IT Hardware,Standing Offer,PO-46536,4549.05,Yes,EFT,False,False,False,False,False,False,False,False,0,Routine,False,No predefined exception
PAY-002089,INV-139339,2025-06-12,2025-26,2025-06,Health Services,V0028,Supplier 028,Training,Standing Offer,PO-60307,4902.83,Yes,EFT,False,False,False,False,False,False,False,False,0,Routine,False,No predefined exception
PAY-001846,INV-586626,2025-06-12,2025-26,2025-06,Digital Government,V0007,Supplier 007,Construction Services,Open Competition,PO-67278,5634.5,Yes,EFT,False,False,False,False,False,False,False,False,0,Routine,False,No predefined exception
PAY-001406,INV-431612,2025-06-12,2025-26,2025-06,Education,V0012,Supplier 012,Construction Services,Invitational,PO-12127,1581.05,Yes,EFT,False,False,False,False,False,False,False,False,0,Routine,False,No predefined exception
PAY-000859,INV-784308,2025-06-12,2025-26,2025-06,Health Services,V0034,Supplier 034,Transportation Services,Standing Offer,PO-74660,668.55,Yes,EFT,False,False,False,False,False,False,False,False,0,Routine,False,No predefined exception
PAY-002083,INV-773616,2025-06-12,2025-26,2025-06,Municipal Services,V0047,Supplier 047,Equipment,Invitational,PO-35391,7051.27,Yes,EFT,False,False,False,False,False,False,False,False,0,Routine,False,No predefined exception
PAY-002273,INV-167359,2025-06-12,2025-26,2025-06,Transportation & Infrastructure,V0070,Supplier 070,Software & Licensing,Standing Offer,PO-21204,590.14,Yes,EFT,False,False,False,False,False,False,False,False,0,Routine,False,No predefined exception
PAY-000603,INV-847320,2025-06-13,2025-26,2025-06,Digital Government,V0042,Supplier 042,IT Hardware,Open Competition,,1481.96,Yes,EFT,False,False,True,False,False,False,False,False,1,Routine,False,Missing purchase order
PAY-001685,INV-728431,2025-06-13,2025-26,2025-06,Education,V0067,Supplier 067,Training,Open Competition,PO-36907,892.74,Yes,EFT,False,False,False,False,False,False,False,False,0,Routine,False,No predefined exception
PAY-002183,INV-305671,2025-06-13,2025-26,2025-06,Natural Resources,V0034,Supplier 034,Training,Invitational,PO-58067,2568.6,Yes,Corporate Card,False,False,False,False,False,False,False,False,0,Routine,False,No predefined exception
PAY-001180,INV-766110,2025-06-14,2025-26,2025-06,Education,V0017,Supplier 017,IT Hardware,Invitational,PO-13810,3275.14,Yes,Corporate Card,False,False,False,False,False,False,False,False,0,Routine,False,No predefined exception
PAY-001336,INV-353608,2025-06-14,2025-26,2025-06,Transportation & Infrastructure,V0059,Supplier 059,Building Maintenance,Sole Source,PO-17120,1084.91,Yes,Cheque,False,False,False,False,False,False,False,False,0,Routine,False,No predefined exception
PAY-001730,INV-250685,2025-06-14,2025-26,2025-06,Digital Government,V0048,Supplier 048,Professional Services,Standing Offer,PO-54857,1201.93,Yes,EFT,False,False,False,False,False,False,False,False,0,Routine,False,No predefined exception
PAY-000786,INV-966304,2025-06-14,2025-26,2025-06,Health Services,V0007,Supplier 007,Office Supplies,Invitational,PO-77166,4414.85,Yes,EFT,False,False,False,False,False,False,False,False,0,Routine,False,No predefined exception
PAY-000282,INV-919745,2025-06-14,2025-26,2025-06,Health Services,V0041,Supplier 041,Construction Services,Open Competition,PO-97498,5988.93,Yes,EFT,False,False,False,False,False,False,False,False,0,Routine,False,No predefined exception
PAY-000536,INV-923628,2025-06-14,2025-26,2025-06,Health Services,V0074,Supplier 074,Training,Open Competition,PO-28043,2355.06,Yes,EFT,False,False,False,False,False,False,False,False,0,Routine,False,No predefined exception
PAY-001812,INV-697993,2025-06-15,2025-26,2025-06,Municipal Services,V0021,Supplier 021,Equipment,Open Competition,,751.08,Yes,EFT,False,False,True,False,False,False,False,False,1,Routine,False,Missing purchase order
PAY-002066,INV-567186,2025-06-15,2025-26,2025-06,Education,V0078,Supplier 078,Transportation Services,Invitational,PO-22715,2139.41,Yes,EFT,False,False,False,False,False,False,False,False,0,Routine,False,No predefined exception
PAY-000601,INV-308137,2025-06-15,2025-26,2025-06,Health Services,V0069,Supplier 069,Software & Licensing,Standing Offer,,570.37,Yes,Cheque,False,False,True,False,False,False,False,False,1,Routine,False,Missing purchase order
PAY-000571,INV-682848,2025-06-15,2025-26,2025-06,Transportation & Infrastructure,V0001,Supplier 001,Professional Services,Open Competition,PO-65186,1409.46,Yes,EFT,False,False,False,False,False,False,False,False,0,Routine,False,No predefined exception
PAY-001027,INV-395135,2025-06-15,2025-26,2025-06,Health Services,V0028,Supplier 028,Training,Open Competition,PO-75609,11737.45,Yes,EFT,False,False,False,False,True,False,False,False,2,Moderate,True,Statistical amount outlier
PAY-002111,INV-471687,2025-06-15,2025-26,2025-06,Education,V0063,Supplier 063,Building Maintenance,Standing Offer,PO-17160,1898.37,Yes,EFT,False,False,False,False,False,False,False,False,0,Routine,False,No predefined exception
PAY-001348,INV-101620,2025-06-15,2025-26,2025-06,Digital Government,V0006,Supplier 006,Office Supplies,Standing Offer,PO-82884,7849.58,Yes,EFT,False,False,False,False,False,False,False,False,0,Routine,False,No predefined exception
PAY-000463,INV-665158,2025-06-15,2025-26,2025-06,Education,V0061,Supplier 061,Building Maintenance,Open Competition,PO-51989,666.31,Yes,EFT,False,False,False,False,False,False,False,False,0,Routine,False,No predefined exception
PAY-001828,INV-254591,2025-06-16,2025-26,2025-06,Municipal Services,V0042,Supplier 042,Equipment,Open Competition,PO-59681,2036.54,Yes,EFT,False,False,False,False,False,False,False,False,0,Routine,False,No predefined exception
PAY-002244,INV-275324,2025-06-16,2025-26,2025-06,Health Services,V0035,Supplier 035,Professional Services,Standing Offer,PO-26151,1977.12,Yes,EFT,False,False,False,False,False,False,False,False,0,Routine,False,No predefined exception
PAY-001667,INV-157676,2025-06-16,2025-26,2025-06,Natural Resources,V0062,Supplier 062,Transportation Services,Invitational,PO-46911,819.5,Yes,EFT,False,False,False,False,False,False,False,False,0,Routine,False,No predefined exception
PAY-002091,INV-989808,2025-06-16,2025-26,2025-06,Natural Resources,V0057,Supplier 057,Professional Services,Open Competition,PO-19627,3081.18,Yes,EFT,False,False,False,False,False,False,False,False,0,Routine,False,No predefined exception
PAY-002175,INV-899595,2025-06-16,2025-26,2025-06,Education,V0062,Supplier 062,Building Maintenance,Open Competition,PO-64057,1554.57,Yes,Cheque,False,False,False,False,False,False,False,False,0,Routine,False,No predefined exception
PAY-000755,INV-686789,2025-06-17,2025-26,2025-06,Transportation & Infrastructure,V0007,Supplier 007,Equipment,Standing Offer,PO-16242,6275.1,Yes,EFT,False,False,False,False,False,False,False,False,0,Routine,False,No predefined exception
PAY-002243,INV-523915,2025-06-17,2025-26,2025-06,Digital Government,V0021,Supplier 021,Training,Sole Source,PO-76874,2181.57,Yes,EFT,False,False,False,False,False,False,False,False,0,Routine,False,No predefined exception
PAY-001047,INV-769113,2025-06-17,2025-26,2025-06,Transportation & Infrastructure,V0043,Supplier 043,Training,Open Competition,PO-64285,1475.79,Yes,EFT,False,False,False,False,False,False,False,False,0,Routine,False,No predefined exception
PAY-000856,INV-390696,2025-06-17,2025-26,2025-06,Digital Government,V0014,Supplier 014,Software & Licensing,Standing Offer,PO-41280,554.86,Yes,EFT,False,False,False,False,False,False,False,False,0,Routine,False,No predefined exception
PAY-001230,INV-947056,2025-06-17,2025-26,2025-06,Justice & Public Safety,V0027,Supplier 027,Professional Services,Open Competition,PO-96534,3855.53,Yes,EFT,False,False,False,False,False,False,False,False,0,Routine,False,No predefined exception
PAY-001270,INV-951426,2025-06-17,2025-26,2025-06,Municipal Services,V0014,Supplier 014,Construction Services,Sole Source,PO-50100,2790.39,Yes,EFT,False,False,False,False,False,False,False,False,0,Routine,False,No predefined exception
PAY-000888,INV-675312,2025-06-17,2025-26,2025-06,Digital Government,V0063,Supplier 063,Equipment,Open Competition,PO-32501,1007.27,Yes,EFT,False,False,False,False,False,False,False,False,0,Routine,False,No predefined exception
PAY-002480,INV-639828,2025-06-18,2025-26,2025-06,Transportation & Infrastructure,V0013,Supplier 013,IT Hardware,Sole Source,PO-18882,673.26,Yes,EFT,False,False,False,False,False,False,False,False,0,Routine,False,No predefined exception
PAY-001766,INV-923333,2025-06-18,2025-26,2025-06,Digital Government,V0005,Supplier 005,Professional Services,Open Competition,PO-68724,1350.1,Yes,EFT,False,False,False,False,False,False,False,False,0,Routine,False,No predefined exception
PAY-001719,INV-406604,2025-06-18,2025-26,2025-06,Education,V0043,Supplier 043,Professional Services,Sole Source,PO-86653,1930.39,Yes,EFT,False,False,False,False,False,False,False,False,0,Routine,False,No predefined exception
PAY-002410,INV-281902,2025-06-18,2025-26,2025-06,Education,V0040,Supplier 040,Office Supplies,Standing Offer,PO-70592,292.6,Yes,EFT,False,False,False,False,False,False,False,False,0,Routine,False,No predefined exception
PAY-000664,INV-327369,2025-06-19,2025-26,2025-06,Digital Government,V0012,Supplier 012,Building Maintenance,Sole Source,PO-73917,2152.43,Yes,EFT,False,False,False,False,False,False,False,False,0,Routine,False,No predefined exception
PAY-002447,INV-329767,2025-06-19,2025-26,2025-06,Transportation & Infrastructure,V0007,Supplier 007,IT Hardware,Standing Offer,PO-85902,1082.01,Yes,EFT,False,False,False,False,False,False,False,False,0,Routine,False,No predefined exception
PAY-001436,INV-177261,2025-06-19,2025-26,2025-06,Transportation & Infrastructure,V0020,Supplier 020,Professional Services,Open Competition,PO-34479,4877.79,Yes,EFT,False,False,False,False,False,False,False,False,0,Routine,False,No predefined exception
PAY-001815,INV-600653,2025-06-19,2025-26,2025-06,Digital Government,V0062,Supplier 062,Construction Services,Open Competition,PO-61606,820.5,Yes,EFT,False,False,False,False,False,False,False,False,0,Routine,False,No predefined exception
PAY-001977,INV-152066,2025-06-19,2025-26,2025-06,Transportation & Infrastructure,V0054,Supplier 054,Transportation Services,Open Competition,PO-91757,1676.31,Yes,EFT,False,False,False,False,False,False,False,False,0,Routine,False,No predefined exception
PAY-000204,INV-339654,2025-06-20,2025-26,2025-06,Justice & Public Safety,V0002,Supplier 002,Professional Services,Standing Offer,PO-54863,9950.0,Yes,EFT,False,False,False,True,True,False,False,False,4,Higher,True,Near hypothetical threshold; Statistical amount outlier
PAY-001308,INV-401111,2025-06-20,2025-26,2025-06,Transportation & Infrastructure,V0033,Supplier 033,Software & Licensing,Standing Offer,,2516.0,Yes,EFT,False,False,True,False,False,False,False,False,1,Routine,False,Missing purchase order
PAY-000104,INV-658697,2025-06-20,2025-26,2025-06,Transportation & Infrastructure,V0006,Supplier 006,Software & Licensing,Open Competition,PO-20988,6057.11,Yes,EFT,True,False,False,False,False,False,False,False,3,Moderate,True,Potential duplicate
PAY-000806,INV-438246,2025-06-20,2025-26,2025-06,Transportation & Infrastructure,V0079,Supplier 079,Building Maintenance,Open Competition,PO-82586,1830.81,Yes,EFT,False,False,False,False,False,False,False,False,0,Routine,False,No predefined exception
PAY-DUP-004,INV-658697,2025-06-20,2025-26,2025-06,Transportation & Infrastructure,V0006,Supplier 006,Software & Licensing,Open Competition,PO-20988,6057.11,Yes,EFT,True,False,False,False,False,False,False,False,3,Moderate,True,Potential duplicate
PAY-000061,INV-888428,2025-06-20,2025-26,2025-06,Municipal Services,V0035,Supplier 035,Training,Invitational,PO-33091,2641.19,Yes,EFT,False,False,False,False,False,False,False,False,0,Routine,False,No predefined exception
PAY-001613,INV-940125,2025-06-20,2025-26,2025-06,Municipal Services,V0024,Supplier 024,Construction Services,Open Competition,PO-99854,2472.49,Yes,EFT,False,False,False,False,False,False,False,False,0,Routine,False,No predefined exception
PAY-001441,INV-107265,2025-06-20,2025-26,2025-06,Digital Government,V0078,Supplier 078,Training,Open Competition,PO-25032,457.38,Yes,EFT,False,False,False,False,False,False,False,False,0,Routine,False,No predefined exception
PAY-001890,INV-424809,2025-06-21,2025-26,2025-06,Digital Government,V0038,Supplier 038,Training,Standing Offer,PO-48551,949.7,Yes,EFT,False,False,False,False,False,False,False,False,0,Routine,False,No predefined exception
PAY-002099,INV-257541,2025-06-21,2025-26,2025-06,Digital Government,V0048,Supplier 048,Professional Services,Invitational,PO-92635,6566.22,Yes,EFT,False,False,False,False,False,False,False,False,0,Routine,False,No predefined exception
PAY-001289,INV-675648,2025-06-21,2025-26,2025-06,Health Services,V0033,Supplier 033,Building Maintenance,Invitational,,1082.36,Yes,EFT,False,False,True,False,False,False,False,False,1,Routine,False,Missing purchase order
PAY-000711,INV-798267,2025-06-21,2025-26,2025-06,Transportation & Infrastructure,V0007,Supplier 007,Equipment,Open Competition,,1864.76,Yes,EFT,False,False,True,False,False,False,False,False,1,Routine,False,Missing purchase order
PAY-001469,INV-739446,2025-06-21,2025-26,2025-06,Education,V0061,Supplier 061,Equipment,Sole Source,PO-24147,5775.24,Yes,EFT,False,False,False,False,False,False,False,False,0,Routine,False,No predefined exception
PAY-002374,INV-574551,2025-06-21,2025-26,2025-06,Transportation & Infrastructure,V0076,Supplier 076,Professional Services,Sole Source,PO-98672,798.52,Yes,EFT,False,False,False,False,False,False,False,False,0,Routine,False,No predefined exception
PAY-001663,INV-443130,2025-06-21,2025-26,2025-06,Education,V0026,Supplier 026,IT Hardware,Open Competition,PO-78422,831.15,Yes,EFT,False,False,False,False,False,False,False,False,0,Routine,False,No predefined exception
PAY-002440,INV-627938,2025-06-22,2025-26,2025-06,Education,V0073,Supplier 073,IT Hardware,Open Competition,PO-20281,300.9,Yes,EFT,False,False,False,False,False,False,False,False,0,Routine,False,No predefined exception
PAY-000752,INV-514627,2025-06-22,2025-26,2025-06,Natural Resources,V0007,Supplier 007,Office Supplies,Open Competition,PO-50591,7542.96,Yes,EFT,False,False,False,False,False,False,False,False,0,Routine,False,No predefined exception
PAY-001734,INV-579498,2025-06-23,2025-26,2025-06,Natural Resources,V0006,Supplier 006,Construction Services,Open Competition,PO-79272,863.1,Yes,EFT,False,False,False,False,False,False,False,False,0,Routine,False,No predefined exception
PAY-001011,INV-263004,2025-06-23,2025-26,2025-06,Natural Resources,V0010,Supplier 010,Building Maintenance,Invitational,PO-94695,4008.31,Yes,Corporate Card,False,False,False,False,False,False,False,False,0,Routine,False,No predefined exception
PAY-001856,INV-838456,2025-06-23,2025-26,2025-06,Health Services,V0005,Supplier 005,Office Supplies,Open Competition,PO-18014,1840.79,Yes,EFT,False,False,False,False,False,False,False,False,0,Routine,False,No predefined exception
PAY-001958,INV-204126,2025-06-23,2025-26,2025-06,Transportation & Infrastructure,V0056,Supplier 056,Software & Licensing,Open Competition,PO-96861,516.51,Yes,EFT,False,False,False,False,False,False,False,False,0,Routine,False,No predefined exception
PAY-001861,INV-782986,2025-06-23,2025-26,2025-06,Justice & Public Safety,V0043,Supplier 043,Construction Services,Invitational,PO-53702,702.1,Yes,EFT,False,False,False,False,False,False,False,False,0,Routine,False,No predefined exception
PAY-002339,INV-221070,2025-06-23,2025-26,2025-06,Health Services,V0050,Supplier 050,Professional Services,Standing Offer,PO-18072,2037.2,Yes,EFT,False,False,False,False,False,False,False,False,0,Routine,False,No predefined exception
PAY-002191,INV-633793,2025-06-23,2025-26,2025-06,Municipal Services,V0052,Supplier 052,Equipment,Open Competition,PO-95918,1581.48,Yes,EFT,False,False,False,False,False,False,False,False,0,Routine,False,No predefined exception
PAY-000563,INV-572585,2025-06-23,2025-26,2025-06,Transportation & Infrastructure,V0050,Supplier 050,Transportation Services,Invitational,PO-19009,1135.78,Yes,EFT,False,False,False,False,False,False,False,False,0,Routine,False,No predefined exception
PAY-001204,INV-610874,2025-06-23,2025-26,2025-06,Justice & Public Safety,V0078,Supplier 078,Software & Licensing,Open Competition,PO-85696,22870.22,Yes,EFT,False,False,False,False,True,False,False,False,2,Moderate,True,Statistical amount outlier
PAY-001744,INV-630084,2025-06-23,2025-26,2025-06,Health Services,V0018,Supplier 018,Construction Services,Open Competition,PO-77104,965.86,Yes,EFT,False,False,False,False,False,False,False,False,0,Routine,False,No predefined exception
PAY-002126,INV-790641,2025-06-24,2025-26,2025-06,Health Services,V0050,Supplier 050,IT Hardware,Open Competition,PO-27243,667.84,Yes,EFT,False,False,False,False,False,False,False,False,0,Routine,False,No predefined exception
PAY-002250,INV-605180,2025-06-24,2025-26,2025-06,Natural Resources,V0008,Supplier 008,Software & Licensing,Invitational,PO-57954,3644.94,Yes,Cheque,False,False,False,False,False,False,False,False,0,Routine,False,No predefined exception
PAY-001283,INV-277190,2025-06-24,2025-26,2025-06,Natural Resources,V0059,Supplier 059,Training,Open Competition,PO-41461,498.37,Yes,EFT,False,False,False,False,False,False,False,False,0,Routine,False,No predefined exception
PAY-000754,INV-378011,2025-06-24,2025-26,2025-06,Justice & Public Safety,V0007,Supplier 007,Transportation Services,Invitational,PO-97488,6921.93,Yes,EFT,False,False,False,False,False,False,False,False,0,Routine,False,No predefined exception
PAY-002473,INV-924464,2025-06-25,2025-26,2025-06,Education,V0002,Supplier 002,Professional Services,Standing Offer,PO-87413,1953.28,Yes,EFT,False,False,False,False,False,False,False,False,0,Routine,False,No predefined exception
PAY-001089,INV-837781,2025-06-25,2025-26,2025-06,Transportation & Infrastructure,V0076,Supplier 076,Software & Licensing,Open Competition,PO-63100,3558.85,Yes,EFT,False,False,False,False,False,False,False,False,0,Routine,False,No predefined exception
PAY-000466,INV-433245,2025-06-25,2025-26,2025-06,Municipal Services,V0034,Supplier 034,IT Hardware,Invitational,PO-24890,353.3,Yes,Corporate Card,False,False,False,False,False,False,False,False,0,Routine,False,No predefined exception
PAY-001817,INV-721535,2025-06-25,2025-26,2025-06,Municipal Services,V0066,Supplier 066,Construction Services,Open Competition,PO-92142,3024.5,Yes,EFT,False,False,False,False,False,False,False,False,0,Routine,False,No predefined exception
PAY-002053,INV-207779,2025-06-25,2025-26,2025-06,Education,V0069,Supplier 069,Equipment,Open Competition,PO-10783,2527.65,Yes,EFT,False,False,False,False,False,False,False,False,0,Routine,False,No predefined exception
PAY-001458,INV-892473,2025-06-25,2025-26,2025-06,Natural Resources,V0068,Supplier 068,IT Hardware,Open Competition,PO-27668,3599.31,Yes,EFT,False,False,False,False,False,False,False,False,0,Routine,False,No predefined exception
PAY-000157,INV-764687,2025-06-25,2025-26,2025-06,Transportation & Infrastructure,V0043,Supplier 043,IT Hardware,Open Competition,PO-15378,3509.94,Yes,EFT,False,False,False,False,False,False,False,False,0,Routine,False,No predefined exception
PAY-001246,INV-290912,2025-06-26,2025-26,2025-06,Health Services,V0042,Supplier 042,Building Maintenance,Standing Offer,PO-50685,6613.18,Yes,EFT,False,False,False,False,False,False,False,False,0,Routine,False,No predefined exception
PAY-001945,INV-189402,2025-06-26,2025-26,2025-06,Transportation & Infrastructure,V0020,Supplier 020,Training,Open Competition,PO-86743,1966.7,Yes,EFT,False,False,False,False,False,False,False,False,0,Routine,False,No predefined exception
PAY-001349,INV-424368,2025-06-26,2025-26,2025-06,Transportation & Infrastructure,V0063,Supplier 063,Office Supplies,Open Competition,PO-25748,2726.18,Yes,EFT,False,False,False,False,False,False,False,False,0,Routine,False,No predefined exception
PAY-001872,INV-552333,2025-06-26,2025-26,2025-06,Municipal Services,V0016,Supplier 016,Office Supplies,Open Competition,PO-21621,703.48,Yes,EFT,False,False,False,False,False,False,False,False,0,Routine,False,No predefined exception
PAY-001269,INV-253412,2025-06-27,2025-26,2025-06,Health Services,V0075,Supplier 075,Building Maintenance,Invitational,PO-89958,1250.06,Yes,EFT,False,False,False,False,False,False,False,False,0,Routine,False,No predefined exception
PAY-000012,INV-152344,2025-06-27,2025-26,2025-06,Transportation & Infrastructure,V0036,Supplier 036,Transportation Services,Open Competition,PO-58671,2514.45,Yes,EFT,False,False,False,False,False,False,False,False,0,Routine,False,No predefined exception
PAY-001810,INV-188780,2025-06-27,2025-26,2025-06,Education,V0033,Supplier 033,IT Hardware,Invitational,PO-69718,2106.68,Yes,EFT,False,False,False,False,False,False,False,False,0,Routine,False,No predefined exception
PAY-001583,INV-843264,2025-06-28,2025-26,2025-06,Transportation & Infrastructure,V0065,Supplier 065,Professional Services,Standing Offer,PO-30028,657.93,Yes,EFT,False,False,False,False,False,False,False,False,0,Routine,False,No predefined exception
PAY-001446,INV-715326,2025-06-28,2025-26,2025-06,Natural Resources,V0027,Supplier 027,Building Maintenance,Open Competition,PO-17736,3754.67,Yes,EFT,False,False,False,False,False,False,False,False,0,Routine,False,No predefined exception
PAY-001050,INV-945844,2025-06-28,2025-26,2025-06,Justice & Public Safety,V0015,Supplier 015,Equipment,Open Competition,PO-91067,2389.07,Yes,EFT,False,False,False,False,False,False,False,False,0,Routine,False,No predefined exception
PAY-000454,INV-361849,2025-06-28,2025-26,2025-06,Natural Resources,V0037,Supplier 037,Professional Services,Open Competition,PO-96518,1148.96,Yes,EFT,False,False,False,False,False,False,False,False,0,Routine,False,No predefined exception
PAY-002086,INV-249725,2025-06-28,2025-26,2025-06,Justice & Public Safety,V0077,Supplier 077,IT Hardware,Standing Offer,PO-14502,2283.87,Yes,EFT,False,False,False,False,False,False,False,False,0,Routine,False,No predefined exception
PAY-000049,INV-312235,2025-06-28,2025-26,2025-06,Transportation & Infrastructure,V0011,Supplier 011,Transportation Services,Open Competition,PO-18418,4477.79,No,EFT,False,False,False,False,False,False,False,True,3,Moderate,True,Approval exception
PAY-002107,INV-755915,2025-06-28,2025-26,2025-06,Municipal Services,V0036,Supplier 036,Software & Licensing,Standing Offer,PO-30656,5503.05,Yes,EFT,False,False,False,False,False,False,False,False,0,Routine,False,No predefined exception
PAY-001053,INV-641797,2025-06-28,2025-26,2025-06,Health Services,V0050,Supplier 050,Building Maintenance,Invitational,PO-37196,3670.21,Yes,EFT,False,False,False,False,False,False,False,False,0,Routine,False,No predefined exception
PAY-002079,INV-875404,2025-06-29,2025-26,2025-06,Justice & Public Safety,V0048,Supplier 048,Equipment,Open Competition,PO-32064,2429.66,Yes,EFT,False,False,False,False,False,False,False,False,0,Routine,False,No predefined exception
PAY-000530,INV-804676,2025-06-29,2025-26,2025-06,Municipal Services,V0075,Supplier 075,Professional Services,Open Competition,PO-83392,4216.06,Yes,EFT,False,False,False,False,False,False,False,False,0,Routine,False,No predefined exception
PAY-001179,INV-627608,2025-06-29,2025-26,2025-06,Health Services,V0016,Supplier 016,Software & Licensing,Open Competition,PO-65061,3882.01,Yes,EFT,False,False,False,False,False,False,False,False,0,Routine,False,No predefined exception
PAY-001835,INV-713655,2025-06-29,2025-26,2025-06,Municipal Services,V0059,Supplier 059,Professional Services,Open Competition,PO-43855,3064.43,Yes,EFT,False,False,False,False,False,False,False,False,0,Routine,False,No predefined exception
PAY-000527,INV-929590,2025-06-29,2025-26,2025-06,Municipal Services,V0071,Supplier 071,Software & Licensing,Open Competition,PO-11471,1224.41,Yes,Corporate Card,False,False,False,False,False,False,False,False,0,Routine,False,No predefined exception
PAY-001608,INV-871143,2025-06-29,2025-26,2025-06,Municipal Services,V0060,Supplier 060,Software & Licensing,Open Competition,PO-60442,2594.74,Yes,EFT,False,False,False,False,False,False,False,False,0,Routine,False,No predefined exception
PAY-002177,INV-277129,2025-06-29,2025-26,2025-06,Justice & Public Safety,V0013,Supplier 013,Equipment,Invitational,PO-39330,920.38,Yes,EFT,False,False,False,False,False,False,False,False,0,Routine,False,No predefined exception
PAY-000993,INV-379349,2025-06-29,2025-26,2025-06,Health Services,V0057,Supplier 057,IT Hardware,Open Competition,PO-40753,2434.33,Yes,EFT,False,False,False,False,False,False,False,False,0,Routine,False,No predefined exception
PAY-000692,INV-872291,2025-06-29,2025-26,2025-06,Justice & Public Safety,V0037,Supplier 037,Office Supplies,Sole Source,PO-31526,2407.04,Yes,EFT,False,False,False,False,False,False,False,False,0,Routine,False,No predefined exception
PAY-000634,INV-280775,2025-06-30,2025-26,2025-06,Justice & Public Safety,V0070,Supplier 070,Professional Services,Open Competition,PO-93561,2637.82,Yes,EFT,False,False,False,False,False,False,False,False,0,Routine,False,No predefined exception
PAY-001150,INV-572312,2025-07-01,2025-26,2025-07,Justice & Public Safety,V0046,Supplier 046,Building Maintenance,Open Competition,PO-60852,1538.81,Yes,EFT,False,False,False,False,False,False,False,False,0,Routine,False,No predefined exception
PAY-000844,INV-605350,2025-07-01,2025-26,2025-07,Transportation & Infrastructure,V0021,Supplier 021,Transportation Services,Open Competition,PO-89369,2558.92,Yes,EFT,False,False,False,False,False,False,False,False,0,Routine,False,No predefined exception
PAY-001265,INV-848224,2025-07-01,2025-26,2025-07,Municipal Services,V0071,Supplier 071,Construction Services,Open Competition,PO-74427,2339.73,Yes,EFT,False,False,False,False,False,False,False,False,0,Routine,False,No predefined exception
PAY-001818,INV-804253,2025-07-01,2025-26,2025-07,Education,V0012,Supplier 012,Construction Services,Standing Offer,PO-98956,1223.76,Yes,EFT,False,False,False,False,False,False,False,False,0,Routine,False,No predefined exception
PAY-002470,INV-357137,2025-07-01,2025-26,2025-07,Natural Resources,V0044,Supplier 044,Construction Services,Invitational,PO-80514,1902.39,Yes,EFT,False,False,False,False,False,False,False,False,0,Routine,False,No predefined exception
PAY-002417,INV-932651,2025-07-01,2025-26,2025-07,Natural Resources,V0050,Supplier 050,Construction Services,Open Competition,PO-96949,3493.07,Yes,Cheque,False,False,False,False,False,False,False,False,0,Routine,False,No predefined exception
PAY-001635,INV-191656,2025-07-01,2025-26,2025-07,Natural Resources,V0019,Supplier 019,Transportation Services,Open Competition,PO-82359,2356.19,Yes,EFT,False,False,False,False,False,False,False,False,0,Routine,False,No predefined exception
PAY-001740,INV-464446,2025-07-01,2025-26,2025-07,Education,V0035,Supplier 035,Construction Services,Invitational,PO-12967,1837.27,Yes,EFT,False,False,False,False,False,False,False,False,0,Routine,False,No predefined exception
PAY-000389,INV-445452,2025-07-01,2025-26,2025-07,Natural Resources,V0043,Supplier 043,Transportation Services,Standing Offer,PO-92420,2416.93,Yes,Cheque,False,False,False,False,False,False,False,False,0,Routine,False,No predefined exception
PAY-000057,INV-963787,2025-07-01,2025-26,2025-07,Natural Resources,V0062,Supplier 062,Transportation Services,Standing Offer,PO-33877,350.44,Yes,EFT,False,False,False,False,False,False,False,False,0,Routine,False,No predefined exception
PAY-000436,INV-308886,2025-07-01,2025-26,2025-07,Justice & Public Safety,V0032,Supplier 032,Training,Open Competition,PO-54782,1030.95,Yes,EFT,False,False,False,False,False,False,False,False,0,Routine,False,No predefined exception
PAY-002115,INV-994932,2025-07-02,2025-26,2025-07,Transportation & Infrastructure,V0019,Supplier 019,Office Supplies,Invitational,PO-29305,1307.69,Yes,EFT,False,False,False,False,False,False,False,False,0,Routine,False,No predefined exception
PAY-001902,INV-732079,2025-07-02,2025-26,2025-07,Health Services,V0042,Supplier 042,Equipment,Open Competition,PO-41403,615.39,Yes,EFT,False,False,False,False,False,False,False,False,0,Routine,False,No predefined exception
PAY-001978,INV-473994,2025-07-02,2025-26,2025-07,Education,V0045,Supplier 045,IT Hardware,Open Competition,PO-47784,4884.65,Yes,EFT,False,False,False,False,False,False,False,False,0,Routine,False,No predefined exception
PAY-001763,INV-457395,2025-07-02,2025-26,2025-07,Transportation & Infrastructure,V0017,Supplier 017,Training,Open Competition,PO-51817,2883.33,Yes,Cheque,False,False,False,False,False,False,False,False,0,Routine,False,No predefined exception
PAY-000529,INV-540847,2025-07-02,2025-26,2025-07,Education,V0078,Supplier 078,Transportation Services,Open Competition,PO-82025,3251.27,Yes,EFT,False,False,False,False,False,False,False,False,0,Routine,False,No predefined exception
PAY-000837,INV-636114,2025-07-02,2025-26,2025-07,Justice & Public Safety,V0071,Supplier 071,Training,Standing Offer,PO-97165,1619.92,Yes,EFT,False,False,False,False,False,False,False,False,0,Routine,False,No predefined exception
PAY-001019,INV-801865,2025-07-03,2025-26,2025-07,Health Services,V0078,Supplier 078,Construction Services,Invitational,PO-81828,9364.56,Yes,EFT,False,False,False,False,True,False,False,False,2,Moderate,True,Statistical amount outlier
PAY-000472,INV-474842,2025-07-03,2025-26,2025-07,Digital Government,V0059,Supplier 059,Transportation Services,Invitational,PO-89510,30457.33,Yes,EFT,False,False,False,False,True,False,False,False,2,Moderate,True,Statistical amount outlier
PAY-000973,INV-670993,2025-07-03,2025-26,2025-07,Natural Resources,V0052,Supplier 052,Equipment,Invitational,PO-61531,3071.57,Yes,EFT,False,False,False,False,False,False,False,False,0,Routine,False,No predefined exception
PAY-000343,INV-544244,2025-07-04,2025-26,2025-07,Health Services,V0039,Supplier 039,Training,Invitational,PO-52706,3583.0,Yes,EFT,False,False,False,False,False,False,False,False,0,Routine,False,No predefined exception
PAY-000764,INV-659650,2025-07-04,2025-26,2025-07,Justice & Public Safety,V0007,Supplier 007,Transportation Services,Sole Source,PO-36366,3059.98,Yes,EFT,False,False,False,False,False,False,False,False,0,Routine,False,No predefined exception
PAY-001114,INV-786126,2025-07-04,2025-26,2025-07,Municipal Services,V0023,Supplier 023,Transportation Services,Sole Source,PO-96980,24722.19,Yes,EFT,False,False,False,False,True,True,False,False,4,Higher,True,Statistical amount outlier; Higher-value sole-source transaction
PAY-001020,INV-264404,2025-07-04,2025-26,2025-07,Justice & Public Safety,V0010,Supplier 010,Software & Licensing,Invitational,PO-35551,2182.75,No,EFT,False,False,False,False,False,False,False,True,3,Moderate,True,Approval exception
PAY-000520,INV-689214,2025-07-04,2025-26,2025-07,Justice & Public Safety,V0031,Supplier 031,Equipment,Standing Offer,PO-23303,3569.18,Yes,EFT,False,False,False,False,False,False,False,False,0,Routine,False,No predefined exception
PAY-000828,INV-514021,2025-07-04,2025-26,2025-07,Education,V0020,Supplier 020,Construction Services,Invitational,PO-73327,1542.01,Yes,EFT,False,False,False,False,False,False,False,False,0,Routine,False,No predefined exception
PAY-002399,INV-741687,2025-07-04,2025-26,2025-07,Municipal Services,V0055,Supplier 055,Software & Licensing,Open Competition,PO-17797,1239.66,Yes,EFT,False,False,False,False,False,False,False,False,0,Routine,False,No predefined exception
PAY-001799,INV-799495,2025-07-04,2025-26,2025-07,Municipal Services,V0021,Supplier 021,IT Hardware,Standing Offer,PO-31826,1057.57,Yes,Cheque,False,False,False,False,False,False,False,False,0,Routine,False,No predefined exception
PAY-000144,INV-750506,2025-07-05,2025-26,2025-07,Justice & Public Safety,V0039,Supplier 039,Professional Services,Standing Offer,PO-22549,1451.43,Yes,Cheque,False,False,False,False,False,False,False,False,0,Routine,False,No predefined exception
PAY-000193,INV-764471,2025-07-05,2025-26,2025-07,Natural Resources,V0011,Supplier 011,Transportation Services,Open Competition,PO-77370,1913.18,Yes,EFT,False,False,False,False,False,False,False,False,0,Routine,False,No predefined exception
PAY-001502,INV-285541,2025-07-05,2025-26,2025-07,Municipal Services,V0062,Supplier 062,Office Supplies,Standing Offer,PO-41210,1482.84,Yes,EFT,False,False,False,False,False,False,False,False,0,Routine,False,No predefined exception
PAY-001268,INV-150755,2025-07-05,2025-26,2025-07,Justice & Public Safety,V0046,Supplier 046,Software & Licensing,Open Competition,PO-31116,8847.82,Yes,EFT,False,False,False,False,False,False,False,False,0,Routine,False,No predefined exception
PAY-000494,INV-196952,2025-07-05,2025-26,2025-07,Natural Resources,V0003,Supplier 003,Building Maintenance,Invitational,PO-63762,5487.68,Yes,EFT,False,False,False,False,False,False,False,False,0,Routine,False,No predefined exception
PAY-001919,INV-400314,2025-07-05,2025-26,2025-07,Health Services,V0007,Supplier 007,Equipment,Open Competition,PO-65103,864.29,Yes,EFT,False,False,False,False,False,False,False,False,0,Routine,False,No predefined exception
PAY-000450,INV-879105,2025-07-05,2025-26,2025-07,Justice & Public Safety,V0010,Supplier 010,Office Supplies,Open Competition,PO-98706,4817.03,Yes,EFT,False,False,False,False,False,False,False,False,0,Routine,False,No predefined exception
PAY-002416,INV-802121,2025-07-05,2025-26,2025-07,Natural Resources,V0020,Supplier 020,Office Supplies,Open Competition,PO-39249,2641.14,Yes,EFT,False,False,False,False,False,False,False,False,0,Routine,False,No predefined exception
PAY-000547,INV-919564,2025-07-05,2025-26,2025-07,Digital Government,V0011,Supplier 011,Equipment,Standing Offer,PO-32027,472.18,Yes,EFT,False,False,False,False,False,False,False,False,0,Routine,False,No predefined exception
PAY-000321,INV-815295,2025-07-06,2025-26,2025-07,Justice & Public Safety,V0010,Supplier 010,Transportation Services,Open Competition,PO-87090,7625.57,Yes,EFT,False,False,False,False,False,False,False,False,0,Routine,False,No predefined exception
PAY-000234,INV-764006,2025-07-06,2025-26,2025-07,Digital Government,V0027,Supplier 027,Construction Services,Open Competition,PO-15094,2140.83,Yes,EFT,False,False,False,False,False,False,False,False,0,Routine,False,No predefined exception
PAY-001085,INV-541758,2025-07-06,2025-26,2025-07,Digital Government,V0021,Supplier 021,Office Supplies,Standing Offer,PO-61696,4577.24,Yes,EFT,False,False,False,False,False,False,False,False,0,Routine,False,No predefined exception
PAY-002449,INV-790778,2025-07-06,2025-26,2025-07,Health Services,V0068,Supplier 068,Training,Open Competition,PO-74441,655.55,Yes,EFT,False,False,False,False,False,False,False,False,0,Routine,False,No predefined exception
PAY-001264,INV-867754,2025-07-06,2025-26,2025-07,Health Services,V0046,Supplier 046,IT Hardware,Sole Source,PO-11415,7386.75,Yes,EFT,False,False,False,False,False,False,False,False,0,Routine,False,No predefined exception
PAY-000738,INV-165439,2025-07-07,2025-26,2025-07,Education,V0007,Supplier 007,IT Hardware,Open Competition,PO-19109,21923.84,Yes,EFT,False,False,False,False,True,False,False,False,2,Moderate,True,Statistical amount outlier
PAY-001479,INV-838925,2025-07-07,2025-26,2025-07,Justice & Public Safety,V0008,Supplier 008,Transportation Services,Standing Offer,PO-50278,4082.8,Yes,Cheque,False,False,False,False,False,False,False,False,0,Routine,False,No predefined exception
PAY-001388,INV-752192,2025-07-07,2025-26,2025-07,Municipal Services,V0049,Supplier 049,IT Hardware,Open Competition,PO-69658,2001.18,Yes,EFT,False,False,False,False,False,False,False,False,0,Routine,False,No predefined exception
PAY-000793,INV-979401,2025-07-07,2025-26,2025-07,Transportation & Infrastructure,V0036,Supplier 036,Transportation Services,Standing Offer,PO-69888,3480.29,Yes,EFT,False,False,False,False,False,False,False,False,0,Routine,False,No predefined exception
PAY-001587,INV-502205,2025-07-07,2025-26,2025-07,Digital Government,V0010,Supplier 010,Building Maintenance,Open Competition,PO-30129,4693.7,Yes,EFT,False,False,False,False,False,False,False,False,0,Routine,False,No predefined exception
PAY-001333,INV-697457,2025-07-07,2025-26,2025-07,Municipal Services,V0013,Supplier 013,Professional Services,Standing Offer,PO-35836,2554.83,Yes,EFT,False,False,False,False,False,False,False,False,0,Routine,False,No predefined exception
PAY-001359,INV-120655,2025-07-07,2025-26,2025-07,Transportation & Infrastructure,V0060,Supplier 060,Building Maintenance,Open Competition,PO-63709,398.25,Yes,EFT,False,False,False,False,False,False,False,False,0,Routine,False,No predefined exception
PAY-000230,INV-871965,2025-07-07,2025-26,2025-07,Municipal Services,V0063,Supplier 063,Building Maintenance,Open Competition,PO-55474,9900.0,Yes,EFT,False,False,False,True,True,False,False,False,4,Higher,True,Near hypothetical threshold; Statistical amount outlier
PAY-002094,INV-507922,2025-07-07,2025-26,2025-07,Justice & Public Safety,V0058,Supplier 058,Construction Services,Open Competition,PO-55487,12913.46,Yes,EFT,False,False,False,False,True,False,False,False,2,Moderate,True,Statistical amount outlier
PAY-000336,INV-727751,2025-07-08,2025-26,2025-07,Justice & Public Safety,V0019,Supplier 019,Construction Services,Open Competition,PO-76944,2177.78,Yes,EFT,False,False,False,False,False,False,False,False,0,Routine,False,No predefined exception
PAY-000272,INV-121341,2025-07-08,2025-26,2025-07,Natural Resources,V0007,Supplier 007,Construction Services,Standing Offer,PO-76945,1679.38,Yes,Cheque,False,False,False,False,False,False,False,False,0,Routine,False,No predefined exception
PAY-000740,INV-826747,2025-07-08,2025-26,2025-07,Education,V0007,Supplier 007,Construction Services,Open Competition,PO-56408,7019.78,Yes,EFT,False,False,False,False,False,False,False,False,0,Routine,False,No predefined exception
PAY-000580,INV-770392,2025-07-08,2025-26,2025-07,Health Services,V0026,Supplier 026,Office Supplies,Sole Source,PO-78500,3337.8,Yes,EFT,False,False,False,False,False,False,False,False,0,Routine,False,No predefined exception
PAY-000545,INV-180691,2025-07-08,2025-26,2025-07,Justice & Public Safety,V0019,Supplier 019,Professional Services,Invitational,PO-44524,35117.34,Yes,EFT,False,False,False,False,True,False,False,False,2,Moderate,True,Statistical amount outlier
PAY-000289,INV-149156,2025-07-08,2025-26,2025-07,Transportation & Infrastructure,V0017,Supplier 017,IT Hardware,Open Competition,PO-84674,3331.6,Yes,EFT,False,False,False,False,False,False,False,False,0,Routine,False,No predefined exception
PAY-000344,INV-946533,2025-07-08,2025-26,2025-07,Natural Resources,V0068,Supplier 068,Training,Standing Offer,PO-86587,14754.55,No,EFT,False,False,False,False,True,False,False,True,5,Higher,True,Statistical amount outlier; Approval exception
PAY-001569,INV-324793,2025-07-08,2025-26,2025-07,Health Services,V0065,Supplier 065,Software & Licensing,Open Competition,PO-50747,5879.5,Yes,EFT,False,False,False,False,False,False,False,False,0,Routine,False,No predefined exception
PAY-001725,INV-318827,2025-07-08,2025-26,2025-07,Health Services,V0025,Supplier 025,Professional Services,Sole Source,PO-28358,967.64,Yes,EFT,False,False,False,False,False,False,False,False,0,Routine,False,No predefined exception
PAY-000120,INV-275037,2025-07-08,2025-26,2025-07,Natural Resources,V0017,Supplier 017,IT Hardware,Sole Source,PO-87817,763.02,Yes,EFT,False,False,False,False,False,False,False,False,0,Routine,False,No predefined exception
PAY-002441,INV-669405,2025-07-08,2025-26,2025-07,Transportation & Infrastructure,V0024,Supplier 024,Building Maintenance,Invitational,PO-78069,722.06,Yes,EFT,False,False,False,False,False,False,False,False,0,Routine,False,No predefined exception
PAY-000257,INV-534352,2025-07-08,2025-26,2025-07,Digital Government,V0051,Supplier 051,Office Supplies,Open Competition,PO-85145,1774.18,Yes,EFT,False,False,False,False,False,False,False,False,0,Routine,False,No predefined exception
PAY-000488,INV-466378,2025-07-09,2025-26,2025-07,Health Services,V0066,Supplier 066,Software & Licensing,Open Competition,PO-14188,643.34,Yes,EFT,False,False,False,False,False,False,False,False,0,Routine,False,No predefined exception
PAY-000013,INV-870348,2025-07-09,2025-26,2025-07,Digital Government,V0041,Supplier 041,Office Supplies,Open Competition,PO-77777,3640.84,Yes,EFT,False,False,False,False,False,False,False,False,0,Routine,False,No predefined exception
PAY-000478,INV-399479,2025-07-09,2025-26,2025-07,Education,V0071,Supplier 071,Professional Services,Open Competition,PO-41305,2934.59,Yes,EFT,False,False,False,False,False,False,False,False,0,Routine,False,No predefined exception
PAY-002221,INV-616379,2025-07-09,2025-26,2025-07,Education,V0066,Supplier 066,Office Supplies,Open Competition,PO-28030,1294.93,Yes,EFT,False,False,False,False,False,False,False,False,0,Routine,False,No predefined exception
PAY-000569,INV-386100,2025-07-09,2025-26,2025-07,Justice & Public Safety,V0005,Supplier 005,IT Hardware,Open Competition,PO-23489,7420.83,Yes,Cheque,False,False,False,False,False,False,False,False,0,Routine,False,No predefined exception
PAY-001943,INV-844990,2025-07-09,2025-26,2025-07,Digital Government,V0054,Supplier 054,Equipment,Standing Offer,PO-21106,961.71,Yes,EFT,False,False,False,False,False,False,False,False,0,Routine,False,No predefined exception
PAY-000510,INV-815768,2025-07-10,2025-26,2025-07,Digital Government,,,Office Supplies,Invitational,PO-32975,4543.49,Yes,Cheque,False,True,False,False,False,False,False,False,2,Moderate,True,Missing vendor information
PAY-000411,INV-169202,2025-07-10,2025-26,2025-07,Transportation & Infrastructure,V0008,Supplier 008,Software & Licensing,Open Competition,PO-20564,2470.85,No,EFT,False,False,False,False,False,False,False,True,3,Moderate,True,Approval exception
PAY-002367,INV-332682,2025-07-10,2025-26,2025-07,Natural Resources,V0063,Supplier 063,Building Maintenance,Invitational,PO-65549,6492.01,Yes,Corporate Card,False,False,False,False,False,False,False,False,0,Routine,False,No predefined exception
PAY-001426,INV-524190,2025-07-10,2025-26,2025-07,Transportation & Infrastructure,V0052,Supplier 052,Training,Standing Offer,PO-61467,1570.41,Yes,Corporate Card,False,False,False,False,False,False,False,False,0,Routine,False,No predefined exception
PAY-000126,INV-225865,2025-07-10,2025-26,2025-07,Municipal Services,V0055,Supplier 055,Equipment,Sole Source,PO-98719,809.43,Yes,EFT,False,False,False,False,False,False,False,False,0,Routine,False,No predefined exception
PAY-001014,INV-496601,2025-07-10,2025-26,2025-07,Justice & Public Safety,V0006,Supplier 006,IT Hardware,Standing Offer,,1032.41,Yes,EFT,False,False,True,False,False,False,False,False,1,Routine,False,Missing purchase order
PAY-002455,INV-353807,2025-07-10,2025-26,2025-07,Health Services,V0027,Supplier 027,IT Hardware,Standing Offer,PO-21452,4074.84,Yes,EFT,False,False,False,False,False,False,False,False,0,Routine,False,No predefined exception
PAY-000202,INV-532184,2025-07-10,2025-26,2025-07,Municipal Services,V0031,Supplier 031,Office Supplies,Invitational,PO-14991,9500.0,Yes,EFT,False,False,False,True,True,False,False,False,4,Higher,True,Near hypothetical threshold; Statistical amount outlier
PAY-001160,INV-386287,2025-07-10,2025-26,2025-07,Health Services,V0016,Supplier 016,Training,Open Competition,PO-32670,2992.33,Yes,EFT,False,False,False,False,False,False,False,False,0,Routine,False,No predefined exception
PAY-002119,INV-913171,2025-07-11,2025-26,2025-07,Transportation & Infrastructure,V0018,Supplier 018,Building Maintenance,Open Competition,PO-14825,1331.53,Yes,EFT,False,False,False,False,False,False,False,False,0,Routine,False,No predefined exception
PAY-001422,INV-388172,2025-07-11,2025-26,2025-07,Natural Resources,V0053,Supplier 053,Building Maintenance,Open Competition,PO-60969,2060.65,Yes,EFT,False,False,False,False,False,False,False,False,0,Routine,False,No predefined exception
PAY-002263,INV-609163,2025-07-11,2025-26,2025-07,Justice & Public Safety,V0073,Supplier 073,IT Hardware,Open Competition,PO-41584,503.47,Yes,EFT,False,False,False,False,False,False,False,False,0,Routine,False,No predefined exception
PAY-002300,INV-219815,2025-07-11,2025-26,2025-07,Natural Resources,V0047,Supplier 047,Software & Licensing,Invitational,PO-11363,3111.04,Yes,EFT,False,False,False,False,False,False,False,False,0,Routine,False,No predefined exception
PAY-002095,INV-652197,2025-07-11,2025-26,2025-07,Health Services,V0052,Supplier 052,Software & Licensing,Open Competition,PO-40451,5328.17,Yes,EFT,False,False,False,False,False,False,False,False,0,Routine,False,No predefined exception
PAY-001806,INV-417455,2025-07-11,2025-26,2025-07,Transportation & Infrastructure,V0048,Supplier 048,Equipment,Open Competition,PO-69851,18440.33,Yes,EFT,False,False,False,False,True,False,False,False,2,Moderate,True,Statistical amount outlier
PAY-002097,INV-812932,2025-07-11,2025-26,2025-07,Natural Resources,V0035,Supplier 035,IT Hardware,Invitational,PO-35099,1252.36,Yes,EFT,False,False,False,False,False,False,False,False,0,Routine,False,No predefined exception
PAY-002452,INV-643056,2025-07-12,2025-26,2025-07,Education,V0036,Supplier 036,Office Supplies,Open Competition,PO-42815,2736.6,Yes,EFT,False,False,False,False,False,False,False,False,0,Routine,False,No predefined exception
PAY-000417,INV-257699,2025-07-12,2025-26,2025-07,Education,V0010,Supplier 010,Training,Open Competition,,7773.55,Yes,EFT,False,False,True,False,False,False,False,False,1,Routine,False,Missing purchase order
PAY-000008,INV-988921,2025-07-12,2025-26,2025-07,Municipal Services,V0016,Supplier 016,Building Maintenance,Standing Offer,PO-14206,1186.69,Yes,EFT,False,False,False,False,False,False,False,False,0,Routine,False,No predefined exception
PAY-000787,INV-974168,2025-07-12,2025-26,2025-07,Digital Government,V0007,Supplier 007,Training,Sole Source,PO-90249,1346.44,Yes,EFT,False,False,False,False,False,False,False,False,0,Routine,False,No predefined exception
PAY-001831,INV-980624,2025-07-12,2025-26,2025-07,Digital Government,V0053,Supplier 053,Software & Licensing,Open Competition,PO-97718,15519.94,Yes,EFT,False,False,False,False,True,False,False,False,2,Moderate,True,Statistical amount outlier
PAY-001471,INV-386453,2025-07-12,2025-26,2025-07,Natural Resources,V0050,Supplier 050,Building Maintenance,Invitational,PO-78550,2469.34,Yes,EFT,False,False,False,False,False,False,False,False,0,Routine,False,No predefined exception
PAY-000001,INV-399155,2025-07-12,2025-26,2025-07,Digital Government,V0035,Supplier 035,Equipment,Sole Source,PO-10794,4115.41,Yes,EFT,False,False,False,False,False,False,False,False,0,Routine,False,No predefined exception
PAY-002329,INV-576857,2025-07-13,2025-26,2025-07,Health Services,V0006,Supplier 006,Transportation Services,Standing Offer,PO-82580,1080.16,Yes,EFT,False,False,False,False,False,False,False,False,0,Routine,False,No predefined exception
PAY-001140,INV-916117,2025-07-13,2025-26,2025-07,Justice & Public Safety,V0047,Supplier 047,Equipment,Open Competition,PO-85287,895.59,Yes,EFT,False,False,False,False,False,False,False,False,0,Routine,False,No predefined exception
PAY-001137,INV-796805,2025-07-13,2025-26,2025-07,Municipal Services,V0025,Supplier 025,Building Maintenance,Open Competition,PO-48484,7834.46,Yes,EFT,False,False,False,False,False,False,False,False,0,Routine,False,No predefined exception
PAY-001071,INV-757346,2025-07-13,2025-26,2025-07,Education,V0057,Supplier 057,Building Maintenance,Open Competition,PO-74850,1117.09,Yes,EFT,False,False,False,False,False,False,False,False,0,Routine,False,No predefined exception
PAY-001070,INV-812165,2025-07-13,2025-26,2025-07,Justice & Public Safety,V0010,Supplier 010,Construction Services,Standing Offer,,722.86,Yes,EFT,False,False,True,False,False,False,False,False,1,Routine,False,Missing purchase order
PAY-001057,INV-366186,2025-07-13,2025-26,2025-07,Education,V0039,Supplier 039,Transportation Services,Open Competition,PO-32825,5163.81,Yes,Cheque,False,False,False,False,False,False,False,False,0,Routine,False,No predefined exception
PAY-000369,INV-206379,2025-07-13,2025-26,2025-07,Transportation & Infrastructure,V0006,Supplier 006,Office Supplies,Open Competition,PO-57351,2092.8,Yes,Cheque,False,False,False,False,False,False,False,False,0,Routine,False,No predefined exception
PAY-001413,INV-624362,2025-07-13,2025-26,2025-07,Justice & Public Safety,V0001,Supplier 001,Training,Open Competition,PO-49253,1203.74,Yes,EFT,False,False,False,False,False,False,False,False,0,Routine,False,No predefined exception
PAY-000284,INV-178840,2025-07-13,2025-26,2025-07,Health Services,V0079,Supplier 079,Construction Services,Invitational,PO-47210,3007.95,Yes,EFT,False,False,False,False,False,False,False,False,0,Routine,False,No predefined exception
PAY-000739,INV-762554,2025-07-14,2025-26,2025-07,Municipal Services,V0007,Supplier 007,Software & Licensing,Open Competition,PO-93726,29611.78,Yes,EFT,False,False,False,False,True,False,False,False,2,Moderate,True,Statistical amount outlier
PAY-001589,INV-529199,2025-07-14,2025-26,2025-07,Natural Resources,V0055,Supplier 055,Transportation Services,Open Competition,PO-59214,1621.08,Yes,EFT,False,False,False,False,False,False,False,False,0,Routine,False,No predefined exception
PAY-001920,INV-329016,2025-07-14,2025-26,2025-07,Digital Government,V0072,Supplier 072,Training,Open Competition,PO-79856,2478.2,Yes,EFT,False,False,False,False,False,False,False,False,0,Routine,False,No predefined exception
PAY-000532,INV-552558,2025-07-14,2025-26,2025-07,Education,V0029,Supplier 029,Professional Services,Open Competition,PO-15664,8330.01,Yes,EFT,False,False,False,False,False,False,False,False,0,Routine,False,No predefined exception
PAY-000066,INV-382803,2025-07-15,2025-26,2025-07,Transportation & Infrastructure,V0021,Supplier 021,Software & Licensing,Open Competition,,1625.93,Yes,EFT,False,False,True,False,False,False,False,False,1,Routine,False,Missing purchase order
PAY-000804,INV-954032,2025-07-15,2025-26,2025-07,Education,V0003,Supplier 003,Professional Services,Standing Offer,PO-50664,1167.55,Yes,Cheque,False,False,False,False,False,False,False,False,0,Routine,False,No predefined exception
PAY-002171,INV-601477,2025-07-15,2025-26,2025-07,Municipal Services,V0006,Supplier 006,Software & Licensing,Open Competition,PO-85594,3708.09,Yes,EFT,False,False,False,False,False,False,False,False,0,Routine,False,No predefined exception
PAY-002315,INV-942000,2025-07-15,2025-26,2025-07,Digital Government,V0027,Supplier 027,Software & Licensing,Standing Offer,PO-53224,3033.05,Yes,Corporate Card,False,False,False,False,False,False,False,False,0,Routine,False,No predefined exception
PAY-000429,INV-739548,2025-07-15,2025-26,2025-07,Transportation & Infrastructure,V0050,Supplier 050,Construction Services,Standing Offer,PO-24783,3640.0,Yes,Cheque,False,False,False,False,False,False,False,False,0,Routine,False,No predefined exception
PAY-001149,INV-289937,2025-07-15,2025-26,2025-07,Digital Government,V0077,Supplier 077,Building Maintenance,Invitational,PO-38063,2829.9,Yes,Cheque,False,False,False,False,False,False,False,False,0,Routine,False,No predefined exception
PAY-001839,INV-703910,2025-07-15,2025-26,2025-07,Health Services,V0018,Supplier 018,Construction Services,Open Competition,PO-32807,3040.79,Yes,EFT,False,False,False,False,False,False,False,False,0,Routine,False,No predefined exception
PAY-000004,INV-537480,2025-07-16,2025-26,2025-07,Natural Resources,V0056,Supplier 056,IT Hardware,Open Competition,PO-41063,6155.11,Yes,EFT,False,False,False,False,False,False,False,False,0,Routine,False,No predefined exception
PAY-000868,INV-975512,2025-07-16,2025-26,2025-07,Digital Government,V0080,Supplier 080,IT Hardware,Invitational,PO-53945,2118.6,Yes,EFT,False,False,False,False,False,False,False,False,0,Routine,False,No predefined exception
PAY-001555,INV-696649,2025-07-16,2025-26,2025-07,Natural Resources,V0023,Supplier 023,Training,Invitational,PO-10537,1953.16,Yes,EFT,False,False,False,False,False,False,False,False,0,Routine,False,No predefined exception
PAY-001993,INV-576785,2025-07-16,2025-26,2025-07,Education,V0026,Supplier 026,Equipment,Open Competition,PO-38573,8187.97,Yes,Cheque,False,False,False,False,False,False,False,False,0,Routine,False,No predefined exception
PAY-002147,INV-846777,2025-07-16,2025-26,2025-07,Justice & Public Safety,V0022,Supplier 022,Building Maintenance,Open Competition,PO-62749,704.66,Yes,EFT,False,False,False,False,False,False,False,False,0,Routine,False,No predefined exception
PAY-002003,INV-475601,2025-07-17,2025-26,2025-07,Health Services,V0060,Supplier 060,Equipment,Open Competition,PO-87263,6071.78,Yes,EFT,False,False,False,False,False,False,False,False,0,Routine,False,No predefined exception
PAY-002232,INV-728580,2025-07-17,2025-26,2025-07,Education,V0050,Supplier 050,Equipment,Invitational,PO-75640,2371.91,Yes,EFT,False,False,False,False,False,False,False,False,0,Routine,False,No predefined exception
PAY-001420,INV-223199,2025-07-17,2025-26,2025-07,Municipal Services,V0063,Supplier 063,Construction Services,Invitational,PO-83425,2281.42,Yes,Cheque,False,False,False,False,False,False,False,False,0,Routine,False,No predefined exception
PAY-000166,INV-895477,2025-07-17,2025-26,2025-07,Justice & Public Safety,V0027,Supplier 027,Software & Licensing,Open Competition,PO-50452,730.87,Yes,EFT,False,False,False,False,False,False,False,False,0,Routine,False,No predefined exception
PAY-001492,INV-642462,2025-07-17,2025-26,2025-07,Justice & Public Safety,V0008,Supplier 008,Office Supplies,Sole Source,PO-12272,1277.93,Yes,EFT,False,False,False,False,False,False,False,False,0,Routine,False,No predefined exception
PAY-002182,INV-484906,2025-07-17,2025-26,2025-07,Health Services,V0024,Supplier 024,Building Maintenance,Open Competition,PO-74784,6444.41,Yes,EFT,False,False,False,False,False,False,False,False,0,Routine,False,No predefined exception
PAY-000415,INV-302123,2025-07-17,2025-26,2025-07,Digital Government,V0055,Supplier 055,Training,Standing Offer,PO-67614,2091.3,Yes,EFT,False,False,False,False,False,False,False,False,0,Routine,False,No predefined exception
PAY-001476,INV-325409,2025-07-17,2025-26,2025-07,Natural Resources,V0010,Supplier 010,Software & Licensing,Open Competition,PO-56158,1898.86,Yes,Corporate Card,False,False,False,False,False,False,False,False,0,Routine,False,No predefined exception
PAY-002267,INV-767538,2025-07-18,2025-26,2025-07,Municipal Services,V0078,Supplier 078,Construction Services,Open Competition,PO-88466,1943.23,Yes,EFT,False,False,False,False,False,False,False,False,0,Routine,False,No predefined exception
PAY-001332,INV-882516,2025-07-18,2025-26,2025-07,Transportation & Infrastructure,V0012,Supplier 012,Construction Services,Standing Offer,PO-46671,5349.58,Yes,EFT,False,False,False,False,False,False,False,False,0,Routine,False,No predefined exception
PAY-000587,INV-222026,2025-07-18,2025-26,2025-07,Justice & Public Safety,V0058,Supplier 058,Software & Licensing,Standing Offer,PO-25958,3293.72,Yes,EFT,False,False,False,False,False,False,False,False,0,Routine,False,No predefined exception
PAY-002402,INV-499489,2025-07-19,2025-26,2025-07,Health Services,V0020,Supplier 020,Equipment,Open Competition,PO-76689,3239.35,Yes,EFT,False,False,False,False,False,False,False,False,0,Routine,False,No predefined exception
PAY-002122,INV-153019,2025-07-19,2025-26,2025-07,Justice & Public Safety,V0066,Supplier 066,IT Hardware,Standing Offer,PO-29996,6263.28,Yes,EFT,False,False,False,False,False,False,False,False,0,Routine,False,No predefined exception
PAY-001162,INV-207044,2025-07-19,2025-26,2025-07,Transportation & Infrastructure,V0073,Supplier 073,Transportation Services,Standing Offer,PO-42991,5499.27,Yes,EFT,False,False,False,False,False,False,False,False,0,Routine,False,No predefined exception
PAY-001139,INV-567143,2025-07-20,2025-26,2025-07,Justice & Public Safety,V0039,Supplier 039,Construction Services,Standing Offer,PO-36295,1306.09,Yes,EFT,False,False,False,False,False,False,False,False,0,Routine,False,No predefined exception
PAY-000823,INV-239133,2025-07-20,2025-26,2025-07,Natural Resources,V0039,Supplier 039,Software & Licensing,Invitational,PO-13417,187.49,Yes,EFT,False,False,False,False,False,False,False,False,0,Routine,False,No predefined exception
PAY-001390,INV-726787,2025-07-20,2025-26,2025-07,Justice & Public Safety,V0015,Supplier 015,Building Maintenance,Open Competition,PO-64598,847.95,Yes,EFT,False,False,False,False,False,False,False,False,0,Routine,False,No predefined exception
PAY-001079,INV-829668,2025-07-20,2025-26,2025-07,Transportation & Infrastructure,V0019,Supplier 019,Office Supplies,Open Competition,PO-57674,4392.08,Yes,EFT,False,False,False,False,False,False,False,False,0,Routine,False,No predefined exception
PAY-001955,INV-870543,2025-07-20,2025-26,2025-07,Transportation & Infrastructure,V0045,Supplier 045,Equipment,Standing Offer,PO-64058,1419.5,Yes,Cheque,False,False,False,False,False,False,False,False,0,Routine,False,No predefined exception
PAY-000897,INV-194202,2025-07-20,2025-26,2025-07,Health Services,V0069,Supplier 069,IT Hardware,Open Competition,PO-11628,2473.2,Yes,EFT,False,False,False,False,False,False,False,False,0,Routine,False,No predefined exception
PAY-001858,INV-649264,2025-07-20,2025-26,2025-07,Municipal Services,V0070,Supplier 070,Professional Services,Open Competition,PO-31859,146.99,Yes,EFT,False,False,False,False,False,False,False,False,0,Routine,False,No predefined exception
PAY-001285,INV-841067,2025-07-21,2025-26,2025-07,Municipal Services,V0059,Supplier 059,Construction Services,Standing Offer,PO-21085,1253.91,Yes,EFT,False,False,False,False,False,False,False,False,0,Routine,False,No predefined exception
PAY-000779,INV-258998,2025-07-21,2025-26,2025-07,Transportation & Infrastructure,V0007,Supplier 007,IT Hardware,Open Competition,PO-27949,644.93,Yes,EFT,False,False,False,False,False,False,False,False,0,Routine,False,No predefined exception
PAY-000262,INV-211776,2025-07-21,2025-26,2025-07,Municipal Services,V0039,Supplier 039,Professional Services,Invitational,PO-59185,683.03,Yes,EFT,False,False,False,False,False,False,False,False,0,Routine,False,No predefined exception
PAY-000288,INV-982799,2025-07-21,2025-26,2025-07,Digital Government,V0057,Supplier 057,Software & Licensing,Open Competition,PO-38015,758.52,Yes,EFT,False,False,False,False,False,False,False,False,0,Routine,False,No predefined exception
PAY-000201,INV-841204,2025-07-22,2025-26,2025-07,Education,V0002,Supplier 002,Training,Open Competition,PO-98961,9990.0,Yes,Corporate Card,False,False,False,True,True,False,False,False,4,Higher,True,Near hypothetical threshold; Statistical amount outlier
PAY-001233,INV-327444,2025-07-22,2025-26,2025-07,Transportation & Infrastructure,V0018,Supplier 018,Equipment,Open Competition,PO-41103,912.1,Yes,Corporate Card,False,False,False,False,False,False,False,False,0,Routine,False,No predefined exception
PAY-001382,INV-430825,2025-07-22,2025-26,2025-07,Natural Resources,V0073,Supplier 073,IT Hardware,Standing Offer,PO-21703,1742.95,Yes,EFT,False,False,False,False,False,False,False,False,0,Routine,False,No predefined exception
PAY-001674,INV-718634,2025-07-22,2025-26,2025-07,Education,V0004,Supplier 004,Professional Services,Invitational,PO-10388,8450.37,Yes,EFT,False,False,False,False,False,False,False,False,0,Routine,False,No predefined exception
PAY-000203,INV-261149,2025-07-22,2025-26,2025-07,Education,V0027,Supplier 027,Professional Services,Invitational,PO-26067,9990.0,Yes,EFT,False,False,False,True,True,False,False,False,4,Higher,True,Near hypothetical threshold; Statistical amount outlier
PAY-000283,INV-409044,2025-07-22,2025-26,2025-07,Education,V0058,Supplier 058,Office Supplies,Open Competition,PO-85462,1061.43,Yes,EFT,False,False,False,False,False,False,False,False,0,Routine,False,No predefined exception
PAY-000206,INV-289216,2025-07-22,2025-26,2025-07,Education,V0004,Supplier 004,Training,Standing Offer,PO-45794,9995.0,Yes,Cheque,False,False,False,True,True,False,False,False,4,Higher,True,Near hypothetical threshold; Statistical amount outlier
PAY-000196,INV-738071,2025-07-22,2025-26,2025-07,Justice & Public Safety,V0023,Supplier 023,Professional Services,Standing Offer,PO-86668,1035.39,Yes,EFT,False,False,False,False,False,False,False,False,0,Routine,False,No predefined exception
PAY-000877,INV-701383,2025-07-22,2025-26,2025-07,Digital Government,V0021,Supplier 021,Building Maintenance,Open Competition,PO-99898,1057.37,Yes,Corporate Card,False,False,False,False,False,False,False,False,0,Routine,False,No predefined exception
PAY-000989,INV-485105,2025-07-22,2025-26,2025-07,Digital Government,V0077,Supplier 077,IT Hardware,Standing Offer,PO-61645,1999.92,Yes,EFT,False,False,False,False,False,False,False,False,0,Routine,False,No predefined exception
PAY-000362,INV-811823,2025-07-23,2025-26,2025-07,Digital Government,V0022,Supplier 022,Training,Open Competition,PO-33583,4340.79,Yes,Cheque,False,False,False,False,False,False,False,False,0,Routine,False,No predefined exception
PAY-001614,INV-512857,2025-07-23,2025-26,2025-07,Transportation & Infrastructure,V0003,Supplier 003,Office Supplies,Open Competition,PO-50755,4492.47,Yes,EFT,False,False,False,False,False,False,False,False,0,Routine,False,No predefined exception
PAY-000535,INV-519876,2025-07-23,2025-26,2025-07,Municipal Services,V0048,Supplier 048,Training,Invitational,PO-38359,1240.48,Yes,EFT,False,False,False,False,False,False,False,False,0,Routine,False,No predefined exception
PAY-002060,INV-177924,2025-07-23,2025-26,2025-07,Municipal Services,V0054,Supplier 054,IT Hardware,Standing Offer,PO-19695,939.63,Yes,Cheque,False,False,False,False,False,False,False,False,0,Routine,False,No predefined exception
PAY-002349,INV-691293,2025-07-23,2025-26,2025-07,Digital Government,V0075,Supplier 075,Construction Services,Open Competition,PO-83251,5275.48,Yes,EFT,False,False,False,False,False,False,False,False,0,Routine,False,No predefined exception
PAY-001234,INV-440716,2025-07-23,2025-26,2025-07,Municipal Services,V0064,Supplier 064,Professional Services,Open Competition,PO-88938,2709.07,Yes,EFT,False,False,False,False,False,False,False,False,0,Routine,False,No predefined exception
PAY-001115,INV-989694,2025-07-24,2025-26,2025-07,Municipal Services,V0046,Supplier 046,Construction Services,Sole Source,PO-63520,21498.26,Yes,EFT,False,False,False,False,True,True,False,False,4,Higher,True,Statistical amount outlier; Higher-value sole-source transaction
PAY-002328,INV-264244,2025-07-24,2025-26,2025-07,Transportation & Infrastructure,V0050,Supplier 050,Building Maintenance,Invitational,PO-26734,1601.2,Yes,EFT,False,False,False,False,False,False,False,False,0,Routine,False,No predefined exception
PAY-000531,INV-467508,2025-07-24,2025-26,2025-07,Justice & Public Safety,V0071,Supplier 071,Building Maintenance,Open Competition,,9088.58,Yes,EFT,False,False,True,False,True,False,False,False,3,Moderate,True,Missing purchase order; Statistical amount outlier
PAY-001620,INV-150713,2025-07-24,2025-26,2025-07,Health Services,V0042,Supplier 042,Construction Services,Standing Offer,PO-50510,4733.54,Yes,EFT,False,False,False,False,False,False,False,False,0,Routine,False,No predefined exception
PAY-001317,INV-822496,2025-07-24,2025-26,2025-07,Education,V0048,Supplier 048,Software & Licensing,Open Competition,PO-39107,2390.17,Yes,EFT,False,False,False,False,False,False,False,False,0,Routine,False,No predefined exception
PAY-002305,INV-267973,2025-07-25,2025-26,2025-07,Transportation & Infrastructure,V0051,Supplier 051,Building Maintenance,Open Competition,PO-34811,1476.69,Yes,EFT,False,False,False,False,False,False,False,False,0,Routine,False,No predefined exception
PAY-002464,INV-910364,2025-07-25,2025-26,2025-07,Justice & Public Safety,V0016,Supplier 016,Transportation Services,Standing Offer,PO-29979,1509.84,Yes,EFT,False,False,False,False,False,False,False,False,0,Routine,False,No predefined exception
PAY-001829,INV-510609,2025-07-25,2025-26,2025-07,Justice & Public Safety,V0052,Supplier 052,Office Supplies,Standing Offer,PO-14418,6095.94,Yes,EFT,False,False,False,False,False,False,False,False,0,Routine,False,No predefined exception
PAY-000281,INV-448951,2025-07-25,2025-26,2025-07,Education,V0063,Supplier 063,Office Supplies,Open Competition,PO-27958,1008.14,Yes,EFT,False,False,False,False,False,False,False,False,0,Routine,False,No predefined exception
PAY-000346,INV-326179,2025-07-25,2025-26,2025-07,Natural Resources,V0063,Supplier 063,Office Supplies,Open Competition,PO-70634,13063.69,Yes,EFT,False,False,False,False,True,False,False,False,2,Moderate,True,Statistical amount outlier
PAY-000178,INV-473145,2025-07-25,2025-26,2025-07,Municipal Services,V0041,Supplier 041,Training,Open Competition,PO-78517,1904.13,Yes,EFT,False,False,False,False,False,False,False,False,0,Routine,False,No predefined exception
PAY-001922,INV-986408,2025-07-26,2025-26,2025-07,Natural Resources,V0067,Supplier 067,Equipment,Open Competition,PO-76696,4174.24,Yes,EFT,False,False,False,False,False,False,False,False,0,Routine,False,No predefined exception
PAY-001788,INV-720804,2025-07-26,2025-26,2025-07,Education,V0010,Supplier 010,Professional Services,Invitational,PO-19431,5653.44,Yes,EFT,False,False,False,False,False,False,False,False,0,Routine,False,No predefined exception
PAY-001462,INV-776419,2025-07-26,2025-26,2025-07,Justice & Public Safety,V0071,Supplier 071,Office Supplies,Invitational,PO-47807,3700.26,Yes,EFT,False,False,False,False,False,False,False,False,0,Routine,False,No predefined exception
PAY-000440,INV-960931,2025-07-26,2025-26,2025-07,Transportation & Infrastructure,V0035,Supplier 035,Transportation Services,Open Competition,PO-54874,6822.1,Yes,EFT,False,False,False,False,False,False,False,False,0,Routine,False,No predefined exception
PAY-002408,INV-192091,2025-07-26,2025-26,2025-07,Digital Government,V0071,Supplier 071,Equipment,Open Competition,PO-86323,2532.57,Yes,EFT,False,False,False,False,False,False,False,False,0,Routine,False,No predefined exception
PAY-002130,INV-862473,2025-07-26,2025-26,2025-07,Municipal Services,V0031,Supplier 031,Software & Licensing,Open Competition,PO-33968,1768.42,Yes,EFT,False,False,False,False,False,False,False,False,0,Routine,False,No predefined exception
PAY-001350,INV-549871,2025-07-26,2025-26,2025-07,Health Services,V0038,Supplier 038,Construction Services,Standing Offer,,2602.86,Yes,EFT,False,False,True,False,False,False,False,False,1,Routine,False,Missing purchase order
PAY-000654,INV-836854,2025-07-26,2025-26,2025-07,Municipal Services,V0030,Supplier 030,Construction Services,Open Competition,PO-91478,3130.36,Yes,EFT,False,False,False,False,False,False,False,False,0,Routine,False,No predefined exception
PAY-002499,INV-483609,2025-07-26,2025-26,2025-07,Transportation & Infrastructure,V0026,Supplier 026,Transportation Services,Standing Offer,PO-78464,15063.1,Yes,EFT,False,False,False,False,True,False,False,False,2,Moderate,True,Statistical amount outlier
PAY-001173,INV-170309,2025-07-26,2025-26,2025-07,Municipal Services,V0008,Supplier 008,Building Maintenance,Standing Offer,PO-88121,1674.01,Yes,EFT,False,False,False,False,False,False,False,False,0,Routine,False,No predefined exception
PAY-002150,INV-588161,2025-07-26,2025-26,2025-07,Natural Resources,V0030,Supplier 030,Equipment,Standing Offer,PO-20370,2179.83,Yes,Cheque,False,False,False,False,False,False,False,False,0,Routine,False,No predefined exception
PAY-000983,INV-850046,2025-07-27,2025-26,2025-07,Digital Government,V0035,Supplier 035,Software & Licensing,Open Competition,PO-23635,4151.97,Yes,EFT,False,False,False,False,False,False,False,False,0,Routine,False,No predefined exception
PAY-000972,INV-578997,2025-07-27,2025-26,2025-07,Natural Resources,V0018,Supplier 018,Training,Open Competition,PO-95499,1759.58,Yes,Cheque,False,False,False,False,False,False,False,False,0,Routine,False,No predefined exception
PAY-001208,INV-701513,2025-07-27,2025-26,2025-07,Justice & Public Safety,V0044,Supplier 044,Construction Services,Open Competition,,1012.01,Yes,EFT,False,False,True,False,False,False,False,False,1,Routine,False,Missing purchase order
PAY-001975,INV-858685,2025-07-27,2025-26,2025-07,Health Services,V0057,Supplier 057,Building Maintenance,Standing Offer,PO-74963,2523.72,Yes,EFT,False,False,False,False,False,False,False,False,0,Routine,False,No predefined exception
PAY-002330,INV-164340,2025-07-27,2025-26,2025-07,Digital Government,V0051,Supplier 051,Construction Services,Open Competition,PO-32313,4883.8,Yes,Corporate Card,False,False,False,False,False,False,False,False,0,Routine,False,No predefined exception
PAY-000770,INV-305827,2025-07-27,2025-26,2025-07,Health Services,V0007,Supplier 007,Building Maintenance,Invitational,PO-45364,6894.47,Yes,EFT,False,False,False,False,False,False,False,False,0,Routine,False,No predefined exception
PAY-001096,INV-477218,2025-07-27,2025-26,2025-07,Digital Government,V0060,Supplier 060,Software & Licensing,Standing Offer,PO-42259,1730.71,Yes,Cheque,False,False,False,False,False,False,False,False,0,Routine,False,No predefined exception
PAY-002199,INV-158408,2025-07-27,2025-26,2025-07,Transportation & Infrastructure,V0062,Supplier 062,Equipment,Invitational,PO-65180,6191.09,Yes,EFT,False,False,False,False,False,False,False,False,0,Routine,False,No predefined exception
PAY-000452,INV-320326,2025-07-27,2025-26,2025-07,Municipal Services,V0056,Supplier 056,IT Hardware,Invitational,PO-65441,8302.18,Yes,EFT,False,False,False,False,False,False,False,False,0,Routine,False,No predefined exception
PAY-002012,INV-703841,2025-07-28,2025-26,2025-07,Municipal Services,V0065,Supplier 065,Professional Services,Standing Offer,PO-73012,1102.46,Yes,EFT,False,False,False,False,False,False,False,False,0,Routine,False,No predefined exception
PAY-002058,INV-656664,2025-07-28,2025-26,2025-07,Health Services,V0021,Supplier 021,Transportation Services,Open Competition,PO-96481,1188.87,Yes,EFT,False,False,False,False,False,False,False,False,0,Routine,False,No predefined exception
PAY-002235,INV-138346,2025-07-28,2025-26,2025-07,Education,V0017,Supplier 017,Equipment,Invitational,PO-88872,3201.04,Yes,EFT,False,False,False,False,False,False,False,False,0,Routine,False,No predefined exception
PAY-000722,INV-136160,2025-07-28,2025-26,2025-07,Digital Government,V0007,Supplier 007,Software & Licensing,Standing Offer,PO-70216,26397.43,Yes,EFT,False,False,False,False,True,False,False,False,2,Moderate,True,Statistical amount outlier
PAY-001296,INV-307302,2025-07-28,2025-26,2025-07,Natural Resources,V0015,Supplier 015,Office Supplies,Standing Offer,PO-74566,613.38,Yes,Cheque,False,False,False,False,False,False,False,False,0,Routine,False,No predefined exception
PAY-001884,INV-764164,2025-07-28,2025-26,2025-07,Health Services,V0008,Supplier 008,Equipment,Open Competition,PO-55002,5424.14,Yes,EFT,False,False,False,False,False,False,False,False,0,Routine,False,No predefined exception
PAY-000433,INV-498845,2025-07-29,2025-26,2025-07,Justice & Public Safety,V0072,Supplier 072,Software & Licensing,Open Competition,PO-48718,4826.06,Yes,EFT,False,False,False,False,False,False,False,False,0,Routine,False,No predefined exception
PAY-001311,INV-396952,2025-07-29,2025-26,2025-07,Municipal Services,V0076,Supplier 076,Software & Licensing,Open Competition,PO-93146,2394.39,Yes,EFT,False,False,False,False,False,False,False,False,0,Routine,False,No predefined exception
PAY-001998,INV-939763,2025-07-29,2025-26,2025-07,Digital Government,V0008,Supplier 008,Professional Services,Invitational,PO-50887,1457.02,Yes,Cheque,False,False,False,False,False,False,False,False,0,Routine,False,No predefined exception
PAY-001272,INV-970793,2025-07-29,2025-26,2025-07,Education,V0072,Supplier 072,IT Hardware,Standing Offer,,3646.26,Yes,EFT,False,False,True,False,False,False,False,False,1,Routine,False,Missing purchase order
PAY-001582,INV-475574,2025-07-29,2025-26,2025-07,Natural Resources,V0032,Supplier 032,Building Maintenance,Standing Offer,PO-36719,1788.08,Yes,EFT,False,False,False,False,False,False,False,False,0,Routine,False,No predefined exception
PAY-000279,INV-823776,2025-07-29,2025-26,2025-07,Municipal Services,V0026,Supplier 026,Equipment,Open Competition,PO-21263,898.69,Yes,EFT,False,False,False,False,False,False,False,False,0,Routine,False,No predefined exception
PAY-001704,INV-199764,2025-07-29,2025-26,2025-07,Health Services,V0075,Supplier 075,IT Hardware,Standing Offer,PO-66501,900.7,Yes,Cheque,False,False,False,False,False,False,False,False,0,Routine,False,No predefined exception
PAY-002336,INV-509664,2025-07-30,2025-26,2025-07,Justice & Public Safety,V0014,Supplier 014,IT Hardware,Open Competition,PO-54758,3581.02,Yes,EFT,False,False,False,False,False,False,False,False,0,Routine,False,No predefined exception
PAY-000863,INV-116535,2025-07-30,2025-26,2025-07,Education,V0069,Supplier 069,Construction Services,Standing Offer,PO-28851,1267.73,Yes,EFT,False,False,False,False,False,False,False,False,0,Routine,False,No predefined exception
PAY-002207,INV-950712,2025-07-30,2025-26,2025-07,Municipal Services,V0048,Supplier 048,Construction Services,Sole Source,PO-97411,1569.69,Yes,EFT,False,False,False,False,False,False,False,False,0,Routine,False,No predefined exception
PAY-001992,INV-219324,2025-07-30,2025-26,2025-07,Digital Government,V0032,Supplier 032,Training,Open Competition,PO-23834,6011.89,Yes,EFT,False,False,False,False,False,False,False,False,0,Routine,False,No predefined exception
PAY-002317,INV-990733,2025-07-30,2025-26,2025-07,Transportation & Infrastructure,V0080,Supplier 080,Office Supplies,Invitational,PO-17539,4219.48,Yes,EFT,False,False,False,False,False,False,False,False,0,Routine,False,No predefined exception
PAY-000177,INV-113440,2025-07-30,2025-26,2025-07,Justice & Public Safety,V0029,Supplier 029,IT Hardware,Standing Offer,PO-59217,4101.87,Yes,EFT,False,False,False,False,False,False,False,False,0,Routine,False,No predefined exception
PAY-000689,INV-632125,2025-07-31,2025-26,2025-07,Municipal Services,V0029,Supplier 029,Training,Open Competition,,3419.47,Yes,EFT,False,False,True,False,False,False,False,False,1,Routine,False,Missing purchase order
PAY-001837,INV-498640,2025-07-31,2025-26,2025-07,Education,V0027,Supplier 027,Office Supplies,Standing Offer,PO-53220,4061.38,Yes,EFT,False,False,False,False,False,False,False,False,0,Routine,False,No predefined exception
PAY-000592,INV-607532,2025-07-31,2025-26,2025-07,Health Services,V0009,Supplier 009,Professional Services,Open Competition,,2938.74,Yes,EFT,False,False,True,False,False,False,False,False,1,Routine,False,Missing purchase order
PAY-000446,INV-356681,2025-07-31,2025-26,2025-07,Digital Government,V0064,Supplier 064,Building Maintenance,Invitational,PO-80714,885.66,Yes,EFT,False,False,False,False,False,False,False,False,0,Routine,False,No predefined exception
PAY-000612,INV-720343,2025-07-31,2025-26,2025-07,Natural Resources,V0044,Supplier 044,Software & Licensing,Invitational,,3626.6,Yes,EFT,False,False,True,False,False,False,False,False,1,Routine,False,Missing purchase order
PAY-000009,INV-800614,2025-07-31,2025-26,2025-07,Transportation & Infrastructure,V0018,Supplier 018,Building Maintenance,Open Competition,PO-30897,1866.59,Yes,EFT,False,False,False,False,False,False,False,False,0,Routine,False,No predefined exception
PAY-001877,INV-305728,2025-07-31,2025-26,2025-07,Transportation & Infrastructure,V0028,Supplier 028,Equipment,Standing Offer,PO-69484,2045.06,Yes,EFT,False,False,False,False,False,False,False,False,0,Routine,False,No predefined exception
PAY-000840,INV-610283,2025-07-31,2025-26,2025-07,Health Services,V0073,Supplier 073,Construction Services,Standing Offer,PO-89459,9383.86,Yes,EFT,False,False,False,False,True,False,False,False,2,Moderate,True,Statistical amount outlier
PAY-001365,INV-442962,2025-07-31,2025-26,2025-07,Health Services,V0055,Supplier 055,Professional Services,Standing Offer,PO-57213,1577.44,Yes,EFT,False,False,False,False,False,False,False,False,0,Routine,False,No predefined exception
PAY-001093,INV-770533,2025-08-01,2025-26,2025-08,Justice & Public Safety,V0049,Supplier 049,Construction Services,Invitational,PO-96126,1027.05,Yes,EFT,False,False,False,False,False,False,False,False,0,Routine,False,No predefined exception
PAY-001843,INV-775899,2025-08-01,2025-26,2025-08,Health Services,V0003,Supplier 003,Software & Licensing,Open Competition,PO-23374,570.59,Yes,Cheque,False,False,False,False,False,False,False,False,0,Routine,False,No predefined exception
PAY-001591,INV-270534,2025-08-01,2025-26,2025-08,Digital Government,V0017,Supplier 017,Training,Open Competition,PO-79661,2832.85,Yes,EFT,False,False,False,False,False,False,False,False,0,Routine,False,No predefined exception
PAY-000225,INV-905654,2025-08-01,2025-26,2025-08,Transportation & Infrastructure,V0061,Supplier 061,Professional Services,Sole Source,PO-86427,9990.0,Yes,Cheque,False,False,False,True,True,False,False,False,4,Higher,True,Near hypothetical threshold; Statistical amount outlier
PAY-002460,INV-281383,2025-08-02,2025-26,2025-08,Justice & Public Safety,V0067,Supplier 067,Software & Licensing,Invitational,PO-28036,8744.74,Yes,EFT,False,False,False,False,False,False,False,False,0,Routine,False,No predefined exception
PAY-000428,INV-979554,2025-08-02,2025-26,2025-08,Education,V0017,Supplier 017,Building Maintenance,Open Competition,PO-97533,792.94,Yes,EFT,False,False,False,False,False,False,False,False,0,Routine,False,No predefined exception
PAY-002151,INV-250534,2025-08-02,2025-26,2025-08,Health Services,V0010,Supplier 010,Transportation Services,Invitational,PO-16777,517.0,Yes,EFT,False,False,False,False,False,False,False,False,0,Routine,False,No predefined exception
PAY-001603,INV-165641,2025-08-02,2025-26,2025-08,Digital Government,V0055,Supplier 055,Equipment,Standing Offer,PO-71300,3819.33,Yes,EFT,False,False,False,False,False,False,False,False,0,Routine,False,No predefined exception
PAY-000236,INV-849856,2025-08-02,2025-26,2025-08,Transportation & Infrastructure,V0007,Supplier 007,IT Hardware,Open Competition,PO-46131,5464.25,Yes,EFT,False,False,False,False,False,False,False,False,0,Routine,False,No predefined exception
PAY-002254,INV-903051,2025-08-03,2025-26,2025-08,Digital Government,V0079,Supplier 079,Construction Services,Open Competition,PO-63586,1264.41,Yes,EFT,False,False,False,False,False,False,False,False,0,Routine,False,No predefined exception
PAY-001061,INV-638304,2025-08-03,2025-26,2025-08,Digital Government,V0040,Supplier 040,Software & Licensing,Standing Offer,PO-94536,35292.21,Yes,EFT,False,False,False,False,True,False,False,False,2,Moderate,True,Statistical amount outlier
PAY-001932,INV-463308,2025-08-03,2025-26,2025-08,Justice & Public Safety,V0042,Supplier 042,Building Maintenance,Open Competition,PO-78910,3368.62,Yes,EFT,False,False,False,False,False,False,False,False,0,Routine,False,No predefined exception
PAY-000400,INV-636119,2025-08-03,2025-26,2025-08,Digital Government,V0059,Supplier 059,Building Maintenance,Standing Offer,PO-84843,1214.94,Yes,EFT,False,False,False,False,False,False,False,False,0,Routine,False,No predefined exception
PAY-002208,INV-902194,2025-08-03,2025-26,2025-08,Health Services,V0013,Supplier 013,Office Supplies,Open Competition,PO-84864,1936.51,Yes,EFT,False,False,False,False,False,False,False,False,0,Routine,False,No predefined exception
PAY-002028,INV-440362,2025-08-04,2025-26,2025-08,Natural Resources,V0080,Supplier 080,Software & Licensing,Invitational,PO-87217,6294.19,Yes,EFT,False,False,False,False,False,False,False,False,0,Routine,False,No predefined exception
PAY-000819,INV-939141,2025-08-04,2025-26,2025-08,Natural Resources,V0011,Supplier 011,Professional Services,Standing Offer,PO-27355,4681.07,Yes,EFT,False,False,False,False,False,False,False,False,0,Routine,False,No predefined exception
PAY-000451,INV-905609,2025-08-04,2025-26,2025-08,Justice & Public Safety,V0007,Supplier 007,Software & Licensing,Invitational,PO-83606,274.64,Yes,EFT,False,False,False,False,False,False,False,False,0,Routine,False,No predefined exception
PAY-000639,INV-874124,2025-08-04,2025-26,2025-08,Health Services,V0052,Supplier 052,Professional Services,Open Competition,PO-79368,1912.12,Yes,Cheque,False,False,False,False,False,False,False,False,0,Routine,False,No predefined exception
PAY-000644,INV-327436,2025-08-04,2025-26,2025-08,Digital Government,V0038,Supplier 038,IT Hardware,Open Competition,PO-14200,2511.63,Yes,EFT,False,False,False,False,False,False,False,False,0,Routine,False,No predefined exception
PAY-002040,INV-198185,2025-08-04,2025-26,2025-08,Education,V0073,Supplier 073,Construction Services,Sole Source,PO-68856,22882.2,Yes,EFT,False,False,False,False,True,True,False,False,4,Higher,True,Statistical amount outlier; Higher-value sole-source transaction
PAY-000214,INV-994923,2025-08-04,2025-26,2025-08,Digital Government,V0021,Supplier 021,Software & Licensing,Open Competition,PO-90373,9750.0,Yes,EFT,False,False,False,True,True,False,False,False,4,Higher,True,Near hypothetical threshold; Statistical amount outlier
PAY-001866,INV-819005,2025-08-05,2025-26,2025-08,Municipal Services,V0003,Supplier 003,Transportation Services,Invitational,PO-99526,2569.14,Yes,EFT,False,False,False,False,False,False,False,False,0,Routine,False,No predefined exception
PAY-001148,INV-339646,2025-08-05,2025-26,2025-08,Health Services,V0037,Supplier 037,Training,Open Competition,PO-15556,3096.83,Yes,EFT,False,False,False,False,False,False,False,False,0,Routine,False,No predefined exception
PAY-000443,INV-583761,2025-08-05,2025-26,2025-08,Natural Resources,V0037,Supplier 037,Professional Services,Open Competition,PO-35618,837.43,Yes,EFT,False,False,False,False,False,False,False,False,0,Routine,False,No predefined exception
PAY-000366,INV-156116,2025-08-05,2025-26,2025-08,Education,V0061,Supplier 061,Software & Licensing,Open Competition,PO-21718,7216.94,Yes,EFT,False,False,False,False,False,False,False,False,0,Routine,False,No predefined exception
PAY-000883,INV-342330,2025-08-05,2025-26,2025-08,Natural Resources,V0063,Supplier 063,Construction Services,Standing Offer,PO-97599,878.98,Yes,EFT,False,False,False,False,False,False,False,False,0,Routine,False,No predefined exception
PAY-000352,INV-450036,2025-08-06,2025-26,2025-08,Education,V0076,Supplier 076,Construction Services,Open Competition,PO-13498,225000.0,Yes,EFT,False,False,False,False,True,False,False,False,2,Moderate,True,Statistical amount outlier
PAY-001314,INV-683247,2025-08-06,2025-26,2025-08,Health Services,V0013,Supplier 013,Software & Licensing,Standing Offer,PO-58478,3675.14,Yes,EFT,False,False,False,False,False,False,False,False,0,Routine,False,No predefined exception
PAY-002415,INV-635827,2025-08-06,2025-26,2025-08,Digital Government,V0058,Supplier 058,Transportation Services,Open Competition,PO-79345,9077.45,Yes,EFT,False,False,False,False,True,False,False,False,2,Moderate,True,Statistical amount outlier
PAY-000249,INV-544503,2025-08-06,2025-26,2025-08,Health Services,V0025,Supplier 025,IT Hardware,Open Competition,PO-87530,1421.34,Yes,EFT,False,False,False,False,False,False,False,False,0,Routine,False,No predefined exception
PAY-001339,INV-724705,2025-08-06,2025-26,2025-08,Transportation & Infrastructure,V0016,Supplier 016,Professional Services,Standing Offer,PO-79245,2539.37,Yes,EFT,False,False,False,False,False,False,False,False,0,Routine,False,No predefined exception
PAY-001185,INV-620114,2025-08-06,2025-26,2025-08,Health Services,V0001,Supplier 001,Training,Open Competition,PO-15135,1166.56,Yes,Cheque,False,False,False,False,False,False,False,False,0,Routine,False,No predefined exception
PAY-000171,INV-127302,2025-08-06,2025-26,2025-08,Justice & Public Safety,V0013,Supplier 013,Construction Services,Invitational,PO-64407,4783.05,Yes,EFT,False,False,False,False,False,False,False,False,0,Routine,False,No predefined exception
PAY-000305,INV-241900,2025-08-06,2025-26,2025-08,Education,V0006,Supplier 006,Office Supplies,Standing Offer,PO-24876,1134.07,Yes,EFT,False,False,False,False,False,False,False,False,0,Routine,False,No predefined exception
PAY-000100,INV-297780,2025-08-07,2025-26,2025-08,Digital Government,V0040,Supplier 040,IT Hardware,Invitational,PO-33838,4421.97,Yes,EFT,False,False,False,False,False,False,False,False,0,Routine,False,No predefined exception
PAY-000253,INV-525643,2025-08-07,2025-26,2025-08,Transportation & Infrastructure,V0012,Supplier 012,IT Hardware,Standing Offer,PO-23589,1982.15,Yes,EFT,False,False,False,False,False,False,False,False,0,Routine,False,No predefined exception
PAY-002047,INV-103771,2025-08-07,2025-26,2025-08,Health Services,V0053,Supplier 053,Professional Services,Open Competition,PO-87686,381.78,Yes,EFT,False,False,False,False,False,False,False,False,0,Routine,False,No predefined exception
PAY-001410,INV-123723,2025-08-07,2025-26,2025-08,Digital Government,V0050,Supplier 050,IT Hardware,Standing Offer,PO-25648,2925.41,Yes,EFT,False,False,False,False,False,False,False,False,0,Routine,False,No predefined exception
PAY-000444,INV-883566,2025-08-07,2025-26,2025-08,Health Services,V0013,Supplier 013,Construction Services,Invitational,PO-31882,2221.16,Yes,EFT,False,False,False,False,False,False,False,False,0,Routine,False,No predefined exception
PAY-002104,INV-485781,2025-08-07,2025-26,2025-08,Education,V0009,Supplier 009,Building Maintenance,Invitational,PO-26819,1888.23,Yes,EFT,False,False,False,False,False,False,False,False,0,Routine,False,No predefined exception
PAY-002296,INV-722561,2025-08-08,2025-26,2025-08,Justice & Public Safety,V0035,Supplier 035,Office Supplies,Sole Source,PO-78712,13557.82,Yes,EFT,False,False,False,False,True,True,False,False,4,Higher,True,Statistical amount outlier; Higher-value sole-source transaction
PAY-001732,INV-477224,2025-08-08,2025-26,2025-08,Natural Resources,V0042,Supplier 042,Construction Services,Invitational,PO-68301,3131.83,Yes,EFT,False,False,False,False,False,False,False,False,0,Routine,False,No predefined exception
PAY-002435,INV-478226,2025-08-08,2025-26,2025-08,Digital Government,V0005,Supplier 005,Transportation Services,Sole Source,PO-89544,1037.75,Yes,EFT,False,False,False,False,False,False,False,False,0,Routine,False,No predefined exception
PAY-002006,INV-526042,2025-08-08,2025-26,2025-08,Municipal Services,V0031,Supplier 031,Construction Services,Open Competition,PO-63323,1763.54,Yes,EFT,False,False,False,False,False,False,False,False,0,Routine,False,No predefined exception
PAY-001368,INV-880498,2025-08-08,2025-26,2025-08,Education,V0013,Supplier 013,Construction Services,Open Competition,,748.86,Yes,EFT,False,False,True,False,False,False,False,False,1,Routine,False,Missing purchase order
PAY-002281,INV-230466,2025-08-08,2025-26,2025-08,Municipal Services,V0071,Supplier 071,Professional Services,Invitational,PO-12140,4988.6,Yes,EFT,False,False,False,False,False,False,False,False,0,Routine,False,No predefined exception
PAY-001113,INV-387667,2025-08-08,2025-26,2025-08,Education,V0035,Supplier 035,Office Supplies,Sole Source,PO-10166,71096.62,Yes,EFT,False,False,False,False,True,True,False,False,4,Higher,True,Statistical amount outlier; Higher-value sole-source transaction
PAY-000215,INV-417231,2025-08-08,2025-26,2025-08,Natural Resources,V0074,Supplier 074,Building Maintenance,Open Competition,PO-63861,9850.0,No,EFT,False,False,False,True,True,False,False,True,7,Higher,True,Near hypothetical threshold; Statistical amount outlier; Approval exception
PAY-001959,INV-835733,2025-08-08,2025-26,2025-08,Justice & Public Safety,V0071,Supplier 071,IT Hardware,Open Competition,PO-76377,1082.68,Yes,EFT,False,False,False,False,False,False,False,False,0,Routine,False,No predefined exception
PAY-002388,INV-776079,2025-08-08,2025-26,2025-08,Digital Government,V0053,Supplier 053,Construction Services,Open Competition,PO-88603,4190.52,Yes,EFT,False,False,False,False,False,False,False,False,0,Routine,False,No predefined exception
PAY-002428,INV-491407,2025-08-08,2025-26,2025-08,Municipal Services,V0032,Supplier 032,Building Maintenance,Open Competition,PO-17121,2075.75,Yes,EFT,False,False,False,False,False,False,False,False,0,Routine,False,No predefined exception
PAY-001010,INV-435639,2025-08-08,2025-26,2025-08,Natural Resources,V0016,Supplier 016,Transportation Services,Open Competition,PO-75234,1922.83,Yes,EFT,False,False,False,False,False,False,False,False,0,Routine,False,No predefined exception
PAY-000208,INV-277169,2025-08-08,2025-26,2025-08,Transportation & Infrastructure,V0035,Supplier 035,Software & Licensing,Standing Offer,PO-48392,9950.0,Yes,EFT,False,False,False,True,True,False,False,False,4,Higher,True,Near hypothetical threshold; Statistical amount outlier
PAY-001934,INV-848462,2025-08-09,2025-26,2025-08,Natural Resources,V0003,Supplier 003,Transportation Services,Standing Offer,PO-64063,643.27,Yes,EFT,False,False,False,False,False,False,False,False,0,Routine,False,No predefined exception
PAY-000042,INV-629787,2025-08-09,2025-26,2025-08,Education,V0079,Supplier 079,Equipment,Open Competition,PO-78495,1044.83,Yes,EFT,False,False,False,False,False,False,False,False,0,Routine,False,No predefined exception
PAY-001242,INV-236149,2025-08-09,2025-26,2025-08,Education,V0066,Supplier 066,Training,Open Competition,PO-76543,4097.33,Yes,EFT,False,False,False,False,False,False,False,False,0,Routine,False,No predefined exception
PAY-000016,INV-558819,2025-08-09,2025-26,2025-08,Education,V0015,Supplier 015,Transportation Services,Standing Offer,PO-49583,2033.04,Yes,EFT,False,False,False,False,False,False,False,False,0,Routine,False,No predefined exception
PAY-000127,INV-748033,2025-08-09,2025-26,2025-08,Digital Government,V0019,Supplier 019,Transportation Services,Open Competition,PO-18127,5081.76,Yes,EFT,False,False,False,False,False,False,False,False,0,Routine,False,No predefined exception
PAY-001898,INV-971806,2025-08-09,2025-26,2025-08,Digital Government,V0032,Supplier 032,Software & Licensing,Open Competition,PO-79191,420.37,Yes,EFT,False,False,False,False,False,False,False,False,0,Routine,False,No predefined exception
PAY-001480,INV-468697,2025-08-09,2025-26,2025-08,Transportation & Infrastructure,V0021,Supplier 021,Building Maintenance,Invitational,PO-57155,1501.65,Yes,EFT,False,False,False,False,False,False,False,False,0,Routine,False,No predefined exception
PAY-001418,INV-513757,2025-08-09,2025-26,2025-08,Education,V0028,Supplier 028,Software & Licensing,Standing Offer,PO-19074,2352.27,Yes,EFT,False,False,False,False,False,False,False,False,0,Routine,False,No predefined exception
PAY-000276,INV-408474,2025-08-09,2025-26,2025-08,Natural Resources,V0075,Supplier 075,Equipment,Invitational,PO-38821,1295.01,Yes,EFT,False,False,False,False,False,False,False,False,0,Routine,False,No predefined exception
PAY-002096,INV-618993,2025-08-10,2025-26,2025-08,Natural Resources,V0029,Supplier 029,Professional Services,Open Competition,PO-34630,8144.91,Yes,EFT,False,False,False,False,False,False,False,False,0,Routine,False,No predefined exception
PAY-002176,INV-882046,2025-08-10,2025-26,2025-08,Natural Resources,V0010,Supplier 010,Office Supplies,Open Competition,PO-56794,4304.24,Yes,EFT,False,False,False,False,False,False,False,False,0,Routine,False,No predefined exception
PAY-001049,INV-569984,2025-08-10,2025-26,2025-08,Justice & Public Safety,V0048,Supplier 048,Software & Licensing,Invitational,PO-36281,530.93,Yes,EFT,False,False,False,False,False,False,False,False,0,Routine,False,No predefined exception
PAY-000626,INV-887839,2025-08-10,2025-26,2025-08,Natural Resources,V0073,Supplier 073,Software & Licensing,Standing Offer,PO-93364,8296.04,Yes,EFT,False,False,False,False,False,False,False,False,0,Routine,False,No predefined exception
PAY-001238,INV-366285,2025-08-10,2025-26,2025-08,Municipal Services,V0041,Supplier 041,Construction Services,Standing Offer,PO-68219,3504.74,Yes,EFT,False,False,False,False,False,False,False,False,0,Routine,False,No predefined exception
PAY-001145,INV-883123,2025-08-11,2025-26,2025-08,Transportation & Infrastructure,V0022,Supplier 022,IT Hardware,Standing Offer,PO-32451,2025.18,Yes,Cheque,False,False,False,False,False,False,False,False,0,Routine,False,No predefined exception
PAY-001652,INV-775025,2025-08-11,2025-26,2025-08,Health Services,V0037,Supplier 037,Building Maintenance,Open Competition,PO-58998,991.51,Yes,Cheque,False,False,False,False,False,False,False,False,0,Routine,False,No predefined exception
PAY-000981,INV-959613,2025-08-11,2025-26,2025-08,Natural Resources,V0033,Supplier 033,Equipment,Open Competition,PO-10785,3077.91,Yes,EFT,False,False,False,False,False,False,False,False,0,Routine,False,No predefined exception
PAY-002474,INV-871279,2025-08-11,2025-26,2025-08,Municipal Services,V0056,Supplier 056,Construction Services,Standing Offer,PO-27722,1645.78,Yes,EFT,False,False,False,False,False,False,False,False,0,Routine,False,No predefined exception
PAY-001984,INV-371334,2025-08-11,2025-26,2025-08,Municipal Services,V0034,Supplier 034,Software & Licensing,Standing Offer,PO-56662,2230.85,Yes,EFT,False,False,False,False,False,False,False,False,0,Routine,False,No predefined exception
PAY-002135,INV-615971,2025-08-11,2025-26,2025-08,Natural Resources,V0026,Supplier 026,Construction Services,Standing Offer,PO-24432,4495.31,Yes,EFT,False,False,False,False,False,False,False,False,0,Routine,False,No predefined exception
PAY-000807,INV-657373,2025-08-11,2025-26,2025-08,Natural Resources,V0054,Supplier 054,Equipment,Open Competition,PO-58098,2864.39,Yes,EFT,False,False,False,False,False,False,False,False,0,Routine,False,No predefined exception
PAY-000745,INV-592508,2025-08-11,2025-26,2025-08,Health Services,V0007,Supplier 007,IT Hardware,Open Competition,PO-16173,9335.22,Yes,EFT,False,False,False,False,True,False,False,False,2,Moderate,True,Statistical amount outlier
PAY-000593,INV-835053,2025-08-11,2025-26,2025-08,Natural Resources,V0037,Supplier 037,Office Supplies,Invitational,PO-20334,1476.69,Yes,EFT,False,False,False,False,False,False,False,False,0,Routine,False,No predefined exception
PAY-000850,INV-237815,2025-08-11,2025-26,2025-08,Municipal Services,V0041,Supplier 041,Building Maintenance,Open Competition,PO-50090,3491.66,Yes,EFT,False,False,False,False,False,False,False,False,0,Routine,False,No predefined exception
PAY-000655,INV-444912,2025-08-12,2025-26,2025-08,Transportation & Infrastructure,V0042,Supplier 042,IT Hardware,Open Competition,PO-59223,3524.81,Yes,EFT,False,False,False,False,False,False,False,False,0,Routine,False,No predefined exception
PAY-001356,INV-280324,2025-08-12,2025-26,2025-08,Health Services,V0008,Supplier 008,Equipment,Standing Offer,PO-27265,7305.61,Yes,EFT,False,False,False,False,False,False,False,False,0,Routine,False,No predefined exception
PAY-000971,INV-859072,2025-08-12,2025-26,2025-08,Transportation & Infrastructure,V0003,Supplier 003,Building Maintenance,Invitational,PO-77053,2157.71,Yes,EFT,False,False,False,False,False,False,False,False,0,Routine,False,No predefined exception
PAY-001074,INV-227101,2025-08-12,2025-26,2025-08,Digital Government,V0064,Supplier 064,Building Maintenance,Open Competition,PO-56312,938.67,Yes,EFT,False,False,False,False,False,False,False,False,0,Routine,False,No predefined exception
PAY-001128,INV-186373,2025-08-12,2025-26,2025-08,Health Services,V0044,Supplier 044,Office Supplies,Open Competition,PO-76414,1028.4,Yes,EFT,False,False,False,False,False,False,False,False,0,Routine,False,No predefined exception
PAY-002379,INV-244378,2025-08-12,2025-26,2025-08,Municipal Services,V0067,Supplier 067,IT Hardware,Open Competition,PO-91911,626.71,Yes,EFT,False,False,False,False,False,False,False,False,0,Routine,False,No predefined exception
PAY-000163,INV-289167,2025-08-12,2025-26,2025-08,Municipal Services,V0079,Supplier 079,Construction Services,Standing Offer,PO-18174,9207.95,Yes,EFT,False,False,False,False,True,False,False,False,2,Moderate,True,Statistical amount outlier
PAY-001718,INV-543931,2025-08-12,2025-26,2025-08,Education,V0019,Supplier 019,Construction Services,Sole Source,PO-26834,969.82,Yes,EFT,False,False,False,False,False,False,False,False,0,Routine,False,No predefined exception
PAY-000044,INV-393459,2025-08-13,2025-26,2025-08,Health Services,V0022,Supplier 022,Training,Open Competition,PO-81600,2111.32,Yes,EFT,False,False,False,False,False,False,False,False,0,Routine,False,No predefined exception
PAY-000303,INV-366907,2025-08-13,2025-26,2025-08,Education,V0077,Supplier 077,Professional Services,Invitational,PO-83285,4575.76,Yes,EFT,False,False,False,False,False,False,False,False,0,Routine,False,No predefined exception
PAY-000111,INV-100363,2025-08-13,2025-26,2025-08,Digital Government,V0070,Supplier 070,Construction Services,Invitational,PO-56072,4460.18,Yes,Cheque,True,False,False,False,False,False,False,False,3,Moderate,True,Potential duplicate
PAY-DUP-011,INV-100363,2025-08-13,2025-26,2025-08,Digital Government,V0070,Supplier 070,Construction Services,Invitational,PO-56072,4460.18,Yes,Cheque,True,False,False,False,False,False,False,False,3,Moderate,True,Potential duplicate
PAY-000693,INV-468946,2025-08-14,2025-26,2025-08,Health Services,V0053,Supplier 053,IT Hardware,Open Competition,PO-48829,880.06,Yes,EFT,False,False,False,False,False,False,False,False,0,Routine,False,No predefined exception
PAY-000101,INV-551448,2025-08-14,2025-26,2025-08,Municipal Services,V0014,Supplier 014,IT Hardware,Open Competition,PO-57995,5624.68,Yes,Cheque,True,False,False,False,False,False,False,False,3,Moderate,True,Potential duplicate
PAY-DUP-001,INV-551448,2025-08-14,2025-26,2025-08,Municipal Services,V0014,Supplier 014,IT Hardware,Open Competition,PO-57995,5624.68,Yes,Cheque,True,False,False,False,False,False,False,False,3,Moderate,True,Potential duplicate
PAY-002169,INV-122936,2025-08-14,2025-26,2025-08,Digital Government,V0066,Supplier 066,Building Maintenance,Invitational,PO-48095,4810.65,Yes,EFT,False,False,False,False,False,False,False,False,0,Routine,False,No predefined exception
PAY-002274,INV-303460,2025-08-14,2025-26,2025-08,Justice & Public Safety,V0077,Supplier 077,Professional Services,Open Competition,PO-75245,4736.69,Yes,Cheque,False,False,False,False,False,False,False,False,0,Routine,False,No predefined exception
PAY-002321,INV-307580,2025-08-14,2025-26,2025-08,Health Services,V0024,Supplier 024,Building Maintenance,Open Competition,PO-80602,2461.22,Yes,EFT,False,False,False,False,False,False,False,False,0,Routine,False,No predefined exception
PAY-000618,INV-358072,2025-08-14,2025-26,2025-08,Digital Government,V0006,Supplier 006,Equipment,Sole Source,,4426.92,Yes,EFT,False,False,True,False,False,False,False,False,1,Routine,False,Missing purchase order
PAY-002063,INV-671025,2025-08-14,2025-26,2025-08,Health Services,V0038,Supplier 038,Building Maintenance,Open Competition,PO-39402,2308.77,Yes,EFT,False,False,False,False,False,False,False,False,0,Routine,False,No predefined exception
PAY-001106,INV-246692,2025-08-14,2025-26,2025-08,Education,V0071,Supplier 071,IT Hardware,Sole Source,PO-23549,29938.79,Yes,EFT,False,False,False,False,True,True,False,False,4,Higher,True,Statistical amount outlier; Higher-value sole-source transaction
PAY-001170,INV-334085,2025-08-15,2025-26,2025-08,Transportation & Infrastructure,V0029,Supplier 029,Equipment,Open Competition,PO-20209,31370.16,Yes,EFT,False,False,False,False,True,False,False,False,2,Moderate,True,Statistical amount outlier
PAY-001026,INV-155182,2025-08-15,2025-26,2025-08,Education,V0046,Supplier 046,Training,Open Competition,PO-33245,3623.08,Yes,EFT,False,False,False,False,False,False,False,False,0,Routine,False,No predefined exception
PAY-001593,INV-972089,2025-08-15,2025-26,2025-08,Justice & Public Safety,V0005,Supplier 005,Software & Licensing,Open Competition,PO-67039,3083.15,Yes,EFT,False,False,False,False,False,False,False,False,0,Routine,False,No predefined exception
PAY-000183,INV-440053,2025-08-15,2025-26,2025-08,Digital Government,V0002,Supplier 002,Building Maintenance,Standing Offer,PO-13534,2086.93,Yes,EFT,False,False,False,False,False,False,False,False,0,Routine,False,No predefined exception
PAY-001464,INV-248620,2025-08-15,2025-26,2025-08,Health Services,V0052,Supplier 052,Building Maintenance,Open Competition,PO-59270,2444.45,No,EFT,False,False,False,False,False,False,False,True,3,Moderate,True,Approval exception
PAY-000809,INV-806014,2025-08-16,2025-26,2025-08,Transportation & Infrastructure,V0074,Supplier 074,Office Supplies,Invitational,PO-82540,3274.52,Yes,EFT,False,False,False,False,False,False,False,False,0,Routine,False,No predefined exception
PAY-002242,INV-474695,2025-08-16,2025-26,2025-08,Transportation & Infrastructure,V0066,Supplier 066,Training,Standing Offer,PO-43061,896.99,Yes,EFT,False,False,False,False,False,False,False,False,0,Routine,False,No predefined exception
PAY-002482,INV-170248,2025-08-16,2025-26,2025-08,Digital Government,V0016,Supplier 016,Transportation Services,Open Competition,PO-86789,3271.8,Yes,EFT,False,False,False,False,False,False,False,False,0,Routine,False,No predefined exception
PAY-001006,INV-442196,2025-08-16,2025-26,2025-08,Health Services,V0034,Supplier 034,Professional Services,Open Competition,PO-55562,7448.7,Yes,EFT,False,False,False,False,False,False,False,False,0,Routine,False,No predefined exception
PAY-DUP-003,INV-206311,2025-08-17,2025-26,2025-08,Education,V0079,Supplier 079,Transportation Services,Open Competition,PO-71720,3191.2,Yes,EFT,True,False,False,False,False,False,False,False,3,Moderate,True,Potential duplicate
PAY-000998,INV-213153,2025-08-17,2025-26,2025-08,Justice & Public Safety,V0060,Supplier 060,Construction Services,Invitational,PO-49398,401.33,Yes,Cheque,False,False,False,False,False,False,False,False,0,Routine,False,No predefined exception
PAY-000103,INV-206311,2025-08-17,2025-26,2025-08,Education,V0079,Supplier 079,Transportation Services,Open Competition,PO-71720,3191.2,Yes,EFT,True,False,False,False,False,False,False,False,3,Moderate,True,Potential duplicate
PAY-001530,INV-895911,2025-08-18,2025-26,2025-08,Health Services,V0045,Supplier 045,Professional Services,Open Competition,PO-30614,2261.16,Yes,EFT,False,False,False,False,False,False,False,False,0,Routine,False,No predefined exception
PAY-000267,INV-312803,2025-08-18,2025-26,2025-08,Transportation & Infrastructure,V0047,Supplier 047,Construction Services,Open Competition,PO-85965,583.58,Yes,EFT,False,False,False,False,False,False,False,False,0,Routine,False,No predefined exception
PAY-000990,INV-583414,2025-08-18,2025-26,2025-08,Health Services,V0004,Supplier 004,Equipment,Sole Source,PO-54884,1194.37,Yes,Cheque,False,False,False,False,False,False,False,False,0,Routine,False,No predefined exception
PAY-000608,INV-441524,2025-08-19,2025-26,2025-08,Health Services,V0075,Supplier 075,Software & Licensing,Open Competition,,6137.87,Yes,EFT,False,False,True,False,False,False,False,False,1,Routine,False,Missing purchase order
PAY-000641,INV-597619,2025-08-19,2025-26,2025-08,Digital Government,V0006,Supplier 006,IT Hardware,Invitational,PO-50996,5481.68,Yes,EFT,False,False,False,False,False,False,False,False,0,Routine,False,No predefined exception
PAY-001217,INV-619493,2025-08-19,2025-26,2025-08,Digital Government,V0054,Supplier 054,Building Maintenance,Sole Source,PO-79911,3464.76,Yes,EFT,False,False,False,False,False,False,False,False,0,Routine,False,No predefined exception
PAY-002407,INV-587707,2025-08-19,2025-26,2025-08,Health Services,V0019,Supplier 019,Office Supplies,Standing Offer,PO-86022,16699.96,Yes,EFT,False,False,False,False,True,False,False,False,2,Moderate,True,Statistical amount outlier
PAY-002418,INV-375478,2025-08-19,2025-26,2025-08,Justice & Public Safety,V0020,Supplier 020,Equipment,Open Competition,PO-80223,4723.71,Yes,EFT,False,False,False,False,False,False,False,False,0,Routine,False,No predefined exception
PAY-002159,INV-554142,2025-08-19,2025-26,2025-08,Transportation & Infrastructure,V0077,Supplier 077,Equipment,Open Competition,PO-68081,1594.09,Yes,EFT,False,False,False,False,False,False,False,False,0,Routine,False,No predefined exception
PAY-001500,INV-295991,2025-08-19,2025-26,2025-08,Justice & Public Safety,V0018,Supplier 018,Equipment,Standing Offer,PO-87230,8349.25,Yes,Cheque,False,False,False,False,False,False,False,False,0,Routine,False,No predefined exception
PAY-001136,INV-573919,2025-08-19,2025-26,2025-08,Natural Resources,V0063,Supplier 063,Software & Licensing,Open Competition,PO-34564,4326.05,Yes,Cheque,False,False,False,False,False,False,False,False,0,Routine,False,No predefined exception
PAY-002198,INV-214897,2025-08-19,2025-26,2025-08,Education,V0034,Supplier 034,Training,Invitational,PO-79051,2614.67,Yes,EFT,False,False,False,False,False,False,False,False,0,Routine,False,No predefined exception
PAY-000387,INV-983302,2025-08-20,2025-26,2025-08,Digital Government,V0036,Supplier 036,Software & Licensing,Sole Source,PO-24837,1299.76,Yes,EFT,False,False,False,False,False,False,False,False,0,Routine,False,No predefined exception
PAY-002074,INV-102765,2025-08-20,2025-26,2025-08,Justice & Public Safety,V0048,Supplier 048,Transportation Services,Sole Source,PO-59454,7555.12,Yes,EFT,False,False,False,False,False,False,False,False,0,Routine,False,No predefined exception
PAY-002346,INV-878928,2025-08-20,2025-26,2025-08,Transportation & Infrastructure,V0016,Supplier 016,Professional Services,Standing Offer,PO-27945,3323.9,Yes,EFT,False,False,False,False,False,False,False,False,0,Routine,False,No predefined exception
PAY-000994,INV-418821,2025-08-20,2025-26,2025-08,Transportation & Infrastructure,V0037,Supplier 037,IT Hardware,Open Competition,PO-59605,1048.89,Yes,Cheque,False,False,False,False,False,False,False,False,0,Routine,False,No predefined exception
PAY-001520,INV-400589,2025-08-20,2025-26,2025-08,Health Services,V0043,Supplier 043,Professional Services,Open Competition,PO-96170,1463.45,Yes,EFT,False,False,False,False,False,False,False,False,0,Routine,False,No predefined exception
PAY-000677,INV-777236,2025-08-21,2025-26,2025-08,Education,V0009,Supplier 009,Training,Invitational,PO-55289,5866.48,No,EFT,False,False,False,False,False,False,False,True,3,Moderate,True,Approval exception
PAY-001448,INV-764607,2025-08-21,2025-26,2025-08,Health Services,V0059,Supplier 059,Building Maintenance,Sole Source,PO-29348,7051.14,Yes,EFT,False,False,False,False,False,False,False,False,0,Routine,False,No predefined exception
PAY-000148,INV-270635,2025-08-21,2025-26,2025-08,Health Services,V0055,Supplier 055,Equipment,Open Competition,PO-26010,1349.89,Yes,EFT,False,False,False,False,False,False,False,False,0,Routine,False,No predefined exception
PAY-001838,INV-513841,2025-08-21,2025-26,2025-08,Natural Resources,V0052,Supplier 052,Professional Services,Open Competition,PO-98742,368.43,Yes,EFT,False,False,False,False,False,False,False,False,0,Routine,False,No predefined exception
PAY-002109,INV-433112,2025-08-21,2025-26,2025-08,Health Services,V0044,Supplier 044,Construction Services,Open Competition,PO-67529,4126.54,Yes,EFT,False,False,False,False,False,False,False,False,0,Routine,False,No predefined exception
PAY-000388,INV-839945,2025-08-21,2025-26,2025-08,Transportation & Infrastructure,V0070,Supplier 070,Construction Services,Invitational,PO-10715,592.03,Yes,EFT,False,False,False,False,False,False,False,False,0,Routine,False,No predefined exception
PAY-002239,INV-234917,2025-08-21,2025-26,2025-08,Education,V0044,Supplier 044,Professional Services,Open Competition,PO-25905,838.2,Yes,EFT,False,False,False,False,False,False,False,False,0,Routine,False,No predefined exception
PAY-002364,INV-721747,2025-08-21,2025-26,2025-08,Municipal Services,V0076,Supplier 076,Construction Services,Open Competition,PO-89942,4338.45,Yes,EFT,False,False,False,False,False,False,False,False,0,Routine,False,No predefined exception
PAY-001065,INV-274750,2025-08-21,2025-26,2025-08,Education,V0074,Supplier 074,Software & Licensing,Open Competition,PO-48182,2213.39,Yes,EFT,False,False,False,False,False,False,False,False,0,Routine,False,No predefined exception
PAY-002113,INV-303462,2025-08-21,2025-26,2025-08,Health Services,V0076,Supplier 076,Building Maintenance,Open Competition,PO-30378,4153.95,Yes,EFT,False,False,False,False,False,False,False,False,0,Routine,False,No predefined exception
PAY-002170,INV-936614,2025-08-22,2025-26,2025-08,Municipal Services,V0040,Supplier 040,IT Hardware,Open Competition,PO-68844,4175.38,Yes,EFT,False,False,False,False,False,False,False,False,0,Routine,False,No predefined exception
PAY-000578,INV-407268,2025-08-22,2025-26,2025-08,Justice & Public Safety,V0067,Supplier 067,Building Maintenance,Open Competition,PO-71446,2593.84,Yes,EFT,False,False,False,False,False,False,False,False,0,Routine,False,No predefined exception
PAY-000681,INV-617200,2025-08-22,2025-26,2025-08,Health Services,V0048,Supplier 048,Equipment,Invitational,PO-33423,3030.08,Yes,Corporate Card,False,False,False,False,False,False,False,False,0,Routine,False,No predefined exception
PAY-001226,INV-109583,2025-08-22,2025-26,2025-08,Digital Government,V0053,Supplier 053,IT Hardware,Standing Offer,PO-76404,2981.43,Yes,EFT,False,False,False,False,False,False,False,False,0,Routine,False,No predefined exception
PAY-000584,INV-889948,2025-08-22,2025-26,2025-08,Natural Resources,V0067,Supplier 067,Construction Services,Open Competition,PO-36990,1051.91,Yes,EFT,False,False,False,False,False,False,False,False,0,Routine,False,No predefined exception
PAY-002323,INV-724416,2025-08-22,2025-26,2025-08,Health Services,V0018,Supplier 018,Building Maintenance,Standing Offer,PO-55379,963.69,Yes,EFT,False,False,False,False,False,False,False,False,0,Routine,False,No predefined exception
PAY-000465,INV-751824,2025-08-22,2025-26,2025-08,Municipal Services,V0054,Supplier 054,IT Hardware,Open Competition,PO-43546,1002.62,Yes,Cheque,False,False,False,False,False,False,False,False,0,Routine,False,No predefined exception
PAY-000233,INV-449982,2025-08-22,2025-26,2025-08,Health Services,V0010,Supplier 010,Office Supplies,Open Competition,PO-58754,360.26,Yes,EFT,False,False,False,False,False,False,False,False,0,Routine,False,No predefined exception
PAY-000260,INV-902009,2025-08-22,2025-26,2025-08,Digital Government,V0068,Supplier 068,Construction Services,Open Competition,PO-89720,4886.17,Yes,EFT,False,False,False,False,False,False,False,False,0,Routine,False,No predefined exception
PAY-000426,INV-103681,2025-08-22,2025-26,2025-08,Transportation & Infrastructure,V0060,Supplier 060,Equipment,Standing Offer,PO-51813,3480.38,Yes,EFT,False,False,False,False,False,False,False,False,0,Routine,False,No predefined exception
PAY-002061,INV-653620,2025-08-23,2025-26,2025-08,Education,V0012,Supplier 012,Transportation Services,Open Competition,PO-59874,1637.89,Yes,EFT,False,False,False,False,False,False,False,False,0,Routine,False,No predefined exception
PAY-001067,INV-332320,2025-08-23,2025-26,2025-08,Municipal Services,V0071,Supplier 071,Transportation Services,Open Competition,PO-75749,3280.48,Yes,EFT,False,False,False,False,False,False,False,False,0,Routine,False,No predefined exception
PAY-001576,INV-501072,2025-08-23,2025-26,2025-08,Education,V0008,Supplier 008,Building Maintenance,Sole Source,PO-39548,2661.96,Yes,Corporate Card,False,False,False,False,False,False,False,False,0,Routine,False,No predefined exception
PAY-000753,INV-805937,2025-08-23,2025-26,2025-08,Education,V0007,Supplier 007,Transportation Services,Open Competition,PO-15507,4271.65,Yes,EFT,False,False,False,False,False,False,False,False,0,Routine,False,No predefined exception
PAY-001962,INV-917439,2025-08-23,2025-26,2025-08,Education,V0013,Supplier 013,Training,Standing Offer,PO-53127,2357.63,Yes,EFT,False,False,False,False,False,False,False,False,0,Routine,False,No predefined exception
PAY-001762,INV-487932,2025-08-23,2025-26,2025-08,Digital Government,V0080,Supplier 080,Office Supplies,Open Competition,PO-37557,2047.23,Yes,EFT,False,False,False,False,False,False,False,False,0,Routine,False,No predefined exception
PAY-000432,INV-857666,2025-08-23,2025-26,2025-08,Municipal Services,V0080,Supplier 080,Equipment,Open Competition,PO-83236,1101.22,Yes,EFT,False,False,False,False,False,False,False,False,0,Routine,False,No predefined exception
PAY-000703,INV-870391,2025-08-23,2025-26,2025-08,Transportation & Infrastructure,V0007,Supplier 007,Building Maintenance,Standing Offer,PO-62169,1149.06,Yes,EFT,False,False,False,False,False,False,False,False,0,Routine,False,No predefined exception
PAY-000622,INV-573006,2025-08-23,2025-26,2025-08,Natural Resources,V0053,Supplier 053,Building Maintenance,Open Competition,,916.91,No,Cheque,False,False,True,False,False,False,False,True,4,Higher,True,Missing purchase order; Approval exception
PAY-002320,INV-754287,2025-08-23,2025-26,2025-08,Transportation & Infrastructure,V0010,Supplier 010,Building Maintenance,Standing Offer,PO-83569,1124.3,Yes,EFT,False,False,False,False,False,False,False,False,0,Routine,False,No predefined exception
PAY-000725,INV-573196,2025-08-24,2025-26,2025-08,Transportation & Infrastructure,V0007,Supplier 007,Office Supplies,Open Competition,PO-79498,14201.48,Yes,EFT,False,False,False,False,True,False,False,False,2,Moderate,True,Statistical amount outlier
PAY-000599,INV-859161,2025-08-24,2025-26,2025-08,Municipal Services,V0062,Supplier 062,Office Supplies,Open Competition,PO-26186,3173.28,Yes,EFT,False,False,False,False,False,False,False,False,0,Routine,False,No predefined exception
PAY-002226,INV-662080,2025-08-24,2025-26,2025-08,Health Services,V0069,Supplier 069,Building Maintenance,Open Competition,PO-40917,7130.0,Yes,EFT,False,False,False,False,False,False,False,False,0,Routine,False,No predefined exception
PAY-001338,INV-814261,2025-08-24,2025-26,2025-08,Digital Government,V0025,Supplier 025,Construction Services,Invitational,PO-16786,2568.14,Yes,EFT,False,False,False,False,False,False,False,False,0,Routine,False,No predefined exception
PAY-002422,INV-682296,2025-08-24,2025-26,2025-08,Natural Resources,V0032,Supplier 032,Software & Licensing,Standing Offer,PO-51193,3910.64,Yes,EFT,False,False,False,False,False,False,False,False,0,Routine,False,No predefined exception
PAY-002251,INV-509824,2025-08-24,2025-26,2025-08,Education,V0076,Supplier 076,Office Supplies,Invitational,PO-62903,2273.04,Yes,EFT,False,False,False,False,False,False,False,False,0,Routine,False,No predefined exception
PAY-002173,INV-330596,2025-08-24,2025-26,2025-08,Municipal Services,V0030,Supplier 030,Building Maintenance,Standing Offer,PO-70321,572.15,Yes,EFT,False,False,False,False,False,False,False,False,0,Routine,False,No predefined exception
PAY-001523,INV-730458,2025-08-24,2025-26,2025-08,Education,V0071,Supplier 071,Building Maintenance,Standing Offer,PO-45160,7197.36,Yes,EFT,False,False,False,False,False,False,False,False,0,Routine,False,No predefined exception
PAY-001746,INV-794491,2025-08-25,2025-26,2025-08,Transportation & Infrastructure,V0060,Supplier 060,Transportation Services,Invitational,PO-50725,762.05,Yes,Cheque,False,False,False,False,False,False,False,False,0,Routine,False,No predefined exception
PAY-000431,INV-729674,2025-08-25,2025-26,2025-08,Digital Government,V0062,Supplier 062,IT Hardware,Sole Source,PO-69179,2602.91,Yes,EFT,False,False,False,False,False,False,False,False,0,Routine,False,No predefined exception
PAY-000493,INV-266991,2025-08-25,2025-26,2025-08,Health Services,V0069,Supplier 069,Professional Services,Open Competition,PO-75000,1553.63,Yes,EFT,False,False,False,False,False,False,False,False,0,Routine,False,No predefined exception
PAY-000671,INV-555229,2025-08-25,2025-26,2025-08,Transportation & Infrastructure,V0025,Supplier 025,Building Maintenance,Open Competition,PO-73902,350.72,Yes,EFT,False,False,False,False,False,False,False,False,0,Routine,False,No predefined exception
PAY-001284,INV-128930,2025-08-25,2025-26,2025-08,Municipal Services,V0075,Supplier 075,Construction Services,Invitational,PO-73496,602.79,Yes,Corporate Card,False,False,False,False,False,False,False,False,0,Routine,False,No predefined exception
PAY-000325,INV-361578,2025-08-25,2025-26,2025-08,Health Services,V0014,Supplier 014,Training,Open Competition,PO-66964,2807.01,Yes,Cheque,False,False,False,False,False,False,False,False,0,Routine,False,No predefined exception
PAY-001878,INV-179888,2025-08-25,2025-26,2025-08,Health Services,V0053,Supplier 053,Equipment,Open Competition,PO-59974,5068.1,Yes,EFT,False,False,False,False,False,False,False,False,0,Routine,False,No predefined exception
PAY-000244,INV-972882,2025-08-25,2025-26,2025-08,Municipal Services,V0047,Supplier 047,Office Supplies,Open Competition,PO-45236,12284.84,Yes,EFT,False,False,False,False,True,False,False,False,2,Moderate,True,Statistical amount outlier
PAY-001632,INV-756884,2025-08-25,2025-26,2025-08,Natural Resources,V0070,Supplier 070,Transportation Services,Open Competition,PO-82692,1155.24,Yes,EFT,False,False,False,False,False,False,False,False,0,Routine,False,No predefined exception
PAY-002072,INV-363685,2025-08-25,2025-26,2025-08,Transportation & Infrastructure,V0043,Supplier 043,Training,Standing Offer,,1164.2,Yes,EFT,False,False,True,False,False,False,False,False,1,Routine,False,Missing purchase order
PAY-000273,INV-459698,2025-08-25,2025-26,2025-08,Digital Government,V0049,Supplier 049,Professional Services,Open Competition,PO-93944,4292.09,Yes,EFT,False,False,False,False,False,False,False,False,0,Routine,False,No predefined exception
PAY-000245,INV-123548,2025-08-26,2025-26,2025-08,Digital Government,V0035,Supplier 035,Software & Licensing,Invitational,PO-14236,1757.77,Yes,EFT,False,False,False,False,False,False,False,False,0,Routine,False,No predefined exception
PAY-000241,INV-648065,2025-08-26,2025-26,2025-08,Health Services,V0015,Supplier 015,Office Supplies,Open Competition,PO-12017,8477.79,Yes,EFT,False,False,False,False,False,False,False,False,0,Routine,False,No predefined exception
PAY-001207,INV-844265,2025-08-26,2025-26,2025-08,Digital Government,V0033,Supplier 033,Equipment,Open Competition,PO-83137,3898.52,Yes,EFT,False,False,False,False,False,False,False,False,0,Routine,False,No predefined exception
PAY-001549,INV-271999,2025-08-26,2025-26,2025-08,Municipal Services,V0068,Supplier 068,Training,Standing Offer,PO-70494,4097.03,Yes,Cheque,False,False,False,False,False,False,False,False,0,Routine,False,No predefined exception
PAY-000646,INV-351063,2025-08-26,2025-26,2025-08,Justice & Public Safety,V0014,Supplier 014,Transportation Services,Invitational,PO-79700,3808.77,Yes,EFT,False,False,False,False,False,False,False,False,0,Routine,False,No predefined exception
PAY-001399,INV-776760,2025-08-26,2025-26,2025-08,Justice & Public Safety,V0028,Supplier 028,Transportation Services,Open Competition,,3772.25,Yes,EFT,False,False,True,False,False,False,False,False,1,Routine,False,Missing purchase order
PAY-001122,INV-575573,2025-08-26,2025-26,2025-08,Natural Resources,V0036,Supplier 036,Software & Licensing,Open Competition,PO-41052,10496.89,Yes,EFT,False,False,False,False,True,False,False,False,2,Moderate,True,Statistical amount outlier
PAY-001819,INV-100727,2025-08-26,2025-26,2025-08,Justice & Public Safety,V0022,Supplier 022,IT Hardware,Standing Offer,PO-61517,3017.23,Yes,EFT,False,False,False,False,False,False,False,False,0,Routine,False,No predefined exception
PAY-002285,INV-704596,2025-08-27,2025-26,2025-08,Transportation & Infrastructure,V0013,Supplier 013,Transportation Services,Open Competition,PO-62692,739.71,Yes,EFT,False,False,False,False,False,False,False,False,0,Routine,False,No predefined exception
PAY-002481,INV-856572,2025-08-27,2025-26,2025-08,Justice & Public Safety,V0065,Supplier 065,Software & Licensing,Standing Offer,PO-80846,1526.06,Yes,EFT,False,False,False,False,False,False,False,False,0,Routine,False,No predefined exception
PAY-001168,INV-590588,2025-08-27,2025-26,2025-08,Municipal Services,V0026,Supplier 026,IT Hardware,Open Competition,PO-50431,1245.82,Yes,EFT,False,False,False,False,False,False,False,False,0,Routine,False,No predefined exception
PAY-001440,INV-915915,2025-08-27,2025-26,2025-08,Digital Government,V0033,Supplier 033,Transportation Services,Open Competition,PO-79052,1047.91,Yes,EFT,False,False,False,False,False,False,False,False,0,Routine,False,No predefined exception
PAY-002236,INV-941135,2025-08-27,2025-26,2025-08,Justice & Public Safety,V0040,Supplier 040,Equipment,Standing Offer,PO-87162,1800.83,Yes,Cheque,False,False,False,False,False,False,False,False,0,Routine,False,No predefined exception
PAY-000663,INV-480457,2025-08-27,2025-26,2025-08,Health Services,V0045,Supplier 045,Construction Services,Standing Offer,PO-25658,281.06,Yes,Corporate Card,False,False,False,False,False,False,False,False,0,Routine,False,No predefined exception
PAY-002442,INV-977676,2025-08-27,2025-26,2025-08,Health Services,V0004,Supplier 004,Office Supplies,Open Competition,PO-64421,1598.65,Yes,EFT,False,False,False,False,False,False,False,False,0,Routine,False,No predefined exception
PAY-001377,INV-914468,2025-08-27,2025-26,2025-08,Education,V0042,Supplier 042,Professional Services,Open Competition,PO-96742,698.45,Yes,EFT,False,False,False,False,False,False,False,False,0,Routine,False,No predefined exception
PAY-002338,INV-309720,2025-08-27,2025-26,2025-08,Natural Resources,V0074,Supplier 074,Transportation Services,Open Competition,PO-95230,3183.69,Yes,Cheque,False,False,False,False,False,False,False,False,0,Routine,False,No predefined exception
PAY-000017,INV-259484,2025-08-28,2025-26,2025-08,Transportation & Infrastructure,V0060,Supplier 060,Building Maintenance,Standing Offer,PO-80400,612.16,Yes,EFT,False,False,False,False,False,False,False,False,0,Routine,False,No predefined exception
PAY-000401,INV-213768,2025-08-28,2025-26,2025-08,Digital Government,V0065,Supplier 065,Building Maintenance,Open Competition,PO-30707,5914.5,Yes,Cheque,False,False,False,False,False,False,False,False,0,Routine,False,No predefined exception
PAY-001199,INV-166617,2025-08-28,2025-26,2025-08,Natural Resources,V0071,Supplier 071,Professional Services,Open Competition,PO-70633,1154.41,Yes,EFT,False,False,False,False,False,False,False,False,0,Routine,False,No predefined exception
PAY-001892,INV-378026,2025-08-28,2025-26,2025-08,Justice & Public Safety,V0024,Supplier 024,Professional Services,Open Competition,PO-98334,1298.66,Yes,Cheque,False,False,False,False,False,False,False,False,0,Routine,False,No predefined exception
PAY-002237,INV-719265,2025-08-28,2025-26,2025-08,Health Services,V0074,Supplier 074,Equipment,Invitational,PO-79037,1579.43,Yes,EFT,False,False,False,False,False,False,False,False,0,Routine,False,No predefined exception
PAY-002307,INV-152021,2025-08-28,2025-26,2025-08,Natural Resources,V0068,Supplier 068,Construction Services,Standing Offer,PO-56970,1121.7,Yes,Corporate Card,False,False,False,False,False,False,False,False,0,Routine,False,No predefined exception
PAY-002430,INV-291285,2025-08-29,2025-26,2025-08,Digital Government,V0009,Supplier 009,Professional Services,Open Competition,PO-60809,11304.91,Yes,EFT,False,False,False,False,True,False,False,False,2,Moderate,True,Statistical amount outlier
PAY-000825,INV-397515,2025-08-29,2025-26,2025-08,Digital Government,V0048,Supplier 048,Office Supplies,Open Competition,PO-23302,1186.29,Yes,EFT,False,False,False,False,False,False,False,False,0,Routine,False,No predefined exception
PAY-000549,INV-193944,2025-08-29,2025-26,2025-08,Education,V0061,Supplier 061,Transportation Services,Standing Offer,PO-94287,4149.61,Yes,EFT,False,False,False,False,False,False,False,False,0,Routine,False,No predefined exception
PAY-000365,INV-993182,2025-08-29,2025-26,2025-08,Natural Resources,V0080,Supplier 080,IT Hardware,Open Competition,PO-52668,2982.1,Yes,EFT,False,False,False,False,False,False,False,False,0,Routine,False,No predefined exception
PAY-000255,INV-655913,2025-08-29,2025-26,2025-08,Natural Resources,V0077,Supplier 077,Training,Standing Offer,PO-10234,1410.65,Yes,EFT,False,False,False,False,False,False,False,False,0,Routine,False,No predefined exception
PAY-000583,INV-537043,2025-08-29,2025-26,2025-08,Transportation & Infrastructure,V0018,Supplier 018,Office Supplies,Sole Source,PO-86008,1827.75,Yes,EFT,False,False,False,False,False,False,False,False,0,Routine,False,No predefined exception
PAY-002348,INV-703146,2025-08-29,2025-26,2025-08,Transportation & Infrastructure,V0012,Supplier 012,Construction Services,Open Competition,PO-72358,2721.98,Yes,Cheque,False,False,False,False,False,False,False,False,0,Routine,False,No predefined exception
PAY-002039,INV-911028,2025-08-29,2025-26,2025-08,Health Services,V0010,Supplier 010,Software & Licensing,Open Competition,PO-60393,5416.54,Yes,EFT,False,False,False,False,False,False,False,False,0,Routine,False,No predefined exception
PAY-001282,INV-638938,2025-08-29,2025-26,2025-08,Natural Resources,V0075,Supplier 075,Construction Services,Standing Offer,PO-71788,860.36,Yes,EFT,False,False,False,False,False,False,False,False,0,Routine,False,No predefined exception
PAY-000505,INV-758851,2025-08-30,2025-26,2025-08,Health Services,,,Office Supplies,Open Competition,PO-76930,1423.96,Yes,EFT,False,True,False,False,False,False,False,False,2,Moderate,True,Missing vendor information
PAY-001391,INV-945457,2025-08-30,2025-26,2025-08,Justice & Public Safety,V0065,Supplier 065,Construction Services,Open Competition,PO-32415,1926.33,Yes,EFT,False,False,False,False,False,False,False,False,0,Routine,False,No predefined exception
PAY-000015,INV-823906,2025-08-30,2025-26,2025-08,Justice & Public Safety,V0007,Supplier 007,Equipment,Open Competition,PO-81980,279.51,Yes,EFT,False,False,False,False,False,False,False,False,0,Routine,False,No predefined exception
PAY-000548,INV-901798,2025-08-30,2025-26,2025-08,Transportation & Infrastructure,V0076,Supplier 076,Professional Services,Standing Offer,PO-91313,11452.13,Yes,EFT,False,False,False,False,True,False,False,False,2,Moderate,True,Statistical amount outlier
PAY-001190,INV-291303,2025-08-30,2025-26,2025-08,Justice & Public Safety,V0072,Supplier 072,Construction Services,Open Competition,PO-34843,7619.89,Yes,EFT,False,False,False,False,False,False,False,False,0,Routine,False,No predefined exception
PAY-001916,INV-352712,2025-08-30,2025-26,2025-08,Transportation & Infrastructure,V0065,Supplier 065,Construction Services,Standing Offer,PO-95066,603.96,Yes,EFT,False,False,False,False,False,False,False,False,0,Routine,False,No predefined exception
PAY-001475,INV-653006,2025-08-30,2025-26,2025-08,Education,V0012,Supplier 012,Transportation Services,Invitational,PO-17637,8137.26,Yes,EFT,False,False,False,False,False,False,False,False,0,Routine,False,No predefined exception
PAY-000190,INV-445744,2025-08-30,2025-26,2025-08,Health Services,V0068,Supplier 068,Transportation Services,Standing Offer,PO-82807,12435.49,Yes,EFT,False,False,False,False,True,False,False,False,2,Moderate,True,Statistical amount outlier
PAY-002219,INV-582450,2025-08-30,2025-26,2025-08,Justice & Public Safety,V0066,Supplier 066,Construction Services,Open Competition,PO-38436,3278.31,Yes,EFT,False,False,False,False,False,False,False,False,0,Routine,False,No predefined exception
PAY-002211,INV-337902,2025-08-30,2025-26,2025-08,Education,V0035,Supplier 035,Construction Services,Standing Offer,PO-52112,1105.08,Yes,EFT,False,False,False,False,False,False,False,False,0,Routine,False,No predefined exception
PAY-000277,INV-873429,2025-08-30,2025-26,2025-08,Natural Resources,V0034,Supplier 034,IT Hardware,Invitational,PO-39495,2948.64,Yes,EFT,False,False,False,False,False,False,False,False,0,Routine,False,No predefined exception
PAY-001066,INV-360710,2025-08-31,2025-26,2025-08,Health Services,V0067,Supplier 067,Transportation Services,Open Competition,PO-27061,222.17,Yes,Cheque,False,False,False,False,False,False,False,False,0,Routine,False,No predefined exception
PAY-001347,INV-436473,2025-08-31,2025-26,2025-08,Municipal Services,V0013,Supplier 013,Software & Licensing,Open Competition,PO-89859,933.49,Yes,EFT,False,False,False,False,False,False,False,False,0,Routine,False,No predefined exception
PAY-000396,INV-856547,2025-08-31,2025-26,2025-08,Justice & Public Safety,V0054,Supplier 054,Training,Open Competition,PO-80921,1435.66,Yes,EFT,False,False,False,False,False,False,False,False,0,Routine,False,No predefined exception
PAY-000290,INV-308281,2025-08-31,2025-26,2025-08,Transportation & Infrastructure,V0060,Supplier 060,Professional Services,Open Competition,PO-11198,1807.86,Yes,EFT,False,False,False,False,False,False,False,False,0,Routine,False,No predefined exception
PAY-001525,INV-313482,2025-08-31,2025-26,2025-08,Health Services,V0048,Supplier 048,IT Hardware,Open Competition,PO-93747,1212.84,Yes,EFT,False,False,False,False,False,False,False,False,0,Routine,False,No predefined exception
PAY-001543,INV-341535,2025-08-31,2025-26,2025-08,Transportation & Infrastructure,V0010,Supplier 010,Building Maintenance,Sole Source,PO-90398,1377.17,Yes,Cheque,False,False,False,False,False,False,False,False,0,Routine,False,No predefined exception
PAY-001777,INV-738464,2025-08-31,2025-26,2025-08,Education,V0078,Supplier 078,IT Hardware,Invitational,PO-19550,3286.74,Yes,EFT,False,False,False,False,False,False,False,False,0,Routine,False,No predefined exception
PAY-002133,INV-663508,2025-08-31,2025-26,2025-08,Justice & Public Safety,V0062,Supplier 062,Office Supplies,Open Competition,PO-86008,1377.41,Yes,EFT,False,False,False,False,False,False,False,False,0,Routine,False,No predefined exception
PAY-000891,INV-365976,2025-09-01,2025-26,2025-09,Education,V0057,Supplier 057,Construction Services,Open Competition,PO-16476,4022.1,Yes,EFT,False,False,False,False,False,False,False,False,0,Routine,False,No predefined exception
PAY-002132,INV-217996,2025-09-01,2025-26,2025-09,Education,V0021,Supplier 021,Professional Services,Open Competition,PO-46497,1613.32,Yes,EFT,False,False,False,False,False,False,False,False,0,Routine,False,No predefined exception
PAY-001830,INV-305603,2025-09-01,2025-26,2025-09,Justice & Public Safety,V0024,Supplier 024,Construction Services,Standing Offer,PO-48593,4830.07,Yes,EFT,False,False,False,False,False,False,False,False,0,Routine,False,No predefined exception
PAY-000464,INV-353017,2025-09-01,2025-26,2025-09,Education,V0058,Supplier 058,Transportation Services,Invitational,PO-30163,3278.8,Yes,EFT,False,False,False,False,False,False,False,False,0,Routine,False,No predefined exception
PAY-002360,INV-811932,2025-09-01,2025-26,2025-09,Natural Resources,V0003,Supplier 003,Software & Licensing,Standing Offer,PO-62814,765.01,Yes,EFT,False,False,False,False,False,False,False,False,0,Routine,False,No predefined exception
PAY-000767,INV-269357,2025-09-01,2025-26,2025-09,Education,V0007,Supplier 007,Equipment,Open Competition,PO-46763,7156.18,Yes,EFT,False,False,False,False,False,False,False,False,0,Routine,False,No predefined exception
PAY-001174,INV-786093,2025-09-01,2025-26,2025-09,Education,V0023,Supplier 023,Software & Licensing,Open Competition,PO-58104,2188.75,Yes,EFT,False,False,False,False,False,False,False,False,0,Routine,False,No predefined exception
PAY-001405,INV-704494,2025-09-01,2025-26,2025-09,Education,V0031,Supplier 031,Office Supplies,Open Competition,PO-95934,13226.26,Yes,EFT,False,False,False,False,True,False,False,False,2,Moderate,True,Statistical amount outlier
PAY-002214,INV-163079,2025-09-01,2025-26,2025-09,Education,V0048,Supplier 048,IT Hardware,Sole Source,PO-29875,1505.64,Yes,EFT,False,False,False,False,False,False,False,False,0,Routine,False,No predefined exception
PAY-001330,INV-733123,2025-09-01,2025-26,2025-09,Transportation & Infrastructure,V0006,Supplier 006,Equipment,Open Competition,PO-24735,5032.49,Yes,EFT,False,False,False,False,False,False,False,False,0,Routine,False,No predefined exception
PAY-001200,INV-741857,2025-09-01,2025-26,2025-09,Digital Government,V0080,Supplier 080,IT Hardware,Open Competition,PO-43921,2728.72,Yes,Cheque,False,False,False,False,False,False,False,False,0,Routine,False,No predefined exception
PAY-000836,INV-882409,2025-09-02,2025-26,2025-09,Digital Government,V0006,Supplier 006,Building Maintenance,Open Competition,,1058.69,Yes,EFT,False,False,True,False,False,False,False,False,1,Routine,False,Missing purchase order
PAY-001673,INV-919555,2025-09-02,2025-26,2025-09,Municipal Services,V0047,Supplier 047,Software & Licensing,Open Competition,PO-59128,2213.63,Yes,EFT,False,False,False,False,False,False,False,False,0,Routine,False,No predefined exception
PAY-001649,INV-594064,2025-09-02,2025-26,2025-09,Digital Government,V0017,Supplier 017,Building Maintenance,Open Competition,PO-30310,494.15,Yes,EFT,False,False,False,False,False,False,False,False,0,Routine,False,No predefined exception
PAY-000367,INV-244233,2025-09-02,2025-26,2025-09,Digital Government,V0051,Supplier 051,Transportation Services,Open Competition,PO-53997,778.96,Yes,EFT,False,False,False,False,False,False,False,False,0,Routine,False,No predefined exception
PAY-002469,INV-709756,2025-09-02,2025-26,2025-09,Education,V0058,Supplier 058,Equipment,Open Competition,PO-78965,2209.68,Yes,EFT,False,False,False,False,False,False,False,False,0,Routine,False,No predefined exception
PAY-001201,INV-831672,2025-09-03,2025-26,2025-09,Municipal Services,V0071,Supplier 071,Software & Licensing,Invitational,PO-34982,538.39,Yes,EFT,False,False,False,False,False,False,False,False,0,Routine,False,No predefined exception
PAY-002167,INV-936971,2025-09-03,2025-26,2025-09,Health Services,V0040,Supplier 040,IT Hardware,Open Competition,PO-56132,1586.98,Yes,Corporate Card,False,False,False,False,False,False,False,False,0,Routine,False,No predefined exception
PAY-002001,INV-522275,2025-09-03,2025-26,2025-09,Municipal Services,V0016,Supplier 016,Training,Invitational,PO-64738,3000.21,Yes,EFT,False,False,False,False,False,False,False,False,0,Routine,False,No predefined exception
PAY-002444,INV-148113,2025-09-03,2025-26,2025-09,Health Services,V0068,Supplier 068,IT Hardware,Invitational,PO-27048,1947.62,Yes,EFT,False,False,False,False,False,False,False,False,0,Routine,False,No predefined exception
PAY-000687,INV-415288,2025-09-03,2025-26,2025-09,Education,V0045,Supplier 045,Equipment,Standing Offer,PO-25948,2431.95,Yes,EFT,False,False,False,False,False,False,False,False,0,Routine,False,No predefined exception
PAY-001729,INV-921462,2025-09-04,2025-26,2025-09,Justice & Public Safety,V0023,Supplier 023,Building Maintenance,Open Competition,PO-83834,2319.5,Yes,EFT,False,False,False,False,False,False,False,False,0,Routine,False,No predefined exception
PAY-001083,INV-493445,2025-09-04,2025-26,2025-09,Health Services,V0037,Supplier 037,Office Supplies,Open Competition,PO-14258,10820.23,Yes,Corporate Card,False,False,False,False,True,False,False,False,2,Moderate,True,Statistical amount outlier
PAY-002165,INV-498825,2025-09-04,2025-26,2025-09,Education,V0022,Supplier 022,Software & Licensing,Invitational,PO-57112,1229.66,Yes,EFT,False,False,False,False,False,False,False,False,0,Routine,False,No predefined exception
PAY-000092,INV-978260,2025-09-04,2025-26,2025-09,Health Services,V0012,Supplier 012,Training,Open Competition,PO-74102,1811.74,Yes,EFT,False,False,False,False,False,False,False,False,0,Routine,False,No predefined exception
PAY-002049,INV-745099,2025-09-04,2025-26,2025-09,Health Services,V0020,Supplier 020,Professional Services,Open Competition,PO-31470,3821.48,Yes,EFT,False,False,False,False,False,False,False,False,0,Routine,False,No predefined exception
PAY-001108,INV-907182,2025-09-04,2025-26,2025-09,Health Services,V0028,Supplier 028,IT Hardware,Sole Source,PO-71146,52588.05,Yes,EFT,False,False,False,False,True,True,False,False,4,Higher,True,Statistical amount outlier; Higher-value sole-source transaction
PAY-001105,INV-429963,2025-09-04,2025-26,2025-09,Health Services,V0073,Supplier 073,Construction Services,Sole Source,PO-17196,35570.71,Yes,EFT,False,False,False,False,True,True,False,False,4,Higher,True,Statistical amount outlier; Higher-value sole-source transaction
PAY-001080,INV-856488,2025-09-04,2025-26,2025-09,Digital Government,V0072,Supplier 072,Equipment,Open Competition,PO-81836,3513.94,Yes,EFT,False,False,False,False,False,False,False,False,0,Routine,False,No predefined exception
PAY-000430,INV-797652,2025-09-05,2025-26,2025-09,Municipal Services,V0037,Supplier 037,Professional Services,Standing Offer,PO-77933,5556.67,Yes,EFT,False,False,False,False,False,False,False,False,0,Routine,False,No predefined exception
PAY-002172,INV-997691,2025-09-05,2025-26,2025-09,Justice & Public Safety,V0018,Supplier 018,Training,Open Competition,PO-26684,9047.39,Yes,EFT,False,False,False,False,True,False,False,False,2,Moderate,True,Statistical amount outlier
PAY-001661,INV-670819,2025-09-05,2025-26,2025-09,Digital Government,V0073,Supplier 073,Professional Services,Open Competition,PO-87462,324.5,Yes,EFT,False,False,False,False,False,False,False,False,0,Routine,False,No predefined exception
PAY-002316,INV-464206,2025-09-05,2025-26,2025-09,Municipal Services,V0014,Supplier 014,Construction Services,Invitational,PO-50995,3773.78,Yes,EFT,False,False,False,False,False,False,False,False,0,Routine,False,No predefined exception
PAY-002376,INV-890073,2025-09-05,2025-26,2025-09,Justice & Public Safety,V0004,Supplier 004,Professional Services,Open Competition,PO-92532,1913.3,Yes,EFT,False,False,False,False,False,False,False,False,0,Routine,False,No predefined exception
PAY-001222,INV-985540,2025-09-05,2025-26,2025-09,Transportation & Infrastructure,V0032,Supplier 032,IT Hardware,Invitational,PO-41775,520.52,Yes,EFT,False,False,False,False,False,False,False,False,0,Routine,False,No predefined exception
PAY-000310,INV-327966,2025-09-05,2025-26,2025-09,Justice & Public Safety,V0074,Supplier 074,Office Supplies,Standing Offer,PO-54790,3416.84,Yes,Cheque,False,False,False,False,False,False,False,False,0,Routine,False,No predefined exception
PAY-001521,INV-809163,2025-09-05,2025-26,2025-09,Transportation & Infrastructure,V0064,Supplier 064,Office Supplies,Open Competition,PO-16626,383.14,Yes,EFT,False,False,False,False,False,False,False,False,0,Routine,False,No predefined exception
PAY-001310,INV-927165,2025-09-05,2025-26,2025-09,Digital Government,V0055,Supplier 055,Office Supplies,Open Competition,PO-48245,2312.22,Yes,EFT,False,False,False,False,False,False,False,False,0,Routine,False,No predefined exception
PAY-000333,INV-117143,2025-09-05,2025-26,2025-09,Digital Government,V0066,Supplier 066,Training,Standing Offer,PO-90195,6710.59,Yes,EFT,False,False,False,False,False,False,False,False,0,Routine,False,No predefined exception
PAY-002378,INV-395103,2025-09-05,2025-26,2025-09,Education,V0044,Supplier 044,IT Hardware,Standing Offer,,865.27,Yes,Cheque,False,False,True,False,False,False,False,False,1,Routine,False,Missing purchase order
PAY-002092,INV-404543,2025-09-06,2025-26,2025-09,Education,V0057,Supplier 057,IT Hardware,Sole Source,PO-95620,315.37,Yes,EFT,False,False,False,False,False,False,False,False,0,Routine,False,No predefined exception
PAY-001098,INV-914468,2025-09-06,2025-26,2025-09,Health Services,V0013,Supplier 013,Office Supplies,Invitational,PO-85122,353.15,Yes,EFT,False,False,False,False,False,False,False,False,0,Routine,False,No predefined exception
PAY-002185,INV-394358,2025-09-06,2025-26,2025-09,Natural Resources,V0041,Supplier 041,Construction Services,Invitational,PO-36950,1087.25,Yes,EFT,False,False,False,False,False,False,False,False,0,Routine,False,No predefined exception
PAY-001474,INV-968331,2025-09-06,2025-26,2025-09,Transportation & Infrastructure,V0013,Supplier 013,IT Hardware,Sole Source,PO-95472,847.23,Yes,EFT,False,False,False,False,False,False,False,False,0,Routine,False,No predefined exception
PAY-001909,INV-259472,2025-09-06,2025-26,2025-09,Digital Government,V0043,Supplier 043,Equipment,Invitational,PO-64588,1166.66,Yes,EFT,False,False,False,False,False,False,False,False,0,Routine,False,No predefined exception
PAY-002492,INV-882920,2025-09-07,2025-26,2025-09,Natural Resources,V0076,Supplier 076,Professional Services,Open Competition,PO-96760,5387.07,Yes,EFT,False,False,False,False,False,False,False,False,0,Routine,False,No predefined exception
PAY-000838,INV-769250,2025-09-07,2025-26,2025-09,Natural Resources,V0026,Supplier 026,Training,Open Competition,PO-52793,637.58,Yes,EFT,False,False,False,False,False,False,False,False,0,Routine,False,No predefined exception
PAY-000659,INV-174231,2025-09-07,2025-26,2025-09,Municipal Services,V0039,Supplier 039,Software & Licensing,Standing Offer,PO-78460,3056.17,Yes,EFT,False,False,False,False,False,False,False,False,0,Routine,False,No predefined exception
PAY-002240,INV-996618,2025-09-07,2025-26,2025-09,Education,V0023,Supplier 023,IT Hardware,Standing Offer,PO-23522,4066.48,Yes,EFT,False,False,False,False,False,False,False,False,0,Routine,False,No predefined exception
PAY-001579,INV-393132,2025-09-07,2025-26,2025-09,Natural Resources,V0002,Supplier 002,Office Supplies,Open Competition,PO-46852,4411.83,Yes,Cheque,False,False,False,False,False,False,False,False,0,Routine,False,No predefined exception
PAY-001659,INV-657176,2025-09-07,2025-26,2025-09,Digital Government,V0003,Supplier 003,Construction Services,Open Competition,PO-10046,1047.97,Yes,EFT,False,False,False,False,False,False,False,False,0,Routine,False,No predefined exception
PAY-000503,INV-377483,2025-09-07,2025-26,2025-09,Health Services,,,Training,Open Competition,PO-17913,20702.0,Yes,EFT,False,True,False,False,True,False,False,False,4,Higher,True,Missing vendor information; Statistical amount outlier
PAY-001814,INV-974072,2025-09-07,2025-26,2025-09,Justice & Public Safety,V0072,Supplier 072,Building Maintenance,Open Competition,PO-50140,4234.15,Yes,EFT,False,False,False,False,False,False,False,False,0,Routine,False,No predefined exception
PAY-002424,INV-461462,2025-09-07,2025-26,2025-09,Justice & Public Safety,V0017,Supplier 017,Transportation Services,Standing Offer,PO-84660,4845.22,Yes,EFT,False,False,False,False,False,False,False,False,0,Routine,False,No predefined exception
PAY-000219,INV-926547,2025-09-07,2025-26,2025-09,Health Services,V0020,Supplier 020,Training,Invitational,PO-84675,9850.0,Yes,EFT,False,False,False,True,True,False,False,False,4,Higher,True,Near hypothetical threshold; Statistical amount outlier
PAY-002284,INV-517230,2025-09-07,2025-26,2025-09,Education,V0023,Supplier 023,Construction Services,Open Competition,PO-12929,2468.24,Yes,EFT,False,False,False,False,False,False,False,False,0,Routine,False,No predefined exception
PAY-000269,INV-766514,2025-09-07,2025-26,2025-09,Justice & Public Safety,V0056,Supplier 056,Professional Services,Sole Source,,19189.48,Yes,EFT,False,False,True,False,True,True,False,False,5,Higher,True,Missing purchase order; Statistical amount outlier; Higher-value sole-source transaction
PAY-000192,INV-607173,2025-09-07,2025-26,2025-09,Education,V0030,Supplier 030,Office Supplies,Open Competition,PO-30386,870.44,Yes,EFT,False,False,False,False,False,False,False,False,0,Routine,False,No predefined exception
PAY-000153,INV-700699,2025-09-07,2025-26,2025-09,Municipal Services,V0037,Supplier 037,Professional Services,Open Competition,PO-47924,1046.08,Yes,EFT,False,False,False,False,False,False,False,False,0,Routine,False,No predefined exception
PAY-002084,INV-466047,2025-09-08,2025-26,2025-09,Health Services,V0064,Supplier 064,Office Supplies,Standing Offer,PO-47872,4159.55,Yes,EFT,False,False,False,False,False,False,False,False,0,Routine,False,No predefined exception
PAY-001820,INV-143822,2025-09-08,2025-26,2025-09,Municipal Services,V0017,Supplier 017,Professional Services,Invitational,PO-39297,773.25,Yes,EFT,False,False,False,False,False,False,False,False,0,Routine,False,No predefined exception
PAY-000024,INV-564432,2025-09-08,2025-26,2025-09,Digital Government,V0056,Supplier 056,Software & Licensing,Invitational,PO-48660,6270.36,Yes,EFT,False,False,False,False,False,False,False,False,0,Routine,False,No predefined exception
PAY-001490,INV-245693,2025-09-08,2025-26,2025-09,Municipal Services,V0026,Supplier 026,Software & Licensing,Open Competition,PO-29290,3272.36,Yes,EFT,False,False,False,False,False,False,False,False,0,Routine,False,No predefined exception
PAY-002342,INV-362512,2025-09-08,2025-26,2025-09,Natural Resources,V0069,Supplier 069,Equipment,Open Competition,PO-80499,2287.55,Yes,EFT,False,False,False,False,False,False,False,False,0,Routine,False,No predefined exception
PAY-002234,INV-638065,2025-09-08,2025-26,2025-09,Digital Government,V0024,Supplier 024,IT Hardware,Standing Offer,PO-99947,3121.41,Yes,EFT,False,False,False,False,False,False,False,False,0,Routine,False,No predefined exception
PAY-001195,INV-993993,2025-09-08,2025-26,2025-09,Justice & Public Safety,V0040,Supplier 040,Office Supplies,Sole Source,PO-45301,5673.72,Yes,EFT,False,False,False,False,False,False,False,False,0,Routine,False,No predefined exception
PAY-002018,INV-922545,2025-09-08,2025-26,2025-09,Digital Government,V0045,Supplier 045,Office Supplies,Standing Offer,PO-32943,2448.1,Yes,Corporate Card,False,False,False,False,False,False,False,False,0,Routine,False,No predefined exception
PAY-000349,INV-602716,2025-09-08,2025-26,2025-09,Municipal Services,V0061,Supplier 061,Transportation Services,Standing Offer,PO-58556,1994.42,Yes,EFT,False,False,False,False,False,False,False,False,0,Routine,False,No predefined exception
PAY-001002,INV-196058,2025-09-08,2025-26,2025-09,Municipal Services,V0044,Supplier 044,Construction Services,Sole Source,PO-17421,18868.14,Yes,EFT,False,False,False,False,True,True,False,False,4,Higher,True,Statistical amount outlier; Higher-value sole-source transaction
PAY-000280,INV-880427,2025-09-08,2025-26,2025-09,Digital Government,V0066,Supplier 066,Transportation Services,Sole Source,PO-75841,2132.68,Yes,Cheque,False,False,False,False,False,False,False,False,0,Routine,False,No predefined exception
PAY-001281,INV-213606,2025-09-08,2025-26,2025-09,Justice & Public Safety,V0005,Supplier 005,Training,Open Competition,PO-39967,2275.28,Yes,EFT,False,False,False,False,False,False,False,False,0,Routine,False,No predefined exception
PAY-000298,INV-409945,2025-09-08,2025-26,2025-09,Transportation & Infrastructure,V0070,Supplier 070,IT Hardware,Sole Source,PO-77542,5354.63,Yes,EFT,False,False,False,False,False,False,False,False,0,Routine,False,No predefined exception
PAY-001245,INV-856556,2025-09-09,2025-26,2025-09,Natural Resources,V0019,Supplier 019,IT Hardware,Standing Offer,PO-98519,1950.55,Yes,EFT,False,False,False,False,False,False,False,False,0,Routine,False,No predefined exception
PAY-000769,INV-880445,2025-09-09,2025-26,2025-09,Education,V0007,Supplier 007,Professional Services,Sole Source,PO-24177,5324.09,No,EFT,False,False,False,False,False,False,False,True,3,Moderate,True,Approval exception
PAY-000072,INV-468615,2025-09-09,2025-26,2025-09,Education,V0044,Supplier 044,Building Maintenance,Open Competition,PO-72987,2694.63,Yes,EFT,False,False,False,False,False,False,False,False,0,Routine,False,No predefined exception
PAY-001750,INV-523041,2025-09-09,2025-26,2025-09,Digital Government,V0060,Supplier 060,IT Hardware,Open Competition,PO-33449,9923.44,Yes,Corporate Card,False,False,False,True,True,False,False,False,4,Higher,True,Near hypothetical threshold; Statistical amount outlier
PAY-000594,INV-662167,2025-09-10,2025-26,2025-09,Justice & Public Safety,V0053,Supplier 053,Transportation Services,Open Competition,PO-72977,3767.1,Yes,EFT,False,False,False,False,False,False,False,False,0,Routine,False,No predefined exception
PAY-000295,INV-547746,2025-09-10,2025-26,2025-09,Municipal Services,V0036,Supplier 036,IT Hardware,Standing Offer,PO-57937,4130.87,Yes,EFT,False,False,False,False,False,False,False,False,0,Routine,False,No predefined exception
PAY-001751,INV-923271,2025-09-10,2025-26,2025-09,Health Services,V0023,Supplier 023,Transportation Services,Open Competition,PO-75494,3382.81,Yes,EFT,False,False,False,False,False,False,False,False,0,Routine,False,No predefined exception
PAY-000507,INV-721781,2025-09-10,2025-26,2025-09,Municipal Services,,,Construction Services,Open Competition,PO-29467,1528.02,Yes,EFT,False,True,False,False,False,False,False,False,2,Moderate,True,Missing vendor information
PAY-001683,INV-167560,2025-09-10,2025-26,2025-09,Health Services,V0052,Supplier 052,IT Hardware,Open Competition,PO-68482,3489.15,Yes,EFT,False,False,False,False,False,False,False,False,0,Routine,False,No predefined exception
PAY-000105,INV-870519,2025-09-10,2025-26,2025-09,Municipal Services,V0033,Supplier 033,Construction Services,Invitational,PO-87167,954.3,Yes,EFT,True,False,False,False,False,False,False,False,3,Moderate,True,Potential duplicate
PAY-001966,INV-126393,2025-09-10,2025-26,2025-09,Education,V0059,Supplier 059,Training,Open Competition,PO-21920,1768.47,Yes,EFT,False,False,False,False,False,False,False,False,0,Routine,False,No predefined exception
PAY-002385,INV-694486,2025-09-10,2025-26,2025-09,Transportation & Infrastructure,V0017,Supplier 017,Office Supplies,Open Competition,PO-80773,1656.08,Yes,EFT,False,False,False,False,False,False,False,False,0,Routine,False,No predefined exception
PAY-DUP-005,INV-870519,2025-09-10,2025-26,2025-09,Municipal Services,V0033,Supplier 033,Construction Services,Invitational,PO-87167,954.3,Yes,EFT,True,False,False,False,False,False,False,False,3,Moderate,True,Potential duplicate
PAY-002272,INV-998599,2025-09-11,2025-26,2025-09,Natural Resources,V0060,Supplier 060,Construction Services,Standing Offer,PO-34807,1540.39,Yes,EFT,False,False,False,False,False,False,False,False,0,Routine,False,No predefined exception
PAY-000691,INV-278371,2025-09-11,2025-26,2025-09,Natural Resources,V0007,Supplier 007,Transportation Services,Open Competition,PO-46110,1005.31,Yes,EFT,False,False,False,False,False,False,False,False,0,Routine,False,No predefined exception
PAY-002398,INV-501752,2025-09-11,2025-26,2025-09,Natural Resources,V0008,Supplier 008,Office Supplies,Open Competition,PO-40838,3884.42,Yes,EFT,False,False,False,False,False,False,False,False,0,Routine,False,No predefined exception
PAY-001381,INV-339647,2025-09-11,2025-26,2025-09,Transportation & Infrastructure,V0015,Supplier 015,IT Hardware,Open Competition,PO-73849,1457.5,Yes,Cheque,False,False,False,False,False,False,False,False,0,Routine,False,No predefined exception
PAY-000669,INV-373326,2025-09-11,2025-26,2025-09,Health Services,V0064,Supplier 064,IT Hardware,Standing Offer,PO-11085,1731.19,Yes,Cheque,False,False,False,False,False,False,False,False,0,Routine,False,No predefined exception
PAY-000540,INV-679789,2025-09-11,2025-26,2025-09,Municipal Services,V0034,Supplier 034,Professional Services,Standing Offer,PO-59741,3849.33,Yes,EFT,False,False,False,False,False,False,False,False,0,Routine,False,No predefined exception
PAY-002493,INV-872783,2025-09-11,2025-26,2025-09,Health Services,V0060,Supplier 060,Office Supplies,Standing Offer,PO-17636,1364.33,Yes,Corporate Card,False,False,False,False,False,False,False,False,0,Routine,False,No predefined exception
PAY-002227,INV-145807,2025-09-11,2025-26,2025-09,Municipal Services,V0003,Supplier 003,Training,Open Competition,PO-54956,1759.78,Yes,EFT,False,False,False,False,False,False,False,False,0,Routine,False,No predefined exception
PAY-001969,INV-579551,2025-09-11,2025-26,2025-09,Justice & Public Safety,V0020,Supplier 020,Construction Services,Invitational,PO-44973,2783.98,Yes,EFT,False,False,False,False,False,False,False,False,0,Routine,False,No predefined exception
PAY-001712,INV-260576,2025-09-11,2025-26,2025-09,Natural Resources,V0068,Supplier 068,Building Maintenance,Invitational,PO-49170,1823.97,Yes,EFT,False,False,False,False,False,False,False,False,0,Routine,False,No predefined exception
PAY-001044,INV-135187,2025-09-12,2025-26,2025-09,Transportation & Infrastructure,V0020,Supplier 020,Building Maintenance,Standing Offer,PO-12918,4715.93,Yes,EFT,False,False,False,False,False,False,False,False,0,Routine,False,No predefined exception
PAY-001346,INV-907733,2025-09-12,2025-26,2025-09,Education,V0012,Supplier 012,Equipment,Open Competition,PO-94956,2211.09,Yes,EFT,False,False,False,False,False,False,False,False,0,Routine,False,No predefined exception
PAY-001274,INV-154225,2025-09-12,2025-26,2025-09,Health Services,V0028,Supplier 028,Equipment,Open Competition,PO-87700,812.52,Yes,EFT,False,False,False,False,False,False,False,False,0,Routine,False,No predefined exception
PAY-001996,INV-103435,2025-09-12,2025-26,2025-09,Transportation & Infrastructure,V0052,Supplier 052,Equipment,Open Competition,PO-40472,7303.95,Yes,Corporate Card,False,False,False,False,False,False,False,False,0,Routine,False,No predefined exception
PAY-000750,INV-298110,2025-09-12,2025-26,2025-09,Natural Resources,V0007,Supplier 007,Construction Services,Invitational,PO-99452,6697.75,Yes,Cheque,False,False,False,False,False,False,False,False,0,Routine,False,No predefined exception
PAY-000616,INV-897157,2025-09-12,2025-26,2025-09,Justice & Public Safety,V0031,Supplier 031,Equipment,Standing Offer,,1884.83,Yes,EFT,False,False,True,False,False,False,False,False,1,Routine,False,Missing purchase order
PAY-000185,INV-794089,2025-09-12,2025-26,2025-09,Justice & Public Safety,V0041,Supplier 041,Equipment,Open Competition,PO-84090,5920.57,Yes,EFT,False,False,False,False,False,False,False,False,0,Routine,False,No predefined exception
PAY-000800,INV-254062,2025-09-13,2025-26,2025-09,Justice & Public Safety,V0021,Supplier 021,Construction Services,Sole Source,PO-11056,3107.43,Yes,EFT,False,False,False,False,False,False,False,False,0,Routine,False,No predefined exception
PAY-001800,INV-347541,2025-09-13,2025-26,2025-09,Municipal Services,V0080,Supplier 080,Equipment,Open Competition,PO-63165,140.68,Yes,EFT,False,False,False,False,False,False,False,False,0,Routine,False,No predefined exception
PAY-001236,INV-964360,2025-09-13,2025-26,2025-09,Justice & Public Safety,V0030,Supplier 030,Software & Licensing,Open Competition,PO-53050,378.92,Yes,EFT,False,False,False,False,False,False,False,False,0,Routine,False,No predefined exception
PAY-001833,INV-472949,2025-09-13,2025-26,2025-09,Health Services,V0063,Supplier 063,Construction Services,Open Competition,PO-21243,1544.87,Yes,EFT,False,False,False,False,False,False,False,False,0,Routine,False,No predefined exception
PAY-001785,INV-872466,2025-09-13,2025-26,2025-09,Municipal Services,V0038,Supplier 038,Transportation Services,Open Competition,PO-50241,527.42,Yes,EFT,False,False,False,False,False,False,False,False,0,Routine,False,No predefined exception
PAY-002373,INV-207338,2025-09-13,2025-26,2025-09,Municipal Services,V0071,Supplier 071,Training,Invitational,PO-94487,975.91,Yes,EFT,False,False,False,False,False,False,False,False,0,Routine,False,No predefined exception
PAY-000047,INV-760354,2025-09-14,2025-26,2025-09,Natural Resources,V0038,Supplier 038,Construction Services,Open Competition,PO-72876,935.42,Yes,EFT,False,False,False,False,False,False,False,False,0,Routine,False,No predefined exception
PAY-002266,INV-739724,2025-09-14,2025-26,2025-09,Municipal Services,V0003,Supplier 003,Training,Invitational,PO-86034,2006.0,Yes,EFT,False,False,False,False,False,False,False,False,0,Routine,False,No predefined exception
PAY-002255,INV-702294,2025-09-14,2025-26,2025-09,Justice & Public Safety,V0024,Supplier 024,IT Hardware,Standing Offer,PO-43241,7730.58,Yes,EFT,False,False,False,False,False,False,False,False,0,Routine,False,No predefined exception
PAY-000633,INV-326024,2025-09-14,2025-26,2025-09,Transportation & Infrastructure,V0029,Supplier 029,Training,Open Competition,PO-81317,4685.58,Yes,Corporate Card,False,False,False,False,False,False,False,False,0,Routine,False,No predefined exception
PAY-002223,INV-167194,2025-09-14,2025-26,2025-09,Health Services,V0045,Supplier 045,Equipment,Open Competition,PO-82726,1383.52,Yes,EFT,False,False,False,False,False,False,False,False,0,Routine,False,No predefined exception
PAY-000609,INV-354043,2025-09-15,2025-26,2025-09,Natural Resources,V0017,Supplier 017,Office Supplies,Invitational,,1563.23,Yes,EFT,False,False,True,False,False,False,False,False,1,Routine,False,Missing purchase order
PAY-000514,INV-387307,2025-09-15,2025-26,2025-09,Health Services,V0056,Supplier 056,Software & Licensing,Open Competition,PO-61050,4164.37,Yes,EFT,False,False,False,False,False,False,False,False,0,Routine,False,No predefined exception
PAY-001358,INV-646547,2025-09-15,2025-26,2025-09,Natural Resources,V0079,Supplier 079,Transportation Services,Invitational,PO-62791,1059.67,Yes,EFT,False,False,False,False,False,False,False,False,0,Routine,False,No predefined exception
PAY-001009,INV-577843,2025-09-15,2025-26,2025-09,Natural Resources,V0064,Supplier 064,Equipment,Invitational,,3744.47,Yes,EFT,False,False,True,False,False,False,False,False,1,Routine,False,Missing purchase order
PAY-001634,INV-149402,2025-09-15,2025-26,2025-09,Health Services,V0078,Supplier 078,Equipment,Sole Source,PO-65674,2343.14,Yes,EFT,False,False,False,False,False,False,False,False,0,Routine,False,No predefined exception
PAY-000297,INV-684570,2025-09-16,2025-26,2025-09,Municipal Services,V0051,Supplier 051,Professional Services,Invitational,PO-92306,2343.29,Yes,EFT,False,False,False,False,False,False,False,False,0,Routine,False,No predefined exception
PAY-001640,INV-407980,2025-09-16,2025-26,2025-09,Education,V0042,Supplier 042,Construction Services,Open Competition,PO-98943,2548.82,Yes,EFT,False,False,False,False,False,False,False,False,0,Routine,False,No predefined exception
PAY-002085,INV-618790,2025-09-16,2025-26,2025-09,Justice & Public Safety,V0053,Supplier 053,Equipment,Standing Offer,PO-39340,1910.74,Yes,EFT,False,False,False,False,False,False,False,False,0,Routine,False,No predefined exception
PAY-000374,INV-257403,2025-09-17,2025-26,2025-09,Digital Government,V0056,Supplier 056,Training,Open Competition,PO-22952,2011.33,Yes,EFT,False,False,False,False,False,False,False,False,0,Routine,False,No predefined exception
PAY-001597,INV-864325,2025-09-17,2025-26,2025-09,Natural Resources,V0052,Supplier 052,Equipment,Sole Source,PO-13372,1220.25,Yes,EFT,False,False,False,False,False,False,False,False,0,Routine,False,No predefined exception
PAY-001495,INV-398818,2025-09-17,2025-26,2025-09,Justice & Public Safety,V0055,Supplier 055,Building Maintenance,Sole Source,PO-34133,5759.21,Yes,EFT,False,False,False,False,False,False,False,False,0,Routine,False,No predefined exception
PAY-000160,INV-338441,2025-09-17,2025-26,2025-09,Justice & Public Safety,V0073,Supplier 073,Training,Open Competition,PO-56993,685.27,Yes,EFT,False,False,False,False,False,False,False,False,0,Routine,False,No predefined exception
PAY-002209,INV-217798,2025-09-17,2025-26,2025-09,Justice & Public Safety,V0003,Supplier 003,Equipment,Open Competition,PO-10105,11353.44,Yes,EFT,False,False,False,False,True,False,False,False,2,Moderate,True,Statistical amount outlier
PAY-000032,INV-782265,2025-09-17,2025-26,2025-09,Natural Resources,V0073,Supplier 073,IT Hardware,Open Competition,PO-66198,486.95,Yes,EFT,False,False,False,False,False,False,False,False,0,Routine,False,No predefined exception
PAY-001646,INV-586134,2025-09-17,2025-26,2025-09,Municipal Services,V0024,Supplier 024,Transportation Services,Open Competition,PO-25345,3464.8,Yes,EFT,False,False,False,False,False,False,False,False,0,Routine,False,No predefined exception
PAY-000610,INV-743198,2025-09-17,2025-26,2025-09,Municipal Services,V0057,Supplier 057,Transportation Services,Open Competition,,681.68,Yes,EFT,False,False,True,False,False,False,False,False,1,Routine,False,Missing purchase order
PAY-000845,INV-437164,2025-09-17,2025-26,2025-09,Transportation & Infrastructure,V0025,Supplier 025,IT Hardware,Sole Source,PO-86899,4662.47,Yes,EFT,False,False,False,False,False,False,False,False,0,Routine,False,No predefined exception
PAY-000407,INV-188741,2025-09-17,2025-26,2025-09,Transportation & Infrastructure,V0055,Supplier 055,Software & Licensing,Open Competition,PO-66200,1453.17,Yes,EFT,False,False,False,False,False,False,False,False,0,Routine,False,No predefined exception
PAY-000149,INV-270824,2025-09-18,2025-26,2025-09,Municipal Services,V0030,Supplier 030,Transportation Services,Open Competition,PO-10605,1283.58,Yes,EFT,False,False,False,False,False,False,False,False,0,Routine,False,No predefined exception
PAY-001142,INV-451060,2025-09-18,2025-26,2025-09,Transportation & Infrastructure,V0030,Supplier 030,IT Hardware,Open Competition,PO-91793,7163.84,Yes,EFT,False,False,False,False,False,False,False,False,0,Routine,False,No predefined exception
PAY-001482,INV-475595,2025-09-18,2025-26,2025-09,Municipal Services,V0018,Supplier 018,IT Hardware,Open Competition,PO-36507,4203.97,Yes,EFT,False,False,False,False,False,False,False,False,0,Routine,False,No predefined exception
PAY-001987,INV-811058,2025-09-18,2025-26,2025-09,Digital Government,V0048,Supplier 048,Office Supplies,Open Competition,PO-42492,1814.76,Yes,EFT,False,False,False,False,False,False,False,False,0,Routine,False,No predefined exception
PAY-002298,INV-996650,2025-09-19,2025-26,2025-09,Education,V0067,Supplier 067,Building Maintenance,Open Competition,PO-11229,1641.5,Yes,EFT,False,False,False,False,False,False,False,False,0,Routine,False,No predefined exception
PAY-000189,INV-533541,2025-09-19,2025-26,2025-09,Transportation & Infrastructure,V0051,Supplier 051,IT Hardware,Open Competition,PO-79400,5405.1,Yes,EFT,False,False,False,False,False,False,False,False,0,Routine,False,No predefined exception
PAY-000217,INV-222989,2025-09-19,2025-26,2025-09,Health Services,V0003,Supplier 003,Building Maintenance,Open Competition,PO-51842,9850.0,Yes,EFT,False,False,False,True,True,False,False,False,4,Higher,True,Near hypothetical threshold; Statistical amount outlier
PAY-000121,INV-308606,2025-09-19,2025-26,2025-09,Justice & Public Safety,V0056,Supplier 056,Equipment,Invitational,PO-49708,1241.59,Yes,EFT,False,False,False,False,False,False,False,False,0,Routine,False,No predefined exception
PAY-001007,INV-872838,2025-09-19,2025-26,2025-09,Natural Resources,V0025,Supplier 025,Professional Services,Open Competition,PO-25329,2491.77,Yes,Cheque,False,False,False,False,False,False,False,False,0,Routine,False,No predefined exception
PAY-002194,INV-233177,2025-09-19,2025-26,2025-09,Municipal Services,V0045,Supplier 045,IT Hardware,Open Competition,PO-85506,1795.46,Yes,EFT,False,False,False,False,False,False,False,False,0,Routine,False,No predefined exception
PAY-001421,INV-331525,2025-09-19,2025-26,2025-09,Transportation & Infrastructure,V0076,Supplier 076,Training,Open Competition,PO-21194,3086.54,Yes,EFT,False,False,False,False,False,False,False,False,0,Routine,False,No predefined exception
PAY-000331,INV-100654,2025-09-19,2025-26,2025-09,Natural Resources,V0068,Supplier 068,Construction Services,Open Competition,PO-15877,983.31,Yes,EFT,False,False,False,False,False,False,False,False,0,Routine,False,No predefined exception
PAY-000660,INV-173606,2025-09-20,2025-26,2025-09,Health Services,V0072,Supplier 072,Equipment,Sole Source,PO-24641,1115.01,Yes,Corporate Card,False,False,False,False,False,False,False,False,0,Routine,False,No predefined exception
PAY-001363,INV-766470,2025-09-20,2025-26,2025-09,Transportation & Infrastructure,V0040,Supplier 040,Professional Services,Open Competition,PO-79588,3359.7,Yes,EFT,False,False,False,False,False,False,False,False,0,Routine,False,No predefined exception
PAY-000979,INV-371733,2025-09-20,2025-26,2025-09,Municipal Services,V0019,Supplier 019,Professional Services,Open Competition,PO-25454,1121.51,Yes,Cheque,False,False,False,False,False,False,False,False,0,Routine,False,No predefined exception
PAY-001882,INV-141954,2025-09-20,2025-26,2025-09,Municipal Services,V0059,Supplier 059,Professional Services,Invitational,PO-72052,401.11,Yes,Cheque,False,False,False,False,False,False,False,False,0,Routine,False,No predefined exception
PAY-002491,INV-646894,2025-09-20,2025-26,2025-09,Natural Resources,V0063,Supplier 063,Equipment,Open Competition,PO-66193,536.9,Yes,EFT,False,False,False,False,False,False,False,False,0,Routine,False,No predefined exception
PAY-000658,INV-647026,2025-09-20,2025-26,2025-09,Health Services,V0024,Supplier 024,Office Supplies,Standing Offer,PO-12411,1090.38,Yes,EFT,False,False,False,False,False,False,False,False,0,Routine,False,No predefined exception
PAY-000758,INV-790568,2025-09-20,2025-26,2025-09,Municipal Services,V0007,Supplier 007,Building Maintenance,Open Competition,PO-61175,3508.12,Yes,EFT,False,False,False,False,False,False,False,False,0,Routine,False,No predefined exception
PAY-002195,INV-299176,2025-09-20,2025-26,2025-09,Municipal Services,V0028,Supplier 028,Construction Services,Open Competition,PO-95581,2237.38,Yes,EFT,False,False,False,False,False,False,False,False,0,Routine,False,No predefined exception
PAY-000383,INV-782465,2025-09-20,2025-26,2025-09,Justice & Public Safety,V0051,Supplier 051,Training,Open Competition,PO-37492,1031.12,Yes,EFT,False,False,False,False,False,False,False,False,0,Routine,False,No predefined exception
PAY-000640,INV-114390,2025-09-20,2025-26,2025-09,Justice & Public Safety,V0080,Supplier 080,IT Hardware,Open Competition,PO-69336,2507.79,Yes,EFT,False,False,False,False,False,False,False,False,0,Routine,False,No predefined exception
PAY-002412,INV-510343,2025-09-20,2025-26,2025-09,Digital Government,V0037,Supplier 037,Equipment,Invitational,PO-67061,6670.3,Yes,EFT,False,False,False,False,False,False,False,False,0,Routine,False,No predefined exception
PAY-001112,INV-288674,2025-09-20,2025-26,2025-09,Health Services,V0013,Supplier 013,Transportation Services,Sole Source,PO-61544,57392.14,Yes,EFT,False,False,False,False,True,True,False,False,4,Higher,True,Statistical amount outlier; Higher-value sole-source transaction
PAY-001768,INV-568977,2025-09-21,2025-26,2025-09,Digital Government,V0064,Supplier 064,Equipment,Sole Source,PO-38002,773.56,Yes,EFT,False,False,False,False,False,False,False,False,0,Routine,False,No predefined exception
PAY-000360,INV-938092,2025-09-21,2025-26,2025-09,Digital Government,V0068,Supplier 068,Professional Services,Open Competition,PO-74533,225000.0,No,Cheque,False,False,False,False,True,False,False,True,5,Higher,True,Statistical amount outlier; Approval exception
PAY-000607,INV-536442,2025-09-21,2025-26,2025-09,Transportation & Infrastructure,V0072,Supplier 072,Professional Services,Open Competition,,2556.27,Yes,EFT,False,False,True,False,False,False,False,False,1,Routine,False,Missing purchase order
PAY-001836,INV-113265,2025-09-21,2025-26,2025-09,Natural Resources,V0045,Supplier 045,Equipment,Standing Offer,PO-69064,6564.36,Yes,EFT,False,False,False,False,False,False,False,False,0,Routine,False,No predefined exception
PAY-001231,INV-549274,2025-09-22,2025-26,2025-09,Health Services,V0038,Supplier 038,IT Hardware,Open Competition,PO-28319,3048.45,Yes,EFT,False,False,False,False,False,False,False,False,0,Routine,False,No predefined exception
PAY-002054,INV-749179,2025-09-22,2025-26,2025-09,Health Services,V0049,Supplier 049,Professional Services,Open Competition,PO-84091,1616.18,Yes,EFT,False,False,False,False,False,False,False,False,0,Routine,False,No predefined exception
PAY-001994,INV-840970,2025-09-22,2025-26,2025-09,Justice & Public Safety,V0053,Supplier 053,Office Supplies,Open Competition,PO-47713,576.8,Yes,EFT,False,False,False,False,False,False,False,False,0,Routine,False,No predefined exception
PAY-002230,INV-760501,2025-09-22,2025-26,2025-09,Health Services,V0042,Supplier 042,Office Supplies,Open Competition,,18550.03,Yes,EFT,False,False,True,False,True,False,False,False,3,Moderate,True,Missing purchase order; Statistical amount outlier
PAY-000036,INV-969953,2025-09-22,2025-26,2025-09,Education,V0007,Supplier 007,Office Supplies,Sole Source,PO-56814,1200.07,Yes,EFT,False,False,False,False,False,False,False,False,0,Routine,False,No predefined exception
PAY-001733,INV-969460,2025-09-22,2025-26,2025-09,Natural Resources,V0040,Supplier 040,Transportation Services,Open Competition,PO-53327,2283.93,Yes,EFT,False,False,False,False,False,False,False,False,0,Routine,False,No predefined exception
PAY-001709,INV-995781,2025-09-22,2025-26,2025-09,Justice & Public Safety,V0054,Supplier 054,Office Supplies,Open Competition,PO-87275,5545.72,Yes,EFT,False,False,False,False,False,False,False,False,0,Routine,False,No predefined exception
PAY-000372,INV-321439,2025-09-23,2025-26,2025-09,Education,V0070,Supplier 070,IT Hardware,Standing Offer,PO-99547,9440.72,Yes,Cheque,False,False,False,False,True,False,False,False,2,Moderate,True,Statistical amount outlier
PAY-002087,INV-727867,2025-09-23,2025-26,2025-09,Justice & Public Safety,V0076,Supplier 076,Construction Services,Standing Offer,PO-58020,3466.78,Yes,EFT,False,False,False,False,False,False,False,False,0,Routine,False,No predefined exception
PAY-001465,INV-508294,2025-09-23,2025-26,2025-09,Digital Government,V0026,Supplier 026,IT Hardware,Open Competition,PO-12292,1905.84,Yes,EFT,False,False,False,False,False,False,False,False,0,Routine,False,No predefined exception
PAY-000307,INV-897653,2025-09-23,2025-26,2025-09,Health Services,V0075,Supplier 075,Training,Standing Offer,PO-34054,836.47,Yes,EFT,False,False,False,False,False,False,False,False,0,Routine,False,No predefined exception
PAY-001607,INV-367688,2025-09-23,2025-26,2025-09,Education,V0018,Supplier 018,Software & Licensing,Standing Offer,,2489.2,Yes,EFT,False,False,True,False,False,False,False,False,1,Routine,False,Missing purchase order
PAY-001611,INV-687536,2025-09-23,2025-26,2025-09,Municipal Services,V0074,Supplier 074,IT Hardware,Open Competition,PO-17791,1518.52,Yes,EFT,False,False,False,False,False,False,False,False,0,Routine,False,No predefined exception
PAY-001196,INV-899395,2025-09-24,2025-26,2025-09,Natural Resources,V0034,Supplier 034,Training,Open Competition,PO-31366,1565.7,Yes,EFT,False,False,False,False,False,False,False,False,0,Routine,False,No predefined exception
PAY-001518,INV-364291,2025-09-24,2025-26,2025-09,Health Services,V0029,Supplier 029,Building Maintenance,Sole Source,PO-25205,3834.34,Yes,EFT,False,False,False,False,False,False,False,False,0,Routine,False,No predefined exception
PAY-001918,INV-104055,2025-09-24,2025-26,2025-09,Transportation & Infrastructure,V0071,Supplier 071,Professional Services,Open Competition,,5574.78,Yes,Cheque,False,False,True,False,False,False,False,False,1,Routine,False,Missing purchase order
PAY-000544,INV-310387,2025-09-24,2025-26,2025-09,Natural Resources,V0016,Supplier 016,Professional Services,Standing Offer,PO-89432,2065.6,Yes,EFT,False,False,False,False,False,False,False,False,0,Routine,False,No predefined exception
PAY-000737,INV-837197,2025-09-24,2025-26,2025-09,Education,V0007,Supplier 007,Training,Standing Offer,PO-91115,9998.41,Yes,EFT,False,False,False,True,True,False,False,False,4,Higher,True,Near hypothetical threshold; Statistical amount outlier
PAY-001206,INV-181494,2025-09-24,2025-26,2025-09,Natural Resources,V0033,Supplier 033,Transportation Services,Open Competition,,845.39,Yes,EFT,False,False,True,False,False,False,False,False,1,Routine,False,Missing purchase order
PAY-000728,INV-559822,2025-09-24,2025-26,2025-09,Municipal Services,V0007,Supplier 007,Transportation Services,Open Competition,PO-51100,9500.28,Yes,EFT,False,False,False,True,True,False,False,False,4,Higher,True,Near hypothetical threshold; Statistical amount outlier
PAY-001567,INV-760246,2025-09-24,2025-26,2025-09,Transportation & Infrastructure,V0047,Supplier 047,Office Supplies,Open Competition,PO-96492,3142.6,Yes,EFT,False,False,False,False,False,False,False,False,0,Routine,False,No predefined exception
PAY-000568,INV-643410,2025-09-24,2025-26,2025-09,Health Services,V0047,Supplier 047,Training,Open Competition,PO-31198,5528.17,Yes,EFT,False,False,False,False,False,False,False,False,0,Routine,False,No predefined exception
PAY-000506,INV-493922,2025-09-25,2025-26,2025-09,Digital Government,,,Equipment,Open Competition,PO-77957,1242.61,Yes,Cheque,False,True,False,False,False,False,False,False,2,Moderate,True,Missing vendor information
PAY-001853,INV-195310,2025-09-25,2025-26,2025-09,Education,V0043,Supplier 043,Software & Licensing,Standing Offer,PO-77151,1922.84,Yes,EFT,False,False,False,False,False,False,False,False,0,Routine,False,No predefined exception
PAY-002036,INV-490555,2025-09-25,2025-26,2025-09,Education,V0047,Supplier 047,Building Maintenance,Open Competition,PO-20041,3600.32,No,Cheque,False,False,False,False,False,False,False,True,3,Moderate,True,Approval exception
PAY-001573,INV-736548,2025-09-25,2025-26,2025-09,Transportation & Infrastructure,V0044,Supplier 044,Transportation Services,Open Competition,PO-46109,2290.72,Yes,Corporate Card,False,False,False,False,False,False,False,False,0,Routine,False,No predefined exception
PAY-002462,INV-298139,2025-09-25,2025-26,2025-09,Health Services,V0079,Supplier 079,Professional Services,Standing Offer,PO-48627,4359.84,Yes,EFT,False,False,False,False,False,False,False,False,0,Routine,False,No predefined exception
PAY-001249,INV-906434,2025-09-25,2025-26,2025-09,Health Services,V0021,Supplier 021,Building Maintenance,Sole Source,PO-57383,3721.65,Yes,EFT,False,False,False,False,False,False,False,False,0,Routine,False,No predefined exception
PAY-000696,INV-230193,2025-09-25,2025-26,2025-09,Health Services,V0059,Supplier 059,Equipment,Invitational,PO-26818,2368.42,Yes,EFT,False,False,False,False,False,False,False,False,0,Routine,False,No predefined exception
PAY-002437,INV-710278,2025-09-25,2025-26,2025-09,Transportation & Infrastructure,V0036,Supplier 036,IT Hardware,Invitational,PO-35998,339.88,Yes,EFT,False,False,False,False,False,False,False,False,0,Routine,False,No predefined exception
PAY-001003,INV-187876,2025-09-25,2025-26,2025-09,Digital Government,V0058,Supplier 058,Training,Open Competition,PO-23554,13794.6,Yes,EFT,False,False,False,False,True,False,False,False,2,Moderate,True,Statistical amount outlier
PAY-002019,INV-741462,2025-09-26,2025-26,2025-09,Education,V0004,Supplier 004,Training,Open Competition,PO-72860,1810.91,Yes,EFT,False,False,False,False,False,False,False,False,0,Routine,False,No predefined exception
PAY-000509,INV-596753,2025-09-26,2025-26,2025-09,Digital Government,,,Equipment,Invitational,PO-94423,3503.1,Yes,EFT,False,True,False,False,False,False,False,False,2,Moderate,True,Missing vendor information
PAY-001076,INV-816284,2025-09-26,2025-26,2025-09,Digital Government,V0040,Supplier 040,Professional Services,Sole Source,PO-47352,1937.83,Yes,EFT,False,False,False,False,False,False,False,False,0,Routine,False,No predefined exception
PAY-001188,INV-189051,2025-09-26,2025-26,2025-09,Digital Government,V0006,Supplier 006,Software & Licensing,Open Competition,PO-40993,7834.56,Yes,Cheque,False,False,False,False,False,False,False,False,0,Routine,False,No predefined exception
PAY-001809,INV-165867,2025-09-26,2025-26,2025-09,Natural Resources,V0036,Supplier 036,Software & Licensing,Standing Offer,PO-61798,3948.62,Yes,EFT,False,False,False,False,False,False,False,False,0,Routine,False,No predefined exception
PAY-000138,INV-894953,2025-09-26,2025-26,2025-09,Justice & Public Safety,V0066,Supplier 066,Construction Services,Standing Offer,PO-63749,2334.97,Yes,EFT,False,False,False,False,False,False,False,False,0,Routine,False,No predefined exception
PAY-001060,INV-847642,2025-09-26,2025-26,2025-09,Natural Resources,V0042,Supplier 042,Building Maintenance,Open Competition,PO-26552,3199.24,Yes,EFT,False,False,False,False,False,False,False,False,0,Routine,False,No predefined exception
PAY-000406,INV-729112,2025-09-27,2025-26,2025-09,Transportation & Infrastructure,V0019,Supplier 019,IT Hardware,Invitational,PO-96673,648.74,Yes,EFT,False,False,False,False,False,False,False,False,0,Routine,False,No predefined exception
PAY-000195,INV-950185,2025-09-27,2025-26,2025-09,Transportation & Infrastructure,V0026,Supplier 026,IT Hardware,Standing Offer,PO-12353,4311.0,No,EFT,False,False,False,False,False,False,False,True,3,Moderate,True,Approval exception
PAY-002358,INV-647200,2025-09-27,2025-26,2025-09,Health Services,V0043,Supplier 043,Building Maintenance,Open Competition,PO-23648,2009.54,Yes,EFT,False,False,False,False,False,False,False,False,0,Routine,False,No predefined exception
PAY-000880,INV-190925,2025-09-27,2025-26,2025-09,Digital Government,V0042,Supplier 042,Transportation Services,Open Competition,PO-33804,1923.41,Yes,EFT,False,False,False,False,False,False,False,False,0,Routine,False,No predefined exception
PAY-000490,INV-177527,2025-09-27,2025-26,2025-09,Transportation & Infrastructure,V0062,Supplier 062,Building Maintenance,Invitational,PO-23127,1514.63,Yes,EFT,False,False,False,False,False,False,False,False,0,Routine,False,No predefined exception
PAY-001192,INV-881700,2025-09-27,2025-26,2025-09,Natural Resources,V0014,Supplier 014,IT Hardware,Standing Offer,PO-13888,1977.48,Yes,EFT,False,False,False,False,False,False,False,False,0,Routine,False,No predefined exception
PAY-000588,INV-130270,2025-09-28,2025-26,2025-09,Justice & Public Safety,V0063,Supplier 063,Equipment,Invitational,PO-82619,456.02,Yes,EFT,False,False,False,False,False,False,False,False,0,Routine,False,No predefined exception
PAY-001772,INV-152127,2025-09-28,2025-26,2025-09,Municipal Services,V0072,Supplier 072,Software & Licensing,Invitational,PO-28426,1117.87,Yes,EFT,False,False,False,False,False,False,False,False,0,Routine,False,No predefined exception
PAY-002489,INV-383126,2025-09-28,2025-26,2025-09,Education,V0046,Supplier 046,Training,Standing Offer,PO-59104,3396.88,Yes,EFT,False,False,False,False,False,False,False,False,0,Routine,False,No predefined exception
PAY-001373,INV-186155,2025-09-28,2025-26,2025-09,Education,V0007,Supplier 007,IT Hardware,Invitational,PO-20836,3504.5,Yes,EFT,False,False,False,False,False,False,False,False,0,Routine,False,No predefined exception
PAY-000342,INV-411011,2025-09-28,2025-26,2025-09,Natural Resources,V0011,Supplier 011,Construction Services,Open Competition,PO-79903,12686.89,Yes,EFT,False,False,False,False,True,False,False,False,2,Moderate,True,Statistical amount outlier
PAY-002023,INV-401173,2025-09-28,2025-26,2025-09,Natural Resources,V0022,Supplier 022,Equipment,Standing Offer,PO-70461,3193.97,Yes,Corporate Card,False,False,False,False,False,False,False,False,0,Routine,False,No predefined exception
PAY-001645,INV-733669,2025-09-28,2025-26,2025-09,Digital Government,V0005,Supplier 005,Construction Services,Invitational,PO-75941,2091.31,Yes,Cheque,False,False,False,False,False,False,False,False,0,Routine,False,No predefined exception
PAY-000632,INV-861058,2025-09-29,2025-26,2025-09,Transportation & Infrastructure,V0053,Supplier 053,Training,Standing Offer,PO-15054,4869.36,Yes,EFT,False,False,False,False,False,False,False,False,0,Routine,False,No predefined exception
PAY-001163,INV-605173,2025-09-29,2025-26,2025-09,Health Services,V0046,Supplier 046,IT Hardware,Open Competition,PO-24743,1824.19,Yes,EFT,False,False,False,False,False,False,False,False,0,Routine,False,No predefined exception
PAY-001275,INV-289921,2025-09-29,2025-26,2025-09,Municipal Services,V0029,Supplier 029,Office Supplies,Open Competition,PO-78004,884.49,Yes,EFT,False,False,False,False,False,False,False,False,0,Routine,False,No predefined exception
PAY-001189,INV-914299,2025-09-29,2025-26,2025-09,Transportation & Infrastructure,V0050,Supplier 050,Training,Open Competition,PO-84663,1040.72,Yes,EFT,False,False,False,False,False,False,False,False,0,Routine,False,No predefined exception
PAY-000554,INV-366294,2025-09-30,2025-26,2025-09,Digital Government,V0020,Supplier 020,IT Hardware,Standing Offer,PO-77967,4973.51,Yes,EFT,False,False,False,False,False,False,False,False,0,Routine,False,No predefined exception
PAY-002475,INV-836786,2025-09-30,2025-26,2025-09,Digital Government,V0079,Supplier 079,Office Supplies,Open Competition,PO-89098,613.49,Yes,EFT,False,False,False,False,False,False,False,False,0,Routine,False,No predefined exception
PAY-000826,INV-865710,2025-09-30,2025-26,2025-09,Municipal Services,V0057,Supplier 057,Transportation Services,Open Competition,PO-72270,2712.55,Yes,EFT,False,False,False,False,False,False,False,False,0,Routine,False,No predefined exception
PAY-001483,INV-347113,2025-09-30,2025-26,2025-09,Health Services,V0066,Supplier 066,Software & Licensing,Standing Offer,PO-23057,1273.49,Yes,EFT,False,False,False,False,False,False,False,False,0,Routine,False,No predefined exception
PAY-001886,INV-362739,2025-09-30,2025-26,2025-09,Health Services,V0042,Supplier 042,IT Hardware,Open Competition,PO-56357,7374.42,Yes,EFT,False,False,False,False,False,False,False,False,0,Routine,False,No predefined exception
PAY-002498,INV-661669,2025-09-30,2025-26,2025-09,Education,V0073,Supplier 073,Software & Licensing,Invitational,PO-55676,473.2,Yes,EFT,False,False,False,False,False,False,False,False,0,Routine,False,No predefined exception
PAY-002035,INV-801517,2025-10-01,2025-26,2025-10,Municipal Services,V0045,Supplier 045,Transportation Services,Open Competition,PO-67470,1648.63,Yes,EFT,False,False,False,False,False,False,False,False,0,Routine,False,No predefined exception
PAY-000831,INV-632465,2025-10-01,2025-26,2025-10,Municipal Services,V0077,Supplier 077,IT Hardware,Open Competition,PO-37509,5751.81,Yes,EFT,False,False,False,False,False,False,False,False,0,Routine,False,No predefined exception
PAY-000224,INV-399850,2025-10-01,2025-26,2025-10,Transportation & Infrastructure,V0034,Supplier 034,Software & Licensing,Open Competition,PO-22281,9990.0,Yes,EFT,False,False,False,True,True,False,False,False,4,Higher,True,Near hypothetical threshold; Statistical amount outlier
PAY-000810,INV-499346,2025-10-01,2025-26,2025-10,Digital Government,V0059,Supplier 059,Software & Licensing,Sole Source,PO-47429,3514.12,Yes,EFT,False,False,False,False,False,False,False,False,0,Routine,False,No predefined exception
PAY-001103,INV-406521,2025-10-01,2025-26,2025-10,Natural Resources,V0020,Supplier 020,Building Maintenance,Sole Source,PO-83885,42554.77,Yes,EFT,False,False,False,False,True,True,False,False,4,Higher,True,Statistical amount outlier; Higher-value sole-source transaction
PAY-000467,INV-909253,2025-10-02,2025-26,2025-10,Health Services,V0007,Supplier 007,Building Maintenance,Standing Offer,PO-84137,7876.24,Yes,EFT,False,False,False,False,False,False,False,False,0,Routine,False,No predefined exception
PAY-002032,INV-341474,2025-10-02,2025-26,2025-10,Digital Government,V0051,Supplier 051,IT Hardware,Open Competition,PO-32584,4409.5,Yes,EFT,False,False,False,False,False,False,False,False,0,Routine,False,No predefined exception
PAY-001510,INV-568451,2025-10-02,2025-26,2025-10,Health Services,V0016,Supplier 016,Training,Sole Source,PO-84625,5520.94,Yes,Corporate Card,False,False,False,False,False,False,False,False,0,Routine,False,No predefined exception
PAY-001621,INV-513606,2025-10-03,2025-26,2025-10,Justice & Public Safety,V0020,Supplier 020,Office Supplies,Open Competition,PO-94724,1403.45,Yes,Cheque,False,False,False,False,False,False,False,False,0,Routine,False,No predefined exception
PAY-000694,INV-726701,2025-10-03,2025-26,2025-10,Education,V0018,Supplier 018,Equipment,Open Competition,PO-96281,4316.79,Yes,EFT,False,False,False,False,False,False,False,False,0,Routine,False,No predefined exception
PAY-000397,INV-461652,2025-10-03,2025-26,2025-10,Education,V0055,Supplier 055,Construction Services,Open Competition,PO-88943,259.87,Yes,Cheque,False,False,False,False,False,False,False,False,0,Routine,False,No predefined exception
PAY-001930,INV-170400,2025-10-03,2025-26,2025-10,Justice & Public Safety,V0023,Supplier 023,Construction Services,Open Competition,PO-75294,2973.0,Yes,EFT,False,False,False,False,False,False,False,False,0,Routine,False,No predefined exception
PAY-000590,INV-820177,2025-10-03,2025-26,2025-10,Health Services,V0024,Supplier 024,Training,Open Competition,PO-60528,10920.2,Yes,EFT,False,False,False,False,True,False,False,False,2,Moderate,True,Statistical amount outlier
PAY-001531,INV-699649,2025-10-04,2025-26,2025-10,Health Services,V0065,Supplier 065,Office Supplies,Standing Offer,PO-87686,2071.29,Yes,EFT,False,False,False,False,False,False,False,False,0,Routine,False,No predefined exception
PAY-000893,INV-112467,2025-10-04,2025-26,2025-10,Municipal Services,V0043,Supplier 043,Professional Services,Standing Offer,PO-99976,815.73,Yes,EFT,False,False,False,False,False,False,False,False,0,Routine,False,No predefined exception
PAY-000205,INV-527991,2025-10-04,2025-26,2025-10,Transportation & Infrastructure,V0078,Supplier 078,Software & Licensing,Sole Source,PO-45097,9990.0,Yes,Cheque,False,False,False,True,True,False,False,False,4,Higher,True,Near hypothetical threshold; Statistical amount outlier
PAY-000155,INV-298153,2025-10-04,2025-26,2025-10,Health Services,V0030,Supplier 030,Training,Invitational,PO-25930,2092.69,Yes,EFT,False,False,False,False,False,False,False,False,0,Routine,False,No predefined exception
PAY-001383,INV-389962,2025-10-04,2025-26,2025-10,Natural Resources,V0053,Supplier 053,Transportation Services,Open Competition,PO-25096,3474.62,Yes,EFT,False,False,False,False,False,False,False,False,0,Routine,False,No predefined exception
PAY-000566,INV-396379,2025-10-04,2025-26,2025-10,Digital Government,V0009,Supplier 009,IT Hardware,Standing Offer,PO-18699,4318.93,Yes,EFT,False,False,False,False,False,False,False,False,0,Routine,False,No predefined exception
PAY-000237,INV-778145,2025-10-04,2025-26,2025-10,Health Services,V0017,Supplier 017,Software & Licensing,Invitational,,4342.14,Yes,EFT,False,False,True,False,False,False,False,False,1,Routine,False,Missing purchase order
PAY-002494,INV-333867,2025-10-05,2025-26,2025-10,Natural Resources,V0065,Supplier 065,IT Hardware,Open Competition,PO-24989,2314.15,Yes,EFT,False,False,False,False,False,False,False,False,0,Routine,False,No predefined exception
PAY-002258,INV-574869,2025-10-05,2025-26,2025-10,Justice & Public Safety,V0039,Supplier 039,Office Supplies,Standing Offer,PO-12221,1537.66,Yes,Cheque,False,False,False,False,False,False,False,False,0,Routine,False,No predefined exception
PAY-001868,INV-369670,2025-10-05,2025-26,2025-10,Transportation & Infrastructure,V0043,Supplier 043,Equipment,Sole Source,PO-56687,4844.91,Yes,EFT,False,False,False,False,False,False,False,False,0,Routine,False,No predefined exception
PAY-001477,INV-339967,2025-10-05,2025-26,2025-10,Health Services,V0065,Supplier 065,Office Supplies,Open Competition,PO-26155,2862.19,Yes,EFT,False,False,False,False,False,False,False,False,0,Routine,False,No predefined exception
PAY-000090,INV-622820,2025-10-05,2025-26,2025-10,Natural Resources,V0045,Supplier 045,Professional Services,Invitational,PO-94170,2628.77,Yes,EFT,False,False,False,False,False,False,False,False,0,Routine,False,No predefined exception
PAY-001650,INV-334898,2025-10-05,2025-26,2025-10,Education,V0020,Supplier 020,Equipment,Open Competition,PO-48159,2849.56,Yes,EFT,False,False,False,False,False,False,False,False,0,Routine,False,No predefined exception
PAY-001288,INV-373945,2025-10-05,2025-26,2025-10,Education,V0078,Supplier 078,Transportation Services,Open Competition,PO-97059,4355.63,Yes,EFT,False,False,False,False,False,False,False,False,0,Routine,False,No predefined exception
PAY-000345,INV-258272,2025-10-05,2025-26,2025-10,Transportation & Infrastructure,V0025,Supplier 025,Building Maintenance,Standing Offer,PO-14490,1141.38,Yes,EFT,False,False,False,False,False,False,False,False,0,Routine,False,No predefined exception
PAY-000033,INV-827963,2025-10-05,2025-26,2025-10,Natural Resources,V0007,Supplier 007,Professional Services,Invitational,PO-14902,6418.37,Yes,EFT,False,False,False,False,False,False,False,False,0,Routine,False,No predefined exception
PAY-001680,INV-340270,2025-10-05,2025-26,2025-10,Transportation & Infrastructure,V0027,Supplier 027,Professional Services,Open Competition,PO-18209,2624.23,Yes,EFT,False,False,False,False,False,False,False,False,0,Routine,False,No predefined exception
PAY-000006,INV-278986,2025-10-06,2025-26,2025-10,Health Services,V0051,Supplier 051,Equipment,Open Competition,PO-79098,5282.9,Yes,EFT,False,False,False,False,False,False,False,False,0,Routine,False,No predefined exception
PAY-001211,INV-879957,2025-10-06,2025-26,2025-10,Transportation & Infrastructure,V0007,Supplier 007,Office Supplies,Invitational,PO-70083,831.49,Yes,EFT,False,False,False,False,False,False,False,False,0,Routine,False,No predefined exception
PAY-000457,INV-477082,2025-10-06,2025-26,2025-10,Natural Resources,V0017,Supplier 017,Construction Services,Sole Source,PO-97889,5381.65,Yes,EFT,False,False,False,False,False,False,False,False,0,Routine,False,No predefined exception
PAY-001364,INV-987278,2025-10-07,2025-26,2025-10,Natural Resources,V0045,Supplier 045,IT Hardware,Open Competition,PO-48554,460.01,Yes,EFT,False,False,False,False,False,False,False,False,0,Routine,False,No predefined exception
PAY-000035,INV-405063,2025-10-07,2025-26,2025-10,Digital Government,V0064,Supplier 064,IT Hardware,Sole Source,PO-18280,1984.16,Yes,EFT,False,False,False,False,False,False,False,False,0,Routine,False,No predefined exception
PAY-000651,INV-813076,2025-10-07,2025-26,2025-10,Health Services,V0030,Supplier 030,Construction Services,Open Competition,PO-47066,2360.42,Yes,Corporate Card,False,False,False,False,False,False,False,False,0,Routine,False,No predefined exception
PAY-000174,INV-696822,2025-10-07,2025-26,2025-10,Municipal Services,V0061,Supplier 061,Construction Services,Standing Offer,PO-41334,2500.05,Yes,Cheque,False,False,False,False,False,False,False,False,0,Routine,False,No predefined exception
PAY-002359,INV-180771,2025-10-07,2025-26,2025-10,Transportation & Infrastructure,V0073,Supplier 073,IT Hardware,Open Competition,PO-52936,1306.33,Yes,EFT,False,False,False,False,False,False,False,False,0,Routine,False,No predefined exception
PAY-000550,INV-827467,2025-10-07,2025-26,2025-10,Health Services,V0042,Supplier 042,Construction Services,Open Competition,PO-33665,2589.72,Yes,EFT,False,False,False,False,False,False,False,False,0,Routine,False,No predefined exception
PAY-002445,INV-239861,2025-10-07,2025-26,2025-10,Education,V0025,Supplier 025,Office Supplies,Sole Source,PO-19876,5687.01,Yes,Cheque,False,False,False,False,False,False,False,False,0,Routine,False,No predefined exception
PAY-000399,INV-390886,2025-10-07,2025-26,2025-10,Municipal Services,V0062,Supplier 062,Construction Services,Invitational,PO-12936,18247.75,Yes,EFT,False,False,False,False,True,False,False,False,2,Moderate,True,Statistical amount outlier
PAY-000080,INV-475348,2025-10-07,2025-26,2025-10,Education,V0011,Supplier 011,Transportation Services,Invitational,PO-17135,1236.47,Yes,Cheque,False,False,False,False,False,False,False,False,0,Routine,False,No predefined exception
PAY-000069,INV-720253,2025-10-08,2025-26,2025-10,Digital Government,V0051,Supplier 051,Office Supplies,Invitational,PO-58643,768.84,Yes,EFT,False,False,False,False,False,False,False,False,0,Routine,False,No predefined exception
PAY-002495,INV-212223,2025-10-08,2025-26,2025-10,Natural Resources,V0055,Supplier 055,Office Supplies,Open Competition,PO-46062,1628.71,Yes,EFT,False,False,False,False,False,False,False,False,0,Routine,False,No predefined exception
PAY-001648,INV-158047,2025-10-08,2025-26,2025-10,Health Services,V0062,Supplier 062,Training,Invitational,PO-74268,8918.96,Yes,EFT,False,False,False,False,False,False,False,False,0,Routine,False,No predefined exception
PAY-000652,INV-328300,2025-10-08,2025-26,2025-10,Transportation & Infrastructure,V0057,Supplier 057,Training,Standing Offer,PO-42771,1377.96,Yes,EFT,False,False,False,False,False,False,False,False,0,Routine,False,No predefined exception
PAY-000347,INV-974506,2025-10-08,2025-26,2025-10,Health Services,V0030,Supplier 030,Software & Licensing,Standing Offer,PO-16377,1598.28,Yes,EFT,False,False,False,False,False,False,False,False,0,Routine,False,No predefined exception
PAY-002465,INV-645648,2025-10-08,2025-26,2025-10,Justice & Public Safety,V0019,Supplier 019,Building Maintenance,Open Competition,PO-46022,1003.82,Yes,Cheque,False,False,False,False,False,False,False,False,0,Routine,False,No predefined exception
PAY-001708,INV-412712,2025-10-09,2025-26,2025-10,Natural Resources,V0040,Supplier 040,Software & Licensing,Open Competition,PO-46043,5674.83,Yes,EFT,False,False,False,False,False,False,False,False,0,Routine,False,No predefined exception
PAY-000022,INV-882955,2025-10-09,2025-26,2025-10,Natural Resources,V0077,Supplier 077,IT Hardware,Open Competition,,2752.69,Yes,EFT,False,False,True,False,False,False,False,False,1,Routine,False,Missing purchase order
PAY-000702,INV-268733,2025-10-09,2025-26,2025-10,Natural Resources,V0007,Supplier 007,Transportation Services,Open Competition,PO-25707,3041.74,Yes,EFT,False,False,False,False,False,False,False,False,0,Routine,False,No predefined exception
PAY-000788,INV-367614,2025-10-09,2025-26,2025-10,Justice & Public Safety,V0007,Supplier 007,IT Hardware,Sole Source,PO-13901,5385.31,Yes,EFT,False,False,False,False,False,False,False,False,0,Routine,False,No predefined exception
PAY-002081,INV-773166,2025-10-09,2025-26,2025-10,Justice & Public Safety,V0013,Supplier 013,Software & Licensing,Open Competition,PO-53869,2067.8,Yes,EFT,False,False,False,False,False,False,False,False,0,Routine,False,No predefined exception
PAY-001699,INV-289773,2025-10-09,2025-26,2025-10,Transportation & Infrastructure,V0010,Supplier 010,Training,Open Competition,PO-77426,973.64,Yes,Cheque,False,False,False,False,False,False,False,False,0,Routine,False,No predefined exception
PAY-000328,INV-892244,2025-10-09,2025-26,2025-10,Transportation & Infrastructure,V0043,Supplier 043,Training,Standing Offer,PO-75095,838.93,Yes,EFT,False,False,False,False,False,False,False,False,0,Routine,False,No predefined exception
PAY-000458,INV-180730,2025-10-09,2025-26,2025-10,Natural Resources,V0048,Supplier 048,Software & Licensing,Open Competition,,1660.57,Yes,EFT,False,False,True,False,False,False,False,False,1,Routine,False,Missing purchase order
PAY-000542,INV-127043,2025-10-09,2025-26,2025-10,Health Services,V0009,Supplier 009,Office Supplies,Open Competition,PO-84923,1644.78,Yes,EFT,False,False,False,False,False,False,False,False,0,Routine,False,No predefined exception
PAY-001371,INV-189743,2025-10-10,2025-26,2025-10,Health Services,V0062,Supplier 062,Training,Standing Offer,PO-81880,2932.55,Yes,EFT,False,False,False,False,False,False,False,False,0,Routine,False,No predefined exception
PAY-002056,INV-585319,2025-10-10,2025-26,2025-10,Digital Government,V0002,Supplier 002,IT Hardware,Standing Offer,PO-69042,792.99,Yes,EFT,False,False,False,False,False,False,False,False,0,Routine,False,No predefined exception
PAY-001702,INV-181199,2025-10-10,2025-26,2025-10,Education,V0051,Supplier 051,Training,Open Competition,PO-79282,221.86,Yes,EFT,False,False,False,False,False,False,False,False,0,Routine,False,No predefined exception
PAY-001526,INV-939934,2025-10-10,2025-26,2025-10,Municipal Services,V0012,Supplier 012,Training,Standing Offer,PO-43484,1522.84,Yes,EFT,False,False,False,False,False,False,False,False,0,Routine,False,No predefined exception
PAY-001232,INV-990752,2025-10-11,2025-26,2025-10,Justice & Public Safety,V0062,Supplier 062,Software & Licensing,Standing Offer,PO-86178,8670.77,Yes,EFT,False,False,False,False,False,False,False,False,0,Routine,False,No predefined exception
PAY-000975,INV-519972,2025-10-11,2025-26,2025-10,Health Services,V0034,Supplier 034,Construction Services,Standing Offer,PO-27232,708.36,Yes,EFT,False,False,False,False,False,False,False,False,0,Routine,False,No predefined exception
PAY-000613,INV-488333,2025-10-11,2025-26,2025-10,Digital Government,V0045,Supplier 045,Building Maintenance,Standing Offer,,3929.44,Yes,EFT,False,False,True,False,False,False,False,False,1,Routine,False,Missing purchase order
PAY-000293,INV-125938,2025-10-11,2025-26,2025-10,Health Services,V0073,Supplier 073,Equipment,Invitational,PO-77983,714.26,Yes,EFT,False,False,False,False,False,False,False,False,0,Routine,False,No predefined exception
PAY-001832,INV-279006,2025-10-11,2025-26,2025-10,Education,V0056,Supplier 056,Transportation Services,Open Competition,PO-56887,1981.94,Yes,EFT,False,False,False,False,False,False,False,False,0,Routine,False,No predefined exception
PAY-000304,INV-581873,2025-10-12,2025-26,2025-10,Justice & Public Safety,V0080,Supplier 080,Equipment,Standing Offer,PO-89271,1913.01,Yes,EFT,False,False,False,False,False,False,False,False,0,Routine,False,No predefined exception
PAY-000833,INV-351842,2025-10-12,2025-26,2025-10,Education,V0076,Supplier 076,IT Hardware,Invitational,PO-11206,3341.21,Yes,EFT,False,False,False,False,False,False,False,False,0,Routine,False,No predefined exception
PAY-001594,INV-519503,2025-10-12,2025-26,2025-10,Natural Resources,V0060,Supplier 060,Training,Open Competition,PO-60750,8534.98,Yes,EFT,False,False,False,False,False,False,False,False,0,Routine,False,No predefined exception
PAY-000835,INV-714229,2025-10-12,2025-26,2025-10,Transportation & Infrastructure,V0037,Supplier 037,Construction Services,Standing Offer,,3213.8,Yes,EFT,False,False,True,False,False,False,False,False,1,Routine,False,Missing purchase order
PAY-001737,INV-359418,2025-10-12,2025-26,2025-10,Digital Government,V0027,Supplier 027,Building Maintenance,Invitational,PO-47081,1218.05,Yes,EFT,False,False,False,False,False,False,False,False,0,Routine,False,No predefined exception
PAY-001974,INV-193650,2025-10-12,2025-26,2025-10,Health Services,V0057,Supplier 057,Equipment,Standing Offer,PO-54253,1726.83,Yes,EFT,False,False,False,False,False,False,False,False,0,Routine,False,No predefined exception
PAY-001295,INV-777758,2025-10-12,2025-26,2025-10,Justice & Public Safety,V0006,Supplier 006,Building Maintenance,Standing Offer,PO-24020,7197.31,Yes,EFT,False,False,False,False,False,False,False,False,0,Routine,False,No predefined exception
PAY-001088,INV-147779,2025-10-13,2025-26,2025-10,Natural Resources,V0030,Supplier 030,IT Hardware,Standing Offer,PO-28792,3583.17,Yes,EFT,False,False,False,False,False,False,False,False,0,Routine,False,No predefined exception
PAY-000418,INV-377342,2025-10-13,2025-26,2025-10,Transportation & Infrastructure,V0056,Supplier 056,Building Maintenance,Standing Offer,PO-58068,1208.4,Yes,EFT,False,False,False,False,False,False,False,False,0,Routine,False,No predefined exception
PAY-002361,INV-731581,2025-10-13,2025-26,2025-10,Justice & Public Safety,V0072,Supplier 072,Construction Services,Open Competition,PO-56972,3065.92,Yes,EFT,False,False,False,False,False,False,False,False,0,Routine,False,No predefined exception
PAY-000533,INV-377648,2025-10-13,2025-26,2025-10,Natural Resources,V0074,Supplier 074,Building Maintenance,Standing Offer,PO-15379,1332.2,Yes,EFT,False,False,False,False,False,False,False,False,0,Routine,False,No predefined exception
PAY-001694,INV-850401,2025-10-13,2025-26,2025-10,Natural Resources,V0067,Supplier 067,Building Maintenance,Open Competition,PO-24760,633.91,Yes,EFT,False,False,False,False,False,False,False,False,0,Routine,False,No predefined exception
PAY-002277,INV-263384,2025-10-13,2025-26,2025-10,Education,V0002,Supplier 002,Transportation Services,Invitational,PO-85069,4784.7,Yes,EFT,False,False,False,False,False,False,False,False,0,Routine,False,No predefined exception
PAY-001292,INV-394478,2025-10-14,2025-26,2025-10,Municipal Services,V0016,Supplier 016,Construction Services,Standing Offer,PO-31416,10859.87,Yes,Corporate Card,False,False,False,False,True,False,False,False,2,Moderate,True,Statistical amount outlier
PAY-000743,INV-297286,2025-10-14,2025-26,2025-10,Municipal Services,V0007,Supplier 007,Building Maintenance,Sole Source,PO-91377,2746.94,Yes,EFT,False,False,False,False,False,False,False,False,0,Routine,False,No predefined exception
PAY-000713,INV-744795,2025-10-14,2025-26,2025-10,Transportation & Infrastructure,V0007,Supplier 007,Training,Standing Offer,PO-97111,976.34,Yes,EFT,False,False,False,False,False,False,False,False,0,Routine,False,No predefined exception
PAY-000182,INV-785611,2025-10-15,2025-26,2025-10,Digital Government,V0011,Supplier 011,Building Maintenance,Open Competition,PO-46277,1225.66,Yes,EFT,False,False,False,False,False,False,False,False,0,Routine,False,No predefined exception
PAY-002014,INV-718119,2025-10-15,2025-26,2025-10,Health Services,V0068,Supplier 068,Office Supplies,Open Competition,PO-41586,2220.18,Yes,EFT,False,False,False,False,False,False,False,False,0,Routine,False,No predefined exception
PAY-001534,INV-224232,2025-10-15,2025-26,2025-10,Health Services,V0005,Supplier 005,Office Supplies,Open Competition,PO-59178,1531.5,Yes,EFT,False,False,False,False,False,False,False,False,0,Routine,False,No predefined exception
PAY-001443,INV-306724,2025-10-15,2025-26,2025-10,Education,V0057,Supplier 057,Building Maintenance,Sole Source,PO-92494,2477.72,Yes,EFT,False,False,False,False,False,False,False,False,0,Routine,False,No predefined exception
PAY-001073,INV-505377,2025-10-15,2025-26,2025-10,Natural Resources,V0077,Supplier 077,Transportation Services,Open Competition,PO-31264,5075.02,Yes,EFT,False,False,False,False,False,False,False,False,0,Routine,False,No predefined exception
PAY-001193,INV-303305,2025-10-15,2025-26,2025-10,Municipal Services,V0005,Supplier 005,IT Hardware,Open Competition,PO-17426,3619.96,Yes,EFT,False,False,False,False,False,False,False,False,0,Routine,False,No predefined exception
PAY-000231,INV-403446,2025-10-15,2025-26,2025-10,Municipal Services,V0021,Supplier 021,IT Hardware,Sole Source,PO-46388,1707.7,Yes,EFT,False,False,False,False,False,False,False,False,0,Routine,False,No predefined exception
PAY-000220,INV-376393,2025-10-15,2025-26,2025-10,Justice & Public Safety,V0074,Supplier 074,Construction Services,Open Competition,PO-19859,9950.0,Yes,EFT,False,False,False,True,True,False,False,False,4,Higher,True,Near hypothetical threshold; Statistical amount outlier
PAY-002112,INV-765979,2025-10-16,2025-26,2025-10,Health Services,V0005,Supplier 005,Building Maintenance,Invitational,PO-10284,3435.38,Yes,EFT,False,False,False,False,False,False,False,False,0,Routine,False,No predefined exception
PAY-001770,INV-300065,2025-10-16,2025-26,2025-10,Digital Government,V0050,Supplier 050,Software & Licensing,Open Competition,PO-91499,1616.92,Yes,EFT,False,False,False,False,False,False,False,False,0,Routine,False,No predefined exception
PAY-000247,INV-749837,2025-10-16,2025-26,2025-10,Transportation & Infrastructure,V0072,Supplier 072,Equipment,Sole Source,PO-40100,1156.04,Yes,EFT,False,False,False,False,False,False,False,False,0,Routine,False,No predefined exception
PAY-001544,INV-432103,2025-10-16,2025-26,2025-10,Education,V0024,Supplier 024,Equipment,Open Competition,PO-33104,1052.66,Yes,EFT,False,False,False,False,False,False,False,False,0,Routine,False,No predefined exception
PAY-001456,INV-802716,2025-10-16,2025-26,2025-10,Municipal Services,V0042,Supplier 042,Professional Services,Sole Source,PO-56304,1003.51,Yes,EFT,False,False,False,False,False,False,False,False,0,Routine,False,No predefined exception
PAY-001129,INV-793464,2025-10-17,2025-26,2025-10,Transportation & Infrastructure,V0064,Supplier 064,Building Maintenance,Open Competition,PO-29268,6118.12,Yes,Cheque,False,False,False,False,False,False,False,False,0,Routine,False,No predefined exception
PAY-001444,INV-115733,2025-10-17,2025-26,2025-10,Natural Resources,V0001,Supplier 001,Training,Sole Source,PO-36067,534.76,Yes,EFT,False,False,False,False,False,False,False,False,0,Routine,False,No predefined exception
PAY-002288,INV-511377,2025-10-17,2025-26,2025-10,Health Services,V0020,Supplier 020,Equipment,Standing Offer,PO-18823,757.09,Yes,Cheque,False,False,False,False,False,False,False,False,0,Routine,False,No predefined exception
PAY-001407,INV-290545,2025-10-18,2025-26,2025-10,Municipal Services,V0078,Supplier 078,Building Maintenance,Open Competition,,10575.06,Yes,EFT,False,False,True,False,True,False,False,False,3,Moderate,True,Missing purchase order; Statistical amount outlier
PAY-001404,INV-294716,2025-10-18,2025-26,2025-10,Digital Government,V0011,Supplier 011,Equipment,Standing Offer,PO-58049,1637.22,Yes,EFT,False,False,False,False,False,False,False,False,0,Routine,False,No predefined exception
PAY-DUP-012,INV-896790,2025-10-18,2025-26,2025-10,Education,V0079,Supplier 079,Software & Licensing,Sole Source,PO-97754,4350.88,Yes,EFT,True,False,False,False,False,False,False,False,3,Moderate,True,Potential duplicate
PAY-000704,INV-324970,2025-10-18,2025-26,2025-10,Health Services,V0007,Supplier 007,Building Maintenance,Standing Offer,PO-68882,3674.62,Yes,EFT,False,False,False,False,False,False,False,False,0,Routine,False,No predefined exception
PAY-001325,INV-851972,2025-10-18,2025-26,2025-10,Digital Government,V0050,Supplier 050,Building Maintenance,Standing Offer,PO-73534,3645.21,Yes,EFT,False,False,False,False,False,False,False,False,0,Routine,False,No predefined exception
PAY-000112,INV-896790,2025-10-18,2025-26,2025-10,Education,V0079,Supplier 079,Software & Licensing,Sole Source,PO-97754,4350.88,Yes,EFT,True,False,False,False,False,False,False,False,3,Moderate,True,Potential duplicate
PAY-000235,INV-768903,2025-10-18,2025-26,2025-10,Education,V0012,Supplier 012,Construction Services,Standing Offer,PO-89066,2463.12,Yes,EFT,False,False,False,False,False,False,False,False,0,Routine,False,No predefined exception
PAY-000751,INV-449345,2025-10-19,2025-26,2025-10,Health Services,V0007,Supplier 007,Software & Licensing,Sole Source,PO-13851,12618.14,Yes,Corporate Card,False,False,False,False,True,True,False,False,4,Higher,True,Statistical amount outlier; Higher-value sole-source transaction
PAY-002224,INV-571022,2025-10-19,2025-26,2025-10,Digital Government,V0074,Supplier 074,Equipment,Standing Offer,PO-96363,3126.04,Yes,EFT,False,False,False,False,False,False,False,False,0,Routine,False,No predefined exception
PAY-001309,INV-203535,2025-10-19,2025-26,2025-10,Transportation & Infrastructure,V0021,Supplier 021,Equipment,Open Competition,PO-75124,2568.59,Yes,EFT,False,False,False,False,False,False,False,False,0,Routine,False,No predefined exception
PAY-001171,INV-858171,2025-10-19,2025-26,2025-10,Digital Government,V0019,Supplier 019,IT Hardware,Open Competition,PO-21004,1623.77,Yes,EFT,False,False,False,False,False,False,False,False,0,Routine,False,No predefined exception
PAY-001899,INV-144912,2025-10-19,2025-26,2025-10,Transportation & Infrastructure,V0048,Supplier 048,Office Supplies,Standing Offer,PO-32053,1286.98,Yes,EFT,False,False,False,False,False,False,False,False,0,Routine,False,No predefined exception
PAY-000635,INV-191288,2025-10-19,2025-26,2025-10,Transportation & Infrastructure,V0059,Supplier 059,Office Supplies,Standing Offer,PO-82956,970.68,Yes,EFT,False,False,False,False,False,False,False,False,0,Routine,False,No predefined exception
PAY-001821,INV-465543,2025-10-19,2025-26,2025-10,Transportation & Infrastructure,V0007,Supplier 007,Construction Services,Standing Offer,PO-43991,943.96,Yes,EFT,False,False,False,False,False,False,False,False,0,Routine,False,No predefined exception
PAY-000073,INV-301798,2025-10-19,2025-26,2025-10,Transportation & Infrastructure,V0065,Supplier 065,Professional Services,Sole Source,PO-72167,1948.96,Yes,EFT,False,False,False,False,False,False,False,False,0,Routine,False,No predefined exception
PAY-000666,INV-593896,2025-10-20,2025-26,2025-10,Justice & Public Safety,V0031,Supplier 031,Office Supplies,Open Competition,PO-64936,5681.44,Yes,Cheque,False,False,False,False,False,False,False,False,0,Routine,False,No predefined exception
PAY-000223,INV-911032,2025-10-20,2025-26,2025-10,Natural Resources,V0046,Supplier 046,IT Hardware,Open Competition,PO-67824,9995.0,Yes,Corporate Card,False,False,False,True,True,False,False,False,4,Higher,True,Near hypothetical threshold; Statistical amount outlier
PAY-000977,INV-168369,2025-10-20,2025-26,2025-10,Digital Government,V0026,Supplier 026,IT Hardware,Sole Source,PO-76056,702.93,Yes,EFT,False,False,False,False,False,False,False,False,0,Routine,False,No predefined exception
PAY-002154,INV-942843,2025-10-20,2025-26,2025-10,Digital Government,V0080,Supplier 080,Office Supplies,Standing Offer,PO-44494,3333.71,Yes,EFT,False,False,False,False,False,False,False,False,0,Routine,False,No predefined exception
PAY-001711,INV-719256,2025-10-21,2025-26,2025-10,Municipal Services,V0062,Supplier 062,Professional Services,Open Competition,PO-25604,1349.76,Yes,EFT,False,False,False,False,False,False,False,False,0,Routine,False,No predefined exception
PAY-001995,INV-491065,2025-10-21,2025-26,2025-10,Education,V0014,Supplier 014,IT Hardware,Open Competition,PO-18366,1956.95,Yes,EFT,False,False,False,False,False,False,False,False,0,Routine,False,No predefined exception
PAY-001850,INV-439606,2025-10-21,2025-26,2025-10,Health Services,V0079,Supplier 079,IT Hardware,Standing Offer,PO-43678,2495.44,Yes,EFT,False,False,False,False,False,False,False,False,0,Routine,False,No predefined exception
PAY-000474,INV-494051,2025-10-21,2025-26,2025-10,Education,V0006,Supplier 006,Equipment,Open Competition,PO-35040,920.4,Yes,EFT,False,False,False,False,False,False,False,False,0,Routine,False,No predefined exception
PAY-001792,INV-498008,2025-10-22,2025-26,2025-10,Education,V0004,Supplier 004,IT Hardware,Open Competition,PO-64654,1595.1,Yes,EFT,False,False,False,False,False,False,False,False,0,Routine,False,No predefined exception
PAY-000818,INV-738449,2025-10-22,2025-26,2025-10,Education,V0050,Supplier 050,IT Hardware,Open Competition,PO-27276,1101.72,Yes,EFT,False,False,False,False,False,False,False,False,0,Routine,False,No predefined exception
PAY-000759,INV-601754,2025-10-22,2025-26,2025-10,Municipal Services,V0007,Supplier 007,Transportation Services,Standing Offer,PO-23937,7119.73,Yes,Cheque,False,False,False,False,False,False,False,False,0,Routine,False,No predefined exception
PAY-002389,INV-208775,2025-10-23,2025-26,2025-10,Health Services,V0073,Supplier 073,Building Maintenance,Invitational,PO-95099,1808.3,Yes,EFT,False,False,False,False,False,False,False,False,0,Routine,False,No predefined exception
PAY-000060,INV-449317,2025-10-23,2025-26,2025-10,Health Services,V0045,Supplier 045,Construction Services,Invitational,PO-19973,1157.09,Yes,EFT,False,False,False,False,False,False,False,False,0,Routine,False,No predefined exception
PAY-001666,INV-597163,2025-10-23,2025-26,2025-10,Health Services,V0009,Supplier 009,Building Maintenance,Standing Offer,,1326.3,Yes,Corporate Card,False,False,True,False,False,False,False,False,1,Routine,False,Missing purchase order
PAY-001779,INV-432548,2025-10-23,2025-26,2025-10,Justice & Public Safety,V0004,Supplier 004,Training,Open Competition,PO-19487,2721.7,Yes,Cheque,False,False,False,False,False,False,False,False,0,Routine,False,No predefined exception
PAY-000574,INV-337268,2025-10-23,2025-26,2025-10,Municipal Services,V0038,Supplier 038,Training,Open Competition,PO-10761,9576.06,Yes,EFT,False,False,False,True,True,False,False,False,4,Higher,True,Near hypothetical threshold; Statistical amount outlier
PAY-002020,INV-246429,2025-10-23,2025-26,2025-10,Health Services,V0069,Supplier 069,Training,Open Competition,PO-80880,2133.09,Yes,EFT,False,False,False,False,False,False,False,False,0,Routine,False,No predefined exception
PAY-002002,INV-812917,2025-10-24,2025-26,2025-10,Municipal Services,V0060,Supplier 060,Equipment,Open Competition,PO-40702,631.41,Yes,EFT,False,False,False,False,False,False,False,False,0,Routine,False,No predefined exception
PAY-000782,INV-506396,2025-10-24,2025-26,2025-10,Education,V0007,Supplier 007,Building Maintenance,Standing Offer,PO-17534,6322.38,Yes,EFT,False,False,False,False,False,False,False,False,0,Routine,False,No predefined exception
PAY-001903,INV-583042,2025-10-24,2025-26,2025-10,Municipal Services,V0077,Supplier 077,Construction Services,Standing Offer,PO-86418,475.52,Yes,EFT,False,False,False,False,False,False,False,False,0,Routine,False,No predefined exception
PAY-000134,INV-495460,2025-10-24,2025-26,2025-10,Municipal Services,V0079,Supplier 079,Building Maintenance,Invitational,PO-65277,2426.48,Yes,EFT,False,False,False,False,False,False,False,False,0,Routine,False,No predefined exception
PAY-000881,INV-690669,2025-10-24,2025-26,2025-10,Natural Resources,V0080,Supplier 080,Training,Open Competition,PO-62073,5658.66,Yes,Cheque,False,False,False,False,False,False,False,False,0,Routine,False,No predefined exception
PAY-000083,INV-684326,2025-10-25,2025-26,2025-10,Health Services,V0001,Supplier 001,Professional Services,Open Competition,PO-85043,965.18,Yes,EFT,False,False,False,False,False,False,False,False,0,Routine,False,No predefined exception
PAY-001862,INV-460400,2025-10-25,2025-26,2025-10,Justice & Public Safety,V0004,Supplier 004,Office Supplies,Open Competition,PO-39581,4837.62,Yes,Cheque,False,False,False,False,False,False,False,False,0,Routine,False,No predefined exception
PAY-000275,INV-994230,2025-10-25,2025-26,2025-10,Municipal Services,V0017,Supplier 017,Construction Services,Open Competition,PO-57165,5182.14,Yes,EFT,False,False,False,False,False,False,False,False,0,Routine,False,No predefined exception
PAY-002314,INV-983435,2025-10-25,2025-26,2025-10,Natural Resources,V0011,Supplier 011,Software & Licensing,Open Competition,PO-36025,4748.06,Yes,Cheque,False,False,False,False,False,False,False,False,0,Routine,False,No predefined exception
PAY-000296,INV-823559,2025-10-25,2025-26,2025-10,Health Services,V0048,Supplier 048,Equipment,Sole Source,PO-84229,1363.87,Yes,EFT,False,False,False,False,False,False,False,False,0,Routine,False,No predefined exception
PAY-001758,INV-519204,2025-10-25,2025-26,2025-10,Digital Government,V0059,Supplier 059,Equipment,Open Competition,PO-22531,2952.61,Yes,EFT,False,False,False,False,False,False,False,False,0,Routine,False,No predefined exception
PAY-002212,INV-420847,2025-10-25,2025-26,2025-10,Justice & Public Safety,V0019,Supplier 019,Training,Open Competition,PO-54230,7162.94,Yes,EFT,False,False,False,False,False,False,False,False,0,Routine,False,No predefined exception
PAY-001793,INV-375381,2025-10-26,2025-26,2025-10,Municipal Services,V0044,Supplier 044,Construction Services,Open Competition,PO-95667,1262.0,Yes,Cheque,False,False,False,False,False,False,False,False,0,Routine,False,No predefined exception
PAY-001318,INV-291812,2025-10-26,2025-26,2025-10,Natural Resources,V0078,Supplier 078,IT Hardware,Open Competition,,1402.25,Yes,EFT,False,False,True,False,False,False,False,False,1,Routine,False,Missing purchase order
PAY-001316,INV-430322,2025-10-26,2025-26,2025-10,Municipal Services,V0050,Supplier 050,Software & Licensing,Standing Offer,PO-29328,1586.38,Yes,EFT,False,False,False,False,False,False,False,False,0,Routine,False,No predefined exception
PAY-002301,INV-784266,2025-10-26,2025-26,2025-10,Digital Government,V0050,Supplier 050,Transportation Services,Open Competition,PO-95824,2622.75,Yes,Cheque,False,False,False,False,False,False,False,False,0,Routine,False,No predefined exception
PAY-001489,INV-508548,2025-10-27,2025-26,2025-10,Natural Resources,V0026,Supplier 026,Equipment,Open Competition,,760.79,Yes,Corporate Card,False,False,True,False,False,False,False,False,1,Routine,False,Missing purchase order
PAY-001182,INV-284535,2025-10-27,2025-26,2025-10,Health Services,V0052,Supplier 052,Construction Services,Invitational,PO-72734,2273.36,Yes,Corporate Card,False,False,False,False,False,False,False,False,0,Routine,False,No predefined exception
PAY-001705,INV-222357,2025-10-27,2025-26,2025-10,Natural Resources,V0024,Supplier 024,Construction Services,Open Competition,PO-46397,7200.78,Yes,EFT,False,False,False,False,False,False,False,False,0,Routine,False,No predefined exception
PAY-001138,INV-409780,2025-10-27,2025-26,2025-10,Justice & Public Safety,V0048,Supplier 048,Office Supplies,Invitational,PO-38280,1422.13,Yes,EFT,False,False,False,False,False,False,False,False,0,Routine,False,No predefined exception
PAY-001891,INV-368116,2025-10-28,2025-26,2025-10,Justice & Public Safety,V0024,Supplier 024,Training,Open Competition,PO-59305,4288.5,Yes,EFT,False,False,False,False,False,False,False,False,0,Routine,False,No predefined exception
PAY-001219,INV-753817,2025-10-28,2025-26,2025-10,Municipal Services,V0074,Supplier 074,Equipment,Standing Offer,PO-71081,8525.27,Yes,Cheque,False,False,False,False,False,False,False,False,0,Routine,False,No predefined exception
PAY-000705,INV-324866,2025-10-29,2025-26,2025-10,Education,V0007,Supplier 007,Transportation Services,Open Competition,PO-11316,3336.85,Yes,EFT,False,False,False,False,False,False,False,False,0,Routine,False,No predefined exception
PAY-000986,INV-596297,2025-10-29,2025-26,2025-10,Education,V0015,Supplier 015,Software & Licensing,Open Competition,,3347.16,Yes,EFT,False,False,True,False,False,False,False,False,1,Routine,False,Missing purchase order
PAY-002486,INV-873931,2025-10-30,2025-26,2025-10,Justice & Public Safety,V0051,Supplier 051,IT Hardware,Open Competition,PO-15427,498.95,Yes,EFT,False,False,False,False,False,False,False,False,0,Routine,False,No predefined exception
PAY-001908,INV-758210,2025-10-30,2025-26,2025-10,Digital Government,V0012,Supplier 012,Construction Services,Open Competition,PO-99584,6135.84,Yes,EFT,False,False,False,False,False,False,False,False,0,Routine,False,No predefined exception
PAY-001043,INV-571068,2025-10-30,2025-26,2025-10,Health Services,V0019,Supplier 019,Training,Open Competition,PO-69919,1754.56,Yes,EFT,False,False,False,False,False,False,False,False,0,Routine,False,No predefined exception
PAY-002488,INV-644075,2025-10-30,2025-26,2025-10,Health Services,V0058,Supplier 058,IT Hardware,Standing Offer,PO-41070,996.52,Yes,EFT,False,False,False,False,False,False,False,False,0,Routine,False,No predefined exception
PAY-000082,INV-903631,2025-10-30,2025-26,2025-10,Education,V0015,Supplier 015,Professional Services,Open Competition,PO-49884,2135.0,Yes,EFT,False,False,False,False,False,False,False,False,0,Routine,False,No predefined exception
PAY-000665,INV-901555,2025-10-30,2025-26,2025-10,Justice & Public Safety,V0049,Supplier 049,Transportation Services,Open Competition,PO-88501,2075.43,Yes,Corporate Card,False,False,False,False,False,False,False,False,0,Routine,False,No predefined exception
PAY-002108,INV-645611,2025-10-30,2025-26,2025-10,Digital Government,V0071,Supplier 071,Construction Services,Sole Source,PO-81349,1012.58,Yes,Corporate Card,False,False,False,False,False,False,False,False,0,Routine,False,No predefined exception
PAY-000864,INV-428634,2025-10-31,2025-26,2025-10,Health Services,V0030,Supplier 030,Construction Services,Open Competition,PO-63467,6194.23,Yes,Cheque,False,False,False,False,False,False,False,False,0,Routine,False,No predefined exception
PAY-001808,INV-860691,2025-10-31,2025-26,2025-10,Health Services,V0033,Supplier 033,Training,Open Competition,PO-86455,1732.3,Yes,EFT,False,False,False,False,False,False,False,False,0,Routine,False,No predefined exception
PAY-000123,INV-513440,2025-10-31,2025-26,2025-10,Health Services,V0030,Supplier 030,Building Maintenance,Invitational,PO-26029,3086.6,Yes,EFT,False,False,False,False,False,False,False,False,0,Routine,False,No predefined exception
PAY-000885,INV-113731,2025-10-31,2025-26,2025-10,Education,V0027,Supplier 027,Transportation Services,Open Competition,PO-90468,3649.85,Yes,Cheque,False,False,False,False,False,False,False,False,0,Routine,False,No predefined exception
PAY-001156,INV-335161,2025-10-31,2025-26,2025-10,Municipal Services,V0012,Supplier 012,IT Hardware,Invitational,PO-25563,9442.52,Yes,EFT,False,False,False,False,True,False,False,False,2,Moderate,True,Statistical amount outlier
PAY-001787,INV-455933,2025-10-31,2025-26,2025-10,Justice & Public Safety,V0048,Supplier 048,IT Hardware,Standing Offer,PO-71303,8174.54,Yes,EFT,False,False,False,False,False,False,False,False,0,Routine,False,No predefined exception
PAY-002201,INV-216908,2025-10-31,2025-26,2025-10,Transportation & Infrastructure,V0038,Supplier 038,Construction Services,Standing Offer,PO-36615,1858.86,Yes,Corporate Card,False,False,False,False,False,False,False,False,0,Routine,False,No predefined exception
PAY-001334,INV-360529,2025-11-01,2025-26,2025-11,Digital Government,V0019,Supplier 019,Software & Licensing,Invitational,PO-96814,1710.73,Yes,EFT,False,False,False,False,False,False,False,False,0,Routine,False,No predefined exception
PAY-001313,INV-822648,2025-11-01,2025-26,2025-11,Education,V0002,Supplier 002,Professional Services,Invitational,PO-87538,4178.65,Yes,EFT,False,False,False,False,False,False,False,False,0,Routine,False,No predefined exception
PAY-001566,INV-436399,2025-11-01,2025-26,2025-11,Health Services,V0012,Supplier 012,Building Maintenance,Standing Offer,PO-80111,2464.93,Yes,Corporate Card,False,False,False,False,False,False,False,False,0,Routine,False,No predefined exception
PAY-000595,INV-411741,2025-11-01,2025-26,2025-11,Transportation & Infrastructure,V0080,Supplier 080,Construction Services,Open Competition,PO-10552,819.66,Yes,EFT,False,False,False,False,False,False,False,False,0,Routine,False,No predefined exception
PAY-000010,INV-402240,2025-11-01,2025-26,2025-11,Health Services,V0007,Supplier 007,Transportation Services,Open Competition,PO-34045,1599.12,Yes,Corporate Card,False,False,False,False,False,False,False,False,0,Routine,False,No predefined exception
PAY-001442,INV-909195,2025-11-01,2025-26,2025-11,Health Services,V0017,Supplier 017,Transportation Services,Open Competition,PO-50001,4492.29,No,EFT,False,False,False,False,False,False,False,True,3,Moderate,True,Approval exception
PAY-001218,INV-264404,2025-11-01,2025-26,2025-11,Natural Resources,V0038,Supplier 038,Building Maintenance,Invitational,PO-95808,3135.05,Yes,EFT,False,False,False,False,False,False,False,False,0,Routine,False,No predefined exception
PAY-002297,INV-682933,2025-11-01,2025-26,2025-11,Education,V0014,Supplier 014,IT Hardware,Sole Source,PO-84187,6343.48,Yes,EFT,False,False,False,False,False,False,False,False,0,Routine,False,No predefined exception
PAY-001468,INV-307158,2025-11-01,2025-26,2025-11,Health Services,V0009,Supplier 009,Office Supplies,Open Competition,PO-11280,10664.55,Yes,EFT,False,False,False,False,True,False,False,False,2,Moderate,True,Statistical amount outlier
PAY-000078,INV-986867,2025-11-01,2025-26,2025-11,Digital Government,V0056,Supplier 056,IT Hardware,Sole Source,PO-59229,2850.25,Yes,EFT,False,False,False,False,False,False,False,False,0,Routine,False,No predefined exception
PAY-000393,INV-565994,2025-11-01,2025-26,2025-11,Justice & Public Safety,V0019,Supplier 019,Professional Services,Open Competition,PO-84613,263.35,Yes,EFT,False,False,False,False,False,False,False,False,0,Routine,False,No predefined exception
PAY-000525,INV-930547,2025-11-01,2025-26,2025-11,Justice & Public Safety,V0020,Supplier 020,Transportation Services,Invitational,PO-10337,1879.32,Yes,EFT,False,False,False,False,False,False,False,False,0,Routine,False,No predefined exception
PAY-000118,INV-998704,2025-11-02,2025-26,2025-11,Transportation & Infrastructure,V0041,Supplier 041,Office Supplies,Open Competition,PO-54696,2219.36,Yes,EFT,False,False,False,False,False,False,False,False,0,Routine,False,No predefined exception
PAY-001577,INV-531385,2025-11-02,2025-26,2025-11,Justice & Public Safety,V0055,Supplier 055,Building Maintenance,Open Competition,PO-72358,7213.17,Yes,EFT,False,False,False,False,False,False,False,False,0,Routine,False,No predefined exception
PAY-001631,INV-515976,2025-11-02,2025-26,2025-11,Education,V0073,Supplier 073,Transportation Services,Standing Offer,PO-55728,1197.09,Yes,EFT,False,False,False,False,False,False,False,False,0,Routine,False,No predefined exception
PAY-002025,INV-493186,2025-11-02,2025-26,2025-11,Education,V0048,Supplier 048,Transportation Services,Open Competition,PO-30620,1229.53,Yes,EFT,False,False,False,False,False,False,False,False,0,Routine,False,No predefined exception
PAY-000889,INV-741000,2025-11-02,2025-26,2025-11,Digital Government,V0073,Supplier 073,Training,Open Competition,,1628.12,Yes,Cheque,False,False,True,False,False,False,False,False,1,Routine,False,Missing purchase order
PAY-002377,INV-187132,2025-11-02,2025-26,2025-11,Transportation & Infrastructure,V0002,Supplier 002,Professional Services,Open Competition,PO-61036,1890.23,Yes,EFT,False,False,False,False,False,False,False,False,0,Routine,False,No predefined exception
PAY-001102,INV-627340,2025-11-02,2025-26,2025-11,Transportation & Infrastructure,V0064,Supplier 064,Software & Licensing,Sole Source,PO-20109,64483.48,Yes,Corporate Card,False,False,False,False,True,True,False,False,4,Higher,True,Statistical amount outlier; Higher-value sole-source transaction
PAY-001437,INV-857600,2025-11-02,2025-26,2025-11,Health Services,V0073,Supplier 073,Construction Services,Invitational,PO-19657,1225.33,Yes,EFT,False,False,False,False,False,False,False,False,0,Routine,False,No predefined exception
PAY-000537,INV-952370,2025-11-03,2025-26,2025-11,Transportation & Infrastructure,V0056,Supplier 056,IT Hardware,Open Competition,PO-82735,1623.93,Yes,EFT,False,False,False,False,False,False,False,False,0,Routine,False,No predefined exception
PAY-000624,INV-957692,2025-11-03,2025-26,2025-11,Digital Government,V0016,Supplier 016,Construction Services,Open Competition,,503.99,Yes,EFT,False,False,True,False,False,False,False,False,1,Routine,False,Missing purchase order
PAY-001804,INV-427891,2025-11-03,2025-26,2025-11,Health Services,V0070,Supplier 070,Training,Open Competition,PO-16607,3797.78,Yes,Cheque,False,False,False,False,False,False,False,False,0,Routine,False,No predefined exception
PAY-000564,INV-953349,2025-11-03,2025-26,2025-11,Education,V0041,Supplier 041,Construction Services,Open Competition,PO-77482,882.06,Yes,EFT,False,False,False,False,False,False,False,False,0,Routine,False,No predefined exception
PAY-001411,INV-947078,2025-11-03,2025-26,2025-11,Justice & Public Safety,V0017,Supplier 017,Software & Licensing,Open Competition,PO-72823,1704.88,Yes,EFT,False,False,False,False,False,False,False,False,0,Routine,False,No predefined exception
PAY-000557,INV-628425,2025-11-03,2025-26,2025-11,Municipal Services,V0069,Supplier 069,IT Hardware,Open Competition,PO-35490,6559.2,Yes,EFT,False,False,False,False,False,False,False,False,0,Routine,False,No predefined exception
PAY-000088,INV-833375,2025-11-03,2025-26,2025-11,Education,V0029,Supplier 029,Transportation Services,Sole Source,PO-80114,2717.23,Yes,Corporate Card,False,False,False,False,False,False,False,False,0,Routine,False,No predefined exception
PAY-000733,INV-561691,2025-11-03,2025-26,2025-11,Transportation & Infrastructure,V0007,Supplier 007,Equipment,Invitational,,5519.67,Yes,EFT,False,False,True,False,False,False,False,False,1,Routine,False,Missing purchase order
PAY-002029,INV-879966,2025-11-03,2025-26,2025-11,Health Services,V0005,Supplier 005,IT Hardware,Open Competition,PO-97667,7464.71,Yes,EFT,False,False,False,False,False,False,False,False,0,Routine,False,No predefined exception
PAY-000070,INV-705556,2025-11-04,2025-26,2025-11,Natural Resources,V0055,Supplier 055,Professional Services,Open Competition,PO-19156,3694.9,Yes,Cheque,False,False,False,False,False,False,False,False,0,Routine,False,No predefined exception
PAY-002059,INV-580674,2025-11-04,2025-26,2025-11,Justice & Public Safety,V0040,Supplier 040,IT Hardware,Open Competition,PO-49404,10039.74,Yes,EFT,False,False,False,False,True,False,False,False,2,Moderate,True,Statistical amount outlier
PAY-000130,INV-128885,2025-11-04,2025-26,2025-11,Justice & Public Safety,V0036,Supplier 036,Construction Services,Sole Source,PO-86197,2365.95,Yes,EFT,False,False,False,False,False,False,False,False,0,Routine,False,No predefined exception
PAY-001558,INV-451931,2025-11-04,2025-26,2025-11,Health Services,V0002,Supplier 002,Software & Licensing,Open Competition,PO-38629,2357.7,Yes,EFT,False,False,False,False,False,False,False,False,0,Routine,False,No predefined exception
PAY-002262,INV-549541,2025-11-04,2025-26,2025-11,Education,V0021,Supplier 021,Transportation Services,Invitational,PO-89217,9323.89,Yes,EFT,False,False,False,False,True,False,False,False,2,Moderate,True,Statistical amount outlier
PAY-000218,INV-510616,2025-11-04,2025-26,2025-11,Health Services,V0032,Supplier 032,Construction Services,Standing Offer,PO-92351,9900.0,Yes,EFT,False,False,False,True,True,False,False,False,4,Higher,True,Near hypothetical threshold; Statistical amount outlier
PAY-001135,INV-226150,2025-11-04,2025-26,2025-11,Digital Government,V0036,Supplier 036,Professional Services,Invitational,PO-22835,3053.29,Yes,EFT,False,False,False,False,False,False,False,False,0,Routine,False,No predefined exception
PAY-000475,INV-380790,2025-11-04,2025-26,2025-11,Education,V0052,Supplier 052,Training,Open Competition,PO-31637,1936.63,Yes,EFT,False,False,False,False,False,False,False,False,0,Routine,False,No predefined exception
PAY-000857,INV-820602,2025-11-04,2025-26,2025-11,Justice & Public Safety,V0068,Supplier 068,Building Maintenance,Invitational,PO-37467,2388.34,Yes,EFT,False,False,False,False,False,False,False,False,0,Routine,False,No predefined exception
PAY-002477,INV-763431,2025-11-05,2025-26,2025-11,Digital Government,V0065,Supplier 065,Office Supplies,Invitational,PO-74324,11617.96,Yes,EFT,False,False,False,False,True,False,False,False,2,Moderate,True,Statistical amount outlier
PAY-001357,INV-417953,2025-11-05,2025-26,2025-11,Health Services,V0034,Supplier 034,Transportation Services,Open Competition,PO-89772,1634.43,Yes,EFT,False,False,False,False,False,False,False,False,0,Routine,False,No predefined exception
PAY-001698,INV-257212,2025-11-05,2025-26,2025-11,Justice & Public Safety,V0069,Supplier 069,Software & Licensing,Invitational,PO-81352,691.1,Yes,EFT,False,False,False,False,False,False,False,False,0,Routine,False,No predefined exception
PAY-002202,INV-345993,2025-11-06,2025-26,2025-11,Transportation & Infrastructure,V0026,Supplier 026,Office Supplies,Open Competition,PO-52722,1177.61,Yes,EFT,False,False,False,False,False,False,False,False,0,Routine,False,No predefined exception
PAY-000209,INV-910935,2025-11-06,2025-26,2025-11,Natural Resources,V0072,Supplier 072,Equipment,Standing Offer,PO-60852,9950.0,Yes,EFT,False,False,False,True,True,False,False,False,4,Higher,True,Near hypothetical threshold; Statistical amount outlier
PAY-002080,INV-593377,2025-11-06,2025-26,2025-11,Health Services,V0062,Supplier 062,Building Maintenance,Standing Offer,PO-39398,2295.6,Yes,EFT,False,False,False,False,False,False,False,False,0,Routine,False,No predefined exception
PAY-001913,INV-254607,2025-11-06,2025-26,2025-11,Health Services,V0027,Supplier 027,Transportation Services,Invitational,PO-94684,2285.89,Yes,EFT,False,False,False,False,False,False,False,False,0,Routine,False,No predefined exception
PAY-000469,INV-723765,2025-11-06,2025-26,2025-11,Natural Resources,V0015,Supplier 015,Training,Standing Offer,PO-72594,2066.21,Yes,EFT,False,False,False,False,False,False,False,False,0,Routine,False,No predefined exception
PAY-000643,INV-651595,2025-11-06,2025-26,2025-11,Municipal Services,V0004,Supplier 004,Office Supplies,Open Competition,PO-78882,4581.29,Yes,EFT,False,False,False,False,False,False,False,False,0,Routine,False,No predefined exception
PAY-000698,INV-248178,2025-11-06,2025-26,2025-11,Municipal Services,V0068,Supplier 068,IT Hardware,Standing Offer,PO-23223,1747.28,Yes,Cheque,False,False,False,False,False,False,False,False,0,Routine,False,No predefined exception
PAY-000332,INV-678921,2025-11-06,2025-26,2025-11,Digital Government,V0019,Supplier 019,IT Hardware,Open Competition,PO-96328,1706.03,Yes,EFT,False,False,False,False,False,False,False,False,0,Routine,False,No predefined exception
PAY-000706,INV-250862,2025-11-06,2025-26,2025-11,Health Services,V0007,Supplier 007,Training,Open Competition,PO-12026,3651.14,Yes,EFT,False,False,False,False,False,False,False,False,0,Routine,False,No predefined exception
PAY-000596,INV-103626,2025-11-07,2025-26,2025-11,Justice & Public Safety,V0024,Supplier 024,Office Supplies,Open Competition,PO-18823,2078.23,Yes,EFT,False,False,False,False,False,False,False,False,0,Routine,False,No predefined exception
PAY-002131,INV-446229,2025-11-07,2025-26,2025-11,Natural Resources,V0012,Supplier 012,Professional Services,Open Competition,PO-65746,2536.98,Yes,EFT,False,False,False,False,False,False,False,False,0,Routine,False,No predefined exception
PAY-002458,INV-816442,2025-11-07,2025-26,2025-11,Education,V0076,Supplier 076,Building Maintenance,Open Competition,PO-32953,1689.47,Yes,EFT,False,False,False,False,False,False,False,False,0,Routine,False,No predefined exception
PAY-001883,INV-451863,2025-11-07,2025-26,2025-11,Municipal Services,V0022,Supplier 022,Construction Services,Standing Offer,PO-75183,2781.32,Yes,EFT,False,False,False,False,False,False,False,False,0,Routine,False,No predefined exception
PAY-000776,INV-840045,2025-11-08,2025-26,2025-11,Health Services,V0007,Supplier 007,Office Supplies,Open Competition,PO-72996,12622.17,Yes,EFT,False,False,False,False,True,False,False,False,2,Moderate,True,Statistical amount outlier
PAY-000145,INV-480350,2025-11-08,2025-26,2025-11,Digital Government,V0068,Supplier 068,Software & Licensing,Open Competition,PO-71156,311.54,Yes,EFT,False,False,False,False,False,False,False,False,0,Routine,False,No predefined exception
PAY-001301,INV-689428,2025-11-08,2025-26,2025-11,Natural Resources,V0034,Supplier 034,Construction Services,Open Competition,PO-27259,1992.57,Yes,EFT,False,False,False,False,False,False,False,False,0,Routine,False,No predefined exception
PAY-001235,INV-971901,2025-11-08,2025-26,2025-11,Digital Government,V0077,Supplier 077,Office Supplies,Open Competition,PO-50372,470.83,Yes,EFT,False,False,False,False,False,False,False,False,0,Routine,False,No predefined exception
PAY-001778,INV-199122,2025-11-08,2025-26,2025-11,Transportation & Infrastructure,V0056,Supplier 056,Equipment,Open Competition,PO-70031,12952.95,Yes,EFT,False,False,False,False,True,False,False,False,2,Moderate,True,Statistical amount outlier
PAY-001691,INV-649633,2025-11-08,2025-26,2025-11,Health Services,V0014,Supplier 014,Transportation Services,Open Competition,PO-71385,887.96,Yes,EFT,False,False,False,False,False,False,False,False,0,Routine,False,No predefined exception
PAY-000481,INV-404094,2025-11-08,2025-26,2025-11,Digital Government,V0059,Supplier 059,Professional Services,Open Competition,PO-19218,6240.43,Yes,EFT,False,False,False,False,False,False,False,False,0,Routine,False,No predefined exception
PAY-001678,INV-147599,2025-11-09,2025-26,2025-11,Education,V0028,Supplier 028,Construction Services,Standing Offer,PO-86596,3004.81,Yes,EFT,False,False,False,False,False,False,False,False,0,Routine,False,No predefined exception
PAY-001848,INV-755313,2025-11-09,2025-26,2025-11,Municipal Services,V0014,Supplier 014,Equipment,Open Competition,PO-20655,3398.41,Yes,EFT,False,False,False,False,False,False,False,False,0,Routine,False,No predefined exception
PAY-000591,INV-165184,2025-11-09,2025-26,2025-11,Education,V0072,Supplier 072,Professional Services,Sole Source,PO-79260,1201.67,Yes,EFT,False,False,False,False,False,False,False,False,0,Routine,False,No predefined exception
PAY-000575,INV-579280,2025-11-09,2025-26,2025-11,Health Services,V0019,Supplier 019,Transportation Services,Invitational,PO-69698,1987.89,Yes,EFT,False,False,False,False,False,False,False,False,0,Routine,False,No predefined exception
PAY-002034,INV-862790,2025-11-09,2025-26,2025-11,Digital Government,V0009,Supplier 009,Building Maintenance,Standing Offer,PO-53813,7384.59,Yes,EFT,False,False,False,False,False,False,False,False,0,Routine,False,No predefined exception
PAY-001470,INV-101468,2025-11-09,2025-26,2025-11,Transportation & Infrastructure,V0020,Supplier 020,Professional Services,Standing Offer,PO-77165,4178.62,Yes,EFT,False,False,False,False,False,False,False,False,0,Routine,False,No predefined exception
PAY-000355,INV-139148,2025-11-09,2025-26,2025-11,Natural Resources,V0062,Supplier 062,Software & Licensing,Invitational,PO-91438,175000.0,Yes,EFT,False,False,False,False,True,False,False,False,2,Moderate,True,Statistical amount outlier
PAY-000491,INV-448848,2025-11-09,2025-26,2025-11,Transportation & Infrastructure,V0054,Supplier 054,Transportation Services,Standing Offer,PO-25453,869.83,Yes,EFT,False,False,False,False,False,False,False,False,0,Routine,False,No predefined exception
PAY-001276,INV-699142,2025-11-09,2025-26,2025-11,Justice & Public Safety,V0018,Supplier 018,Equipment,Standing Offer,PO-65300,824.03,Yes,EFT,False,False,False,False,False,False,False,False,0,Routine,False,No predefined exception
PAY-000684,INV-335943,2025-11-10,2025-26,2025-11,Transportation & Infrastructure,V0053,Supplier 053,IT Hardware,Standing Offer,PO-60627,11731.01,Yes,Cheque,False,False,False,False,True,False,False,False,2,Moderate,True,Statistical amount outlier
PAY-000212,INV-231827,2025-11-10,2025-26,2025-11,Municipal Services,V0031,Supplier 031,Transportation Services,Standing Offer,PO-15585,9950.0,Yes,Cheque,False,False,False,True,True,False,False,False,4,Higher,True,Near hypothetical threshold; Statistical amount outlier
PAY-001670,INV-150468,2025-11-10,2025-26,2025-11,Health Services,V0041,Supplier 041,IT Hardware,Sole Source,PO-40489,4187.68,Yes,EFT,False,False,False,False,False,False,False,False,0,Routine,False,No predefined exception
PAY-001216,INV-354265,2025-11-10,2025-26,2025-11,Justice & Public Safety,V0070,Supplier 070,Training,Open Competition,PO-12332,11984.12,Yes,Cheque,False,False,False,False,True,False,False,False,2,Moderate,True,Statistical amount outlier
PAY-000551,INV-555796,2025-11-10,2025-26,2025-11,Transportation & Infrastructure,V0013,Supplier 013,Building Maintenance,Open Competition,PO-33549,7032.33,Yes,EFT,False,False,False,False,False,False,False,False,0,Routine,False,No predefined exception
PAY-001687,INV-244575,2025-11-10,2025-26,2025-11,Digital Government,V0074,Supplier 074,Construction Services,Invitational,PO-20248,1195.11,Yes,EFT,False,False,False,False,False,False,False,False,0,Routine,False,No predefined exception
PAY-001315,INV-495065,2025-11-10,2025-26,2025-11,Education,V0004,Supplier 004,Equipment,Standing Offer,PO-75091,709.38,Yes,EFT,False,False,False,False,False,False,False,False,0,Routine,False,No predefined exception
PAY-001617,INV-966453,2025-11-10,2025-26,2025-11,Education,V0066,Supplier 066,Construction Services,Open Competition,PO-90692,7864.49,Yes,EFT,False,False,False,False,False,False,False,False,0,Routine,False,No predefined exception
PAY-000726,INV-565536,2025-11-10,2025-26,2025-11,Municipal Services,V0007,Supplier 007,Software & Licensing,Open Competition,PO-61542,5660.23,Yes,EFT,False,False,False,False,False,False,False,False,0,Routine,False,No predefined exception
PAY-002117,INV-566389,2025-11-10,2025-26,2025-11,Health Services,V0065,Supplier 065,Equipment,Open Competition,PO-94148,1399.38,Yes,EFT,False,False,False,False,False,False,False,False,0,Routine,False,No predefined exception
PAY-001825,INV-490732,2025-11-11,2025-26,2025-11,Natural Resources,V0011,Supplier 011,Professional Services,Open Competition,PO-27615,3191.19,Yes,EFT,False,False,False,False,False,False,False,False,0,Routine,False,No predefined exception
PAY-000987,INV-640282,2025-11-11,2025-26,2025-11,Transportation & Infrastructure,V0011,Supplier 011,Professional Services,Open Competition,PO-34556,2815.33,Yes,EFT,False,False,False,False,False,False,False,False,0,Routine,False,No predefined exception
PAY-001939,INV-951853,2025-11-11,2025-26,2025-11,Health Services,V0049,Supplier 049,Software & Licensing,Standing Offer,PO-43025,5468.07,Yes,EFT,False,False,False,False,False,False,False,False,0,Routine,False,No predefined exception
PAY-001068,INV-948152,2025-11-11,2025-26,2025-11,Justice & Public Safety,V0072,Supplier 072,Office Supplies,Open Competition,PO-72108,6914.96,Yes,EFT,False,False,False,False,False,False,False,False,0,Routine,False,No predefined exception
PAY-000186,INV-640022,2025-11-11,2025-26,2025-11,Natural Resources,V0066,Supplier 066,Training,Sole Source,PO-11634,1801.9,Yes,EFT,False,False,False,False,False,False,False,False,0,Routine,False,No predefined exception
PAY-000175,INV-849702,2025-11-11,2025-26,2025-11,Transportation & Infrastructure,V0054,Supplier 054,Professional Services,Open Competition,PO-16511,1488.21,Yes,EFT,False,False,False,False,False,False,False,False,0,Routine,False,No predefined exception
PAY-000213,INV-401407,2025-11-11,2025-26,2025-11,Municipal Services,V0010,Supplier 010,Construction Services,Invitational,PO-71957,9975.0,Yes,Cheque,False,False,False,True,True,False,False,False,4,Higher,True,Near hypothetical threshold; Statistical amount outlier
PAY-001602,INV-969029,2025-11-12,2025-26,2025-11,Education,V0026,Supplier 026,Equipment,Open Competition,PO-80713,2665.36,Yes,EFT,False,False,False,False,False,False,False,False,0,Routine,False,No predefined exception
PAY-001556,INV-340028,2025-11-12,2025-26,2025-11,Digital Government,V0070,Supplier 070,Equipment,Open Competition,PO-45453,987.34,Yes,EFT,False,False,False,False,False,False,False,False,0,Routine,False,No predefined exception
PAY-001542,INV-762222,2025-11-12,2025-26,2025-11,Transportation & Infrastructure,V0054,Supplier 054,Equipment,Invitational,PO-42947,4563.01,Yes,EFT,False,False,False,False,False,False,False,False,0,Routine,False,No predefined exception
PAY-002345,INV-747049,2025-11-12,2025-26,2025-11,Municipal Services,V0006,Supplier 006,Office Supplies,Standing Offer,PO-83490,520.83,Yes,EFT,False,False,False,False,False,False,False,False,0,Routine,False,No predefined exception
PAY-000318,INV-866887,2025-11-12,2025-26,2025-11,Health Services,V0068,Supplier 068,Transportation Services,Open Competition,PO-63639,1601.39,Yes,EFT,False,False,False,False,False,False,False,False,0,Routine,False,No predefined exception
PAY-001302,INV-780611,2025-11-12,2025-26,2025-11,Digital Government,V0056,Supplier 056,Transportation Services,Invitational,PO-82665,5744.12,Yes,EFT,False,False,False,False,False,False,False,False,0,Routine,False,No predefined exception
PAY-001595,INV-296544,2025-11-12,2025-26,2025-11,Education,V0023,Supplier 023,Professional Services,Standing Offer,PO-58780,1494.09,Yes,EFT,False,False,False,False,False,False,False,False,0,Routine,False,No predefined exception
PAY-000790,INV-246025,2025-11-12,2025-26,2025-11,Municipal Services,V0007,Supplier 007,Office Supplies,Open Competition,PO-97597,4536.84,Yes,Corporate Card,False,False,False,False,False,False,False,False,0,Routine,False,No predefined exception
PAY-002233,INV-747272,2025-11-12,2025-26,2025-11,Education,V0035,Supplier 035,IT Hardware,Invitational,PO-74618,2880.38,Yes,EFT,False,False,False,False,False,False,False,False,0,Routine,False,No predefined exception
PAY-001722,INV-790681,2025-11-12,2025-26,2025-11,Transportation & Infrastructure,V0070,Supplier 070,IT Hardware,Open Competition,PO-85195,3909.26,Yes,EFT,False,False,False,False,False,False,False,False,0,Routine,False,No predefined exception
PAY-000287,INV-972504,2025-11-13,2025-26,2025-11,Natural Resources,V0042,Supplier 042,Software & Licensing,Open Competition,PO-14808,1414.6,Yes,EFT,False,False,False,False,False,False,False,False,0,Routine,False,No predefined exception
PAY-001494,INV-664790,2025-11-13,2025-26,2025-11,Municipal Services,V0048,Supplier 048,Professional Services,Open Competition,PO-84697,3695.99,Yes,EFT,False,False,False,False,False,False,False,False,0,Routine,False,No predefined exception
PAY-001714,INV-664585,2025-11-13,2025-26,2025-11,Justice & Public Safety,V0077,Supplier 077,Training,Sole Source,PO-19363,1430.69,Yes,EFT,False,False,False,False,False,False,False,False,0,Routine,False,No predefined exception
PAY-001580,INV-603195,2025-11-13,2025-26,2025-11,Municipal Services,V0039,Supplier 039,Professional Services,Standing Offer,PO-16195,1202.08,Yes,EFT,False,False,False,False,False,False,False,False,0,Routine,False,No predefined exception
PAY-000543,INV-133635,2025-11-13,2025-26,2025-11,Transportation & Infrastructure,V0007,Supplier 007,Building Maintenance,Invitational,PO-90375,430.05,Yes,EFT,False,False,False,False,False,False,False,False,0,Routine,False,No predefined exception
PAY-001503,INV-117194,2025-11-13,2025-26,2025-11,Transportation & Infrastructure,V0046,Supplier 046,Transportation Services,Open Competition,PO-75047,532.48,Yes,EFT,False,False,False,False,False,False,False,False,0,Routine,False,No predefined exception
PAY-001386,INV-644392,2025-11-13,2025-26,2025-11,Education,V0038,Supplier 038,Equipment,Standing Offer,PO-66862,3009.93,Yes,Cheque,False,False,False,False,False,False,False,False,0,Routine,False,No predefined exception
PAY-000670,INV-976801,2025-11-13,2025-26,2025-11,Health Services,V0077,Supplier 077,Construction Services,Open Competition,PO-79068,2916.99,Yes,EFT,False,False,False,False,False,False,False,False,0,Routine,False,No predefined exception
PAY-001400,INV-410414,2025-11-13,2025-26,2025-11,Municipal Services,V0045,Supplier 045,Equipment,Open Competition,PO-67550,390.13,Yes,EFT,False,False,False,False,False,False,False,False,0,Routine,False,No predefined exception
PAY-000125,INV-879110,2025-11-13,2025-26,2025-11,Municipal Services,V0074,Supplier 074,IT Hardware,Sole Source,PO-85507,1550.35,Yes,Cheque,False,False,False,False,False,False,False,False,0,Routine,False,No predefined exception
PAY-002139,INV-526976,2025-11-14,2025-26,2025-11,Justice & Public Safety,V0015,Supplier 015,Building Maintenance,Invitational,PO-57668,1240.13,Yes,EFT,False,False,False,False,False,False,False,False,0,Routine,False,No predefined exception
PAY-001924,INV-760284,2025-11-14,2025-26,2025-11,Health Services,V0071,Supplier 071,Construction Services,Open Competition,PO-45215,1910.86,Yes,EFT,False,False,False,False,False,False,False,False,0,Routine,False,No predefined exception
PAY-000701,INV-633008,2025-11-14,2025-26,2025-11,Digital Government,V0007,Supplier 007,Transportation Services,Open Competition,PO-87240,16131.87,Yes,EFT,False,False,False,False,True,False,False,False,2,Moderate,True,Statistical amount outlier
PAY-001783,INV-582863,2025-11-14,2025-26,2025-11,Health Services,V0070,Supplier 070,Building Maintenance,Open Competition,PO-73818,15151.51,Yes,EFT,False,False,False,False,True,False,False,False,2,Moderate,True,Statistical amount outlier
PAY-001100,INV-695644,2025-11-14,2025-26,2025-11,Health Services,V0074,Supplier 074,Office Supplies,Invitational,PO-32319,2657.54,Yes,EFT,False,False,False,False,False,False,False,False,0,Routine,False,No predefined exception
PAY-002270,INV-778387,2025-11-15,2025-26,2025-11,Digital Government,V0044,Supplier 044,IT Hardware,Standing Offer,PO-33689,1739.05,Yes,EFT,False,False,False,False,False,False,False,False,0,Routine,False,No predefined exception
PAY-001967,INV-681768,2025-11-15,2025-26,2025-11,Health Services,V0028,Supplier 028,Professional Services,Open Competition,PO-40643,1668.99,Yes,EFT,False,False,False,False,False,False,False,False,0,Routine,False,No predefined exception
PAY-000439,INV-265837,2025-11-15,2025-26,2025-11,Digital Government,V0006,Supplier 006,IT Hardware,Open Competition,,6840.77,Yes,EFT,False,False,True,False,False,False,False,False,1,Routine,False,Missing purchase order
PAY-001038,INV-588195,2025-11-15,2025-26,2025-11,Digital Government,V0031,Supplier 031,Building Maintenance,Open Competition,PO-63913,1609.87,Yes,EFT,False,False,False,False,False,False,False,False,0,Routine,False,No predefined exception
PAY-001419,INV-670217,2025-11-15,2025-26,2025-11,Digital Government,V0016,Supplier 016,Training,Standing Offer,PO-97525,5613.79,Yes,EFT,False,False,False,False,False,False,False,False,0,Routine,False,No predefined exception
PAY-000783,INV-717125,2025-11-15,2025-26,2025-11,Justice & Public Safety,V0007,Supplier 007,Building Maintenance,Open Competition,PO-43381,4738.32,Yes,EFT,False,False,False,False,False,False,False,False,0,Routine,False,No predefined exception
PAY-001261,INV-953262,2025-11-15,2025-26,2025-11,Natural Resources,V0037,Supplier 037,Software & Licensing,Invitational,PO-97299,5080.07,No,Cheque,False,False,False,False,False,False,False,True,3,Moderate,True,Approval exception
PAY-002472,INV-155823,2025-11-15,2025-26,2025-11,Education,V0065,Supplier 065,Equipment,Open Competition,PO-81710,9855.08,Yes,EFT,False,False,False,True,True,False,False,False,4,Higher,True,Near hypothetical threshold; Statistical amount outlier
PAY-000668,INV-595898,2025-11-15,2025-26,2025-11,Education,V0044,Supplier 044,Equipment,Standing Offer,PO-18065,1087.07,Yes,EFT,False,False,False,False,False,False,False,False,0,Routine,False,No predefined exception
PAY-000605,INV-244454,2025-11-16,2025-26,2025-11,Municipal Services,V0061,Supplier 061,Software & Licensing,Open Competition,,2323.01,Yes,EFT,False,False,True,False,False,False,False,False,1,Routine,False,Missing purchase order
PAY-002479,INV-781509,2025-11-16,2025-26,2025-11,Digital Government,V0022,Supplier 022,Software & Licensing,Standing Offer,PO-37228,4102.88,Yes,EFT,False,False,False,False,False,False,False,False,0,Routine,False,No predefined exception
PAY-002287,INV-865523,2025-11-16,2025-26,2025-11,Education,V0014,Supplier 014,Construction Services,Invitational,PO-69962,1957.81,Yes,EFT,False,False,False,False,False,False,False,False,0,Routine,False,No predefined exception
PAY-000312,INV-302630,2025-11-16,2025-26,2025-11,Digital Government,V0063,Supplier 063,Equipment,Open Competition,PO-95184,3056.65,Yes,EFT,False,False,False,False,False,False,False,False,0,Routine,False,No predefined exception
PAY-001957,INV-799500,2025-11-17,2025-26,2025-11,Municipal Services,V0005,Supplier 005,Building Maintenance,Open Competition,PO-29062,2577.31,Yes,EFT,False,False,False,False,False,False,False,False,0,Routine,False,No predefined exception
PAY-000141,INV-653351,2025-11-17,2025-26,2025-11,Health Services,V0062,Supplier 062,Equipment,Open Competition,PO-94644,3251.36,Yes,Corporate Card,False,False,False,False,False,False,False,False,0,Routine,False,No predefined exception
PAY-002340,INV-851917,2025-11-17,2025-26,2025-11,Transportation & Infrastructure,V0005,Supplier 005,Training,Open Competition,PO-55306,2274.6,Yes,EFT,False,False,False,False,False,False,False,False,0,Routine,False,No predefined exception
PAY-000146,INV-558168,2025-11-17,2025-26,2025-11,Digital Government,V0044,Supplier 044,Office Supplies,Open Competition,PO-21326,3023.41,Yes,EFT,False,False,False,False,False,False,False,False,0,Routine,False,No predefined exception
PAY-000173,INV-262007,2025-11-17,2025-26,2025-11,Education,V0035,Supplier 035,Office Supplies,Open Competition,PO-67450,2404.07,Yes,Cheque,False,False,False,False,False,False,False,False,0,Routine,False,No predefined exception
PAY-DUP-008,INV-910486,2025-11-17,2025-26,2025-11,Justice & Public Safety,V0077,Supplier 077,Equipment,Open Competition,PO-76611,20564.54,Yes,EFT,True,False,False,False,True,False,False,False,5,Higher,True,Potential duplicate; Statistical amount outlier
PAY-001082,INV-232283,2025-11-17,2025-26,2025-11,Natural Resources,V0044,Supplier 044,Professional Services,Open Competition,PO-15599,1802.17,Yes,EFT,False,False,False,False,False,False,False,False,0,Routine,False,No predefined exception
PAY-001960,INV-701946,2025-11-17,2025-26,2025-11,Justice & Public Safety,V0032,Supplier 032,Construction Services,Open Competition,PO-84457,1439.39,Yes,EFT,False,False,False,False,False,False,False,False,0,Routine,False,No predefined exception
PAY-002461,INV-844854,2025-11-17,2025-26,2025-11,Transportation & Infrastructure,V0004,Supplier 004,Construction Services,Standing Offer,PO-80244,969.69,Yes,EFT,False,False,False,False,False,False,False,False,0,Routine,False,No predefined exception
PAY-000108,INV-910486,2025-11-17,2025-26,2025-11,Justice & Public Safety,V0077,Supplier 077,Equipment,Open Competition,PO-76611,20564.54,Yes,EFT,True,False,False,False,True,False,False,False,5,Higher,True,Potential duplicate; Statistical amount outlier
PAY-001385,INV-419849,2025-11-18,2025-26,2025-11,Health Services,V0009,Supplier 009,Building Maintenance,Open Competition,PO-25700,889.95,Yes,Corporate Card,False,False,False,False,False,False,False,False,0,Routine,False,No predefined exception
PAY-002065,INV-189031,2025-11-18,2025-26,2025-11,Health Services,V0007,Supplier 007,Office Supplies,Open Competition,PO-70269,740.38,Yes,EFT,False,False,False,False,False,False,False,False,0,Routine,False,No predefined exception
PAY-002269,INV-909216,2025-11-18,2025-26,2025-11,Justice & Public Safety,V0045,Supplier 045,Equipment,Invitational,PO-65610,10658.36,Yes,EFT,False,False,False,False,True,False,False,False,2,Moderate,True,Statistical amount outlier
PAY-000179,INV-408645,2025-11-19,2025-26,2025-11,Municipal Services,V0030,Supplier 030,Office Supplies,Open Competition,PO-90202,1683.86,Yes,Cheque,False,False,False,False,False,False,False,False,0,Routine,False,No predefined exception
PAY-000337,INV-225851,2025-11-19,2025-26,2025-11,Education,V0016,Supplier 016,Building Maintenance,Standing Offer,PO-88731,1564.34,Yes,Cheque,False,False,False,False,False,False,False,False,0,Routine,False,No predefined exception
PAY-000194,INV-728274,2025-11-19,2025-26,2025-11,Municipal Services,V0017,Supplier 017,Professional Services,Invitational,PO-63283,2426.76,Yes,EFT,False,False,False,False,False,False,False,False,0,Routine,False,No predefined exception
PAY-000570,INV-163879,2025-11-19,2025-26,2025-11,Municipal Services,V0076,Supplier 076,Construction Services,Open Competition,PO-32474,6714.27,Yes,EFT,False,False,False,False,False,False,False,False,0,Routine,False,No predefined exception
PAY-001686,INV-620112,2025-11-19,2025-26,2025-11,Natural Resources,V0046,Supplier 046,Office Supplies,Invitational,PO-64612,6088.73,Yes,EFT,False,False,False,False,False,False,False,False,0,Routine,False,No predefined exception
PAY-000851,INV-727763,2025-11-19,2025-26,2025-11,Education,V0037,Supplier 037,Office Supplies,Standing Offer,PO-83487,2429.98,Yes,EFT,False,False,False,False,False,False,False,False,0,Routine,False,No predefined exception
PAY-000674,INV-126128,2025-11-19,2025-26,2025-11,Education,V0006,Supplier 006,Transportation Services,Open Competition,PO-94164,7364.95,Yes,Cheque,False,False,False,False,False,False,False,False,0,Routine,False,No predefined exception
PAY-001827,INV-573594,2025-11-19,2025-26,2025-11,Health Services,V0025,Supplier 025,Equipment,Open Competition,PO-58703,8102.77,Yes,EFT,False,False,False,False,False,False,False,False,0,Routine,False,No predefined exception
PAY-000271,INV-457092,2025-11-19,2025-26,2025-11,Health Services,V0059,Supplier 059,Professional Services,Open Competition,PO-97189,2038.59,Yes,EFT,False,False,False,False,False,False,False,False,0,Routine,False,No predefined exception
PAY-001675,INV-765078,2025-11-19,2025-26,2025-11,Transportation & Infrastructure,V0063,Supplier 063,Office Supplies,Open Competition,PO-74333,582.57,Yes,EFT,False,False,False,False,False,False,False,False,0,Routine,False,No predefined exception
PAY-000188,INV-272409,2025-11-20,2025-26,2025-11,Municipal Services,V0080,Supplier 080,Equipment,Open Competition,PO-66081,1463.07,Yes,EFT,False,False,False,False,False,False,False,False,0,Routine,False,No predefined exception
PAY-002044,INV-628943,2025-11-20,2025-26,2025-11,Health Services,V0054,Supplier 054,Software & Licensing,Open Competition,PO-67724,6965.87,Yes,EFT,False,False,False,False,False,False,False,False,0,Routine,False,No predefined exception
PAY-001294,INV-113288,2025-11-20,2025-26,2025-11,Transportation & Infrastructure,V0058,Supplier 058,Transportation Services,Open Competition,PO-72976,4986.78,Yes,EFT,False,False,False,False,False,False,False,False,0,Routine,False,No predefined exception
PAY-001653,INV-170246,2025-11-21,2025-26,2025-11,Municipal Services,V0015,Supplier 015,Training,Open Competition,PO-29048,1497.41,Yes,EFT,False,False,False,False,False,False,False,False,0,Routine,False,No predefined exception
PAY-001328,INV-531779,2025-11-21,2025-26,2025-11,Municipal Services,V0056,Supplier 056,Equipment,Standing Offer,PO-68954,2475.76,Yes,EFT,False,False,False,False,False,False,False,False,0,Routine,False,No predefined exception
PAY-000820,INV-784076,2025-11-21,2025-26,2025-11,Transportation & Infrastructure,V0056,Supplier 056,IT Hardware,Open Competition,PO-58276,1835.17,Yes,EFT,False,False,False,False,False,False,False,False,0,Routine,False,No predefined exception
PAY-000597,INV-710224,2025-11-21,2025-26,2025-11,Health Services,V0021,Supplier 021,Building Maintenance,Standing Offer,PO-10860,5085.34,Yes,Corporate Card,False,False,False,False,False,False,False,False,0,Routine,False,No predefined exception
PAY-000775,INV-942955,2025-11-22,2025-26,2025-11,Natural Resources,V0007,Supplier 007,Office Supplies,Open Competition,PO-31875,4626.2,Yes,EFT,False,False,False,False,False,False,False,False,0,Routine,False,No predefined exception
PAY-001781,INV-721458,2025-11-22,2025-26,2025-11,Justice & Public Safety,V0017,Supplier 017,Construction Services,Open Competition,PO-21366,6340.72,Yes,EFT,False,False,False,False,False,False,False,False,0,Routine,False,No predefined exception
PAY-000028,INV-115116,2025-11-22,2025-26,2025-11,Transportation & Infrastructure,V0032,Supplier 032,Equipment,Open Competition,PO-54802,1392.41,Yes,EFT,False,False,False,False,False,False,False,False,0,Routine,False,No predefined exception
PAY-001509,INV-331408,2025-11-22,2025-26,2025-11,Transportation & Infrastructure,V0080,Supplier 080,Office Supplies,Invitational,PO-87099,9363.46,Yes,Cheque,False,False,False,False,True,False,False,False,2,Moderate,True,Statistical amount outlier
PAY-001024,INV-205185,2025-11-22,2025-26,2025-11,Health Services,V0015,Supplier 015,Professional Services,Sole Source,PO-19305,2842.84,Yes,EFT,False,False,False,False,False,False,False,False,0,Routine,False,No predefined exception
PAY-001512,INV-176298,2025-11-22,2025-26,2025-11,Municipal Services,V0066,Supplier 066,Training,Open Competition,PO-21110,1013.03,Yes,EFT,False,False,False,False,False,False,False,False,0,Routine,False,No predefined exception
PAY-001739,INV-334433,2025-11-22,2025-26,2025-11,Digital Government,V0013,Supplier 013,Equipment,Open Competition,PO-59239,1611.12,Yes,EFT,False,False,False,False,False,False,False,False,0,Routine,False,No predefined exception
PAY-002325,INV-647952,2025-11-23,2025-26,2025-11,Digital Government,V0017,Supplier 017,IT Hardware,Open Competition,PO-92613,2809.01,Yes,EFT,False,False,False,False,False,False,False,False,0,Routine,False,No predefined exception
PAY-001628,INV-116984,2025-11-23,2025-26,2025-11,Justice & Public Safety,V0049,Supplier 049,Building Maintenance,Invitational,PO-18650,768.89,Yes,EFT,False,False,False,False,False,False,False,False,0,Routine,False,No predefined exception
PAY-002350,INV-137493,2025-11-23,2025-26,2025-11,Justice & Public Safety,V0003,Supplier 003,Equipment,Standing Offer,PO-80779,1731.59,Yes,Cheque,False,False,False,False,False,False,False,False,0,Routine,False,No predefined exception
PAY-001361,INV-121602,2025-11-23,2025-26,2025-11,Education,V0046,Supplier 046,Office Supplies,Open Competition,PO-81947,4106.9,Yes,EFT,False,False,False,False,False,False,False,False,0,Routine,False,No predefined exception
PAY-001322,INV-608522,2025-11-23,2025-26,2025-11,Municipal Services,V0012,Supplier 012,IT Hardware,Standing Offer,PO-63551,1570.89,Yes,EFT,False,False,False,False,False,False,False,False,0,Routine,False,No predefined exception
PAY-000455,INV-419248,2025-11-23,2025-26,2025-11,Transportation & Infrastructure,V0029,Supplier 029,Transportation Services,Open Competition,PO-64462,1903.71,Yes,EFT,False,False,False,False,False,False,False,False,0,Routine,False,No predefined exception
PAY-000084,INV-682074,2025-11-23,2025-26,2025-11,Digital Government,V0007,Supplier 007,Equipment,Invitational,,489.45,Yes,EFT,False,False,True,False,False,False,False,False,1,Routine,False,Missing purchase order
PAY-000147,INV-848414,2025-11-23,2025-26,2025-11,Digital Government,V0005,Supplier 005,Software & Licensing,Open Competition,PO-24075,3001.82,Yes,Corporate Card,False,False,False,False,False,False,False,False,0,Routine,False,No predefined exception
PAY-001935,INV-241774,2025-11-23,2025-26,2025-11,Justice & Public Safety,V0028,Supplier 028,Software & Licensing,Invitational,PO-57119,7472.71,Yes,EFT,False,False,False,False,False,False,False,False,0,Routine,False,No predefined exception
PAY-001051,INV-877766,2025-11-23,2025-26,2025-11,Education,V0017,Supplier 017,Professional Services,Open Competition,PO-68016,1580.4,Yes,EFT,False,False,False,False,False,False,False,False,0,Routine,False,No predefined exception
PAY-000898,INV-667769,2025-11-24,2025-26,2025-11,Municipal Services,V0005,Supplier 005,Training,Invitational,PO-35380,499.28,Yes,EFT,False,False,False,False,False,False,False,False,0,Routine,False,No predefined exception
PAY-000309,INV-637857,2025-11-24,2025-26,2025-11,Education,V0052,Supplier 052,Training,Open Competition,PO-65131,8477.08,Yes,EFT,False,False,False,False,False,False,False,False,0,Routine,False,No predefined exception
PAY-000473,INV-473704,2025-11-24,2025-26,2025-11,Municipal Services,V0079,Supplier 079,IT Hardware,Open Competition,PO-86159,3233.96,Yes,EFT,False,False,False,False,False,False,False,False,0,Routine,False,No predefined exception
PAY-001880,INV-340346,2025-11-24,2025-26,2025-11,Education,V0073,Supplier 073,Equipment,Standing Offer,PO-27439,404.71,Yes,EFT,False,False,False,False,False,False,False,False,0,Routine,False,No predefined exception
PAY-002405,INV-715516,2025-11-24,2025-26,2025-11,Municipal Services,V0034,Supplier 034,Building Maintenance,Open Competition,PO-17536,6628.08,Yes,EFT,False,False,False,False,False,False,False,False,0,Routine,False,No predefined exception
PAY-001398,INV-561261,2025-11-25,2025-26,2025-11,Health Services,V0008,Supplier 008,Software & Licensing,Sole Source,PO-80527,1438.24,Yes,EFT,False,False,False,False,False,False,False,False,0,Routine,False,No predefined exception
PAY-000727,INV-773289,2025-11-25,2025-26,2025-11,Justice & Public Safety,V0007,Supplier 007,Construction Services,Open Competition,PO-40545,1298.46,Yes,EFT,False,False,False,False,False,False,False,False,0,Routine,False,No predefined exception
PAY-000900,INV-699406,2025-11-25,2025-26,2025-11,Natural Resources,V0080,Supplier 080,Building Maintenance,Standing Offer,PO-72394,674.5,Yes,EFT,False,False,False,False,False,False,False,False,0,Routine,False,No predefined exception
PAY-001513,INV-683526,2025-11-25,2025-26,2025-11,Digital Government,V0013,Supplier 013,Software & Licensing,Invitational,PO-62762,7152.7,Yes,EFT,False,False,False,False,False,False,False,False,0,Routine,False,No predefined exception
PAY-000865,INV-670850,2025-11-25,2025-26,2025-11,Natural Resources,V0007,Supplier 007,IT Hardware,Open Competition,PO-98760,2330.18,Yes,Cheque,False,False,False,False,False,False,False,False,0,Routine,False,No predefined exception
PAY-002166,INV-806513,2025-11-25,2025-26,2025-11,Health Services,V0024,Supplier 024,Professional Services,Open Competition,PO-99412,2493.23,Yes,EFT,False,False,False,False,False,False,False,False,0,Routine,False,No predefined exception
PAY-002370,INV-473839,2025-11-25,2025-26,2025-11,Natural Resources,V0054,Supplier 054,Construction Services,Open Competition,PO-98208,3263.26,Yes,EFT,False,False,False,False,False,False,False,False,0,Routine,False,No predefined exception
PAY-000600,INV-705803,2025-11-25,2025-26,2025-11,Health Services,V0070,Supplier 070,Transportation Services,Invitational,PO-31016,1655.42,Yes,EFT,False,False,False,False,False,False,False,False,0,Routine,False,No predefined exception
PAY-000448,INV-795923,2025-11-25,2025-26,2025-11,Education,V0063,Supplier 063,Training,Open Competition,PO-43375,9261.7,Yes,EFT,False,False,False,False,True,False,False,False,2,Moderate,True,Statistical amount outlier
PAY-001260,INV-195119,2025-11-25,2025-26,2025-11,Justice & Public Safety,V0008,Supplier 008,Transportation Services,Open Competition,PO-81050,584.56,No,EFT,False,False,False,False,False,False,False,True,3,Moderate,True,Approval exception
PAY-001944,INV-673399,2025-11-26,2025-26,2025-11,Education,V0057,Supplier 057,Professional Services,Sole Source,PO-26944,2205.1,Yes,EFT,False,False,False,False,False,False,False,False,0,Routine,False,No predefined exception
PAY-000822,INV-922450,2025-11-26,2025-26,2025-11,Education,V0042,Supplier 042,Training,Open Competition,PO-30096,3724.83,Yes,EFT,False,False,False,False,False,False,False,False,0,Routine,False,No predefined exception
PAY-000232,INV-325756,2025-11-26,2025-26,2025-11,Digital Government,V0003,Supplier 003,Training,Invitational,PO-84667,1104.65,Yes,EFT,False,False,False,False,False,False,False,False,0,Routine,False,No predefined exception
PAY-000707,INV-682943,2025-11-26,2025-26,2025-11,Natural Resources,V0007,Supplier 007,Equipment,Open Competition,PO-58886,5915.67,Yes,EFT,False,False,False,False,False,False,False,False,0,Routine,False,No predefined exception
PAY-002188,INV-593244,2025-11-27,2025-26,2025-11,Municipal Services,V0050,Supplier 050,Professional Services,Invitational,PO-49986,1009.01,Yes,EFT,False,False,False,False,False,False,False,False,0,Routine,False,No predefined exception
PAY-002256,INV-870759,2025-11-27,2025-26,2025-11,Digital Government,V0047,Supplier 047,Training,Open Competition,PO-80593,6848.94,Yes,Cheque,False,False,False,False,False,False,False,False,0,Routine,False,No predefined exception
PAY-001559,INV-317256,2025-11-27,2025-26,2025-11,Health Services,V0024,Supplier 024,Office Supplies,Sole Source,PO-71860,5248.97,Yes,Corporate Card,False,False,False,False,False,False,False,False,0,Routine,False,No predefined exception
PAY-001571,INV-399531,2025-11-27,2025-26,2025-11,Municipal Services,V0048,Supplier 048,Software & Licensing,Open Competition,PO-97470,565.51,Yes,EFT,False,False,False,False,False,False,False,False,0,Routine,False,No predefined exception
PAY-000142,INV-170268,2025-11-27,2025-26,2025-11,Digital Government,V0071,Supplier 071,Office Supplies,Open Competition,PO-28642,1102.34,Yes,EFT,False,False,False,False,False,False,False,False,0,Routine,False,No predefined exception
PAY-000052,INV-394499,2025-11-28,2025-26,2025-11,Transportation & Infrastructure,V0077,Supplier 077,Software & Licensing,Open Competition,PO-33382,3159.46,Yes,EFT,False,False,False,False,False,False,False,False,0,Routine,False,No predefined exception
PAY-002487,INV-709723,2025-11-28,2025-26,2025-11,Justice & Public Safety,V0079,Supplier 079,Software & Licensing,Invitational,PO-91156,5731.75,Yes,EFT,False,False,False,False,False,False,False,False,0,Routine,False,No predefined exception
PAY-000523,INV-103317,2025-11-28,2025-26,2025-11,Education,V0039,Supplier 039,Office Supplies,Open Competition,PO-74745,905.74,Yes,Cheque,False,False,False,False,False,False,False,False,0,Routine,False,No predefined exception
PAY-002228,INV-617513,2025-11-28,2025-26,2025-11,Transportation & Infrastructure,V0038,Supplier 038,Equipment,Open Competition,PO-33557,3273.66,Yes,EFT,False,False,False,False,False,False,False,False,0,Routine,False,No predefined exception
PAY-001822,INV-212113,2025-11-28,2025-26,2025-11,Health Services,V0068,Supplier 068,Equipment,Open Competition,PO-35938,1805.13,Yes,Corporate Card,False,False,False,False,False,False,False,False,0,Routine,False,No predefined exception
PAY-002024,INV-363881,2025-11-28,2025-26,2025-11,Transportation & Infrastructure,V0072,Supplier 072,Construction Services,Sole Source,PO-46133,3175.0,Yes,EFT,False,False,False,False,False,False,False,False,0,Routine,False,No predefined exception
PAY-000642,INV-318547,2025-11-28,2025-26,2025-11,Digital Government,V0037,Supplier 037,Equipment,Invitational,PO-65918,2594.59,Yes,EFT,False,False,False,False,False,False,False,False,0,Routine,False,No predefined exception
PAY-000718,INV-222066,2025-11-28,2025-26,2025-11,Transportation & Infrastructure,V0007,Supplier 007,IT Hardware,Open Competition,PO-94066,1712.9,Yes,EFT,False,False,False,False,False,False,False,False,0,Routine,False,No predefined exception
PAY-001696,INV-101906,2025-11-28,2025-26,2025-11,Transportation & Infrastructure,V0076,Supplier 076,Professional Services,Open Competition,PO-78037,1798.23,Yes,EFT,False,False,False,False,False,False,False,False,0,Routine,False,No predefined exception
PAY-001876,INV-150248,2025-11-29,2025-26,2025-11,Digital Government,V0001,Supplier 001,Software & Licensing,Invitational,PO-15243,2918.08,Yes,EFT,False,False,False,False,False,False,False,False,0,Routine,False,No predefined exception
PAY-001929,INV-582870,2025-11-29,2025-26,2025-11,Justice & Public Safety,V0004,Supplier 004,Building Maintenance,Standing Offer,PO-49794,2396.22,Yes,EFT,False,False,False,False,False,False,False,False,0,Routine,False,No predefined exception
PAY-001116,INV-690348,2025-11-29,2025-26,2025-11,Health Services,V0015,Supplier 015,Transportation Services,Sole Source,PO-45016,35726.7,Yes,EFT,False,False,False,False,True,True,False,False,4,Higher,True,Statistical amount outlier; Higher-value sole-source transaction
PAY-001900,INV-112879,2025-11-29,2025-26,2025-11,Municipal Services,V0039,Supplier 039,Construction Services,Standing Offer,PO-68688,4018.2,Yes,EFT,False,False,False,False,False,False,False,False,0,Routine,False,No predefined exception
PAY-001553,INV-929311,2025-11-29,2025-26,2025-11,Health Services,V0039,Supplier 039,Equipment,Standing Offer,PO-87026,909.75,Yes,EFT,False,False,False,False,False,False,False,False,0,Routine,False,No predefined exception
PAY-000156,INV-784500,2025-11-29,2025-26,2025-11,Digital Government,V0003,Supplier 003,Transportation Services,Open Competition,PO-40982,15218.02,Yes,EFT,False,False,False,False,True,False,False,False,2,Moderate,True,Statistical amount outlier
PAY-001177,INV-541848,2025-11-30,2025-26,2025-11,Justice & Public Safety,V0058,Supplier 058,Office Supplies,Open Competition,PO-96224,708.09,Yes,EFT,False,False,False,False,False,False,False,False,0,Routine,False,No predefined exception
PAY-000040,INV-807788,2025-11-30,2025-26,2025-11,Transportation & Infrastructure,V0017,Supplier 017,Software & Licensing,Invitational,PO-51206,2721.32,Yes,EFT,False,False,False,False,False,False,False,False,0,Routine,False,No predefined exception
PAY-002368,INV-528886,2025-11-30,2025-26,2025-11,Natural Resources,V0042,Supplier 042,Equipment,Open Competition,PO-36451,963.52,Yes,EFT,False,False,False,False,False,False,False,False,0,Routine,False,No predefined exception
PAY-001401,INV-303141,2025-11-30,2025-26,2025-11,Natural Resources,V0073,Supplier 073,Software & Licensing,Open Competition,PO-90380,2560.27,Yes,Cheque,False,False,False,False,False,False,False,False,0,Routine,False,No predefined exception
PAY-002090,INV-518973,2025-12-01,2025-26,2025-12,Justice & Public Safety,V0002,Supplier 002,Equipment,Invitational,PO-24466,1009.23,Yes,EFT,False,False,False,False,False,False,False,False,0,Routine,False,No predefined exception
PAY-001508,INV-668011,2025-12-01,2025-26,2025-12,Transportation & Infrastructure,V0063,Supplier 063,Equipment,Open Competition,PO-78865,1570.28,Yes,EFT,False,False,False,False,False,False,False,False,0,Routine,False,No predefined exception
PAY-002015,INV-961596,2025-12-01,2025-26,2025-12,Justice & Public Safety,V0004,Supplier 004,Professional Services,Open Competition,PO-47386,278.93,Yes,EFT,False,False,False,False,False,False,False,False,0,Routine,False,No predefined exception
PAY-001931,INV-723813,2025-12-02,2025-26,2025-12,Transportation & Infrastructure,V0048,Supplier 048,Training,Open Competition,PO-10367,2624.58,Yes,Cheque,False,False,False,False,False,False,False,False,0,Routine,False,No predefined exception
PAY-000371,INV-120836,2025-12-02,2025-26,2025-12,Justice & Public Safety,V0005,Supplier 005,Building Maintenance,Open Competition,PO-62685,2576.92,Yes,Cheque,False,False,False,False,False,False,False,False,0,Routine,False,No predefined exception
PAY-002478,INV-677701,2025-12-02,2025-26,2025-12,Health Services,V0005,Supplier 005,Building Maintenance,Sole Source,PO-44497,1979.45,Yes,Cheque,False,False,False,False,False,False,False,False,0,Routine,False,No predefined exception
PAY-001392,INV-851624,2025-12-02,2025-26,2025-12,Education,V0054,Supplier 054,Software & Licensing,Open Competition,PO-61628,5326.61,Yes,EFT,False,False,False,False,False,False,False,False,0,Routine,False,No predefined exception
PAY-001326,INV-950100,2025-12-02,2025-26,2025-12,Education,V0002,Supplier 002,Equipment,Open Competition,PO-20470,2770.76,Yes,EFT,False,False,False,False,False,False,False,False,0,Routine,False,No predefined exception
PAY-000486,INV-823503,2025-12-02,2025-26,2025-12,Transportation & Infrastructure,V0056,Supplier 056,Building Maintenance,Standing Offer,PO-14555,3150.95,Yes,EFT,False,False,False,False,False,False,False,False,0,Routine,False,No predefined exception
PAY-001254,INV-521863,2025-12-03,2025-26,2025-12,Justice & Public Safety,V0055,Supplier 055,IT Hardware,Standing Offer,PO-35083,3994.67,No,EFT,False,False,False,False,False,False,False,True,3,Moderate,True,Approval exception
PAY-000803,INV-900889,2025-12-03,2025-26,2025-12,Transportation & Infrastructure,V0065,Supplier 065,Transportation Services,Invitational,PO-45249,898.88,Yes,EFT,False,False,False,False,False,False,False,False,0,Routine,False,No predefined exception
PAY-000375,INV-241835,2025-12-03,2025-26,2025-12,Justice & Public Safety,V0059,Supplier 059,Office Supplies,Open Competition,PO-29282,954.66,Yes,EFT,False,False,False,False,False,False,False,False,0,Routine,False,No predefined exception
PAY-000221,INV-868543,2025-12-03,2025-26,2025-12,Health Services,V0029,Supplier 029,IT Hardware,Sole Source,PO-12539,9990.0,Yes,EFT,False,False,False,True,True,False,False,False,4,Higher,True,Near hypothetical threshold; Statistical amount outlier
PAY-001498,INV-804824,2025-12-03,2025-26,2025-12,Digital Government,V0040,Supplier 040,Training,Standing Offer,PO-90211,898.99,Yes,EFT,False,False,False,False,False,False,False,False,0,Routine,False,No predefined exception
PAY-000501,INV-146015,2025-12-03,2025-26,2025-12,Transportation & Infrastructure,,,Professional Services,Open Competition,PO-93985,885.39,Yes,EFT,False,True,False,False,False,False,False,False,2,Moderate,True,Missing vendor information
PAY-000462,INV-383817,2025-12-03,2025-26,2025-12,Education,V0042,Supplier 042,Construction Services,Open Competition,PO-39622,2469.42,Yes,EFT,False,False,False,False,False,False,False,False,0,Routine,False,No predefined exception
PAY-002333,INV-923045,2025-12-04,2025-26,2025-12,Health Services,V0025,Supplier 025,Training,Open Competition,PO-60737,9069.83,Yes,Cheque,False,False,False,False,True,False,False,False,2,Moderate,True,Statistical amount outlier
PAY-000539,INV-312369,2025-12-05,2025-26,2025-12,Natural Resources,V0009,Supplier 009,Building Maintenance,Standing Offer,PO-36991,2243.88,Yes,EFT,False,False,False,False,False,False,False,False,0,Routine,False,No predefined exception
PAY-001656,INV-448292,2025-12-05,2025-26,2025-12,Justice & Public Safety,V0008,Supplier 008,IT Hardware,Open Competition,PO-81831,608.07,Yes,EFT,False,False,False,False,False,False,False,False,0,Routine,False,No predefined exception
PAY-000861,INV-169093,2025-12-05,2025-26,2025-12,Health Services,V0024,Supplier 024,Office Supplies,Open Competition,PO-34974,2012.98,Yes,EFT,False,False,False,False,False,False,False,False,0,Routine,False,No predefined exception
PAY-000824,INV-763969,2025-12-05,2025-26,2025-12,Natural Resources,V0069,Supplier 069,Office Supplies,Open Competition,PO-25494,12092.16,Yes,EFT,False,False,False,False,True,False,False,False,2,Moderate,True,Statistical amount outlier
PAY-000799,INV-669929,2025-12-05,2025-26,2025-12,Municipal Services,V0068,Supplier 068,Office Supplies,Open Competition,PO-27747,2041.83,Yes,EFT,False,False,False,False,False,False,False,False,0,Routine,False,No predefined exception
PAY-001259,INV-344942,2025-12-05,2025-26,2025-12,Justice & Public Safety,V0046,Supplier 046,Construction Services,Open Competition,PO-72759,1370.09,No,EFT,False,False,False,False,False,False,False,True,3,Moderate,True,Approval exception
PAY-002355,INV-783725,2025-12-05,2025-26,2025-12,Municipal Services,V0019,Supplier 019,Office Supplies,Open Competition,PO-61178,707.48,Yes,EFT,False,False,False,False,False,False,False,False,0,Routine,False,No predefined exception
PAY-000768,INV-750971,2025-12-06,2025-26,2025-12,Municipal Services,V0007,Supplier 007,Professional Services,Invitational,PO-51347,4284.59,Yes,EFT,False,False,False,False,False,False,False,False,0,Routine,False,No predefined exception
PAY-001459,INV-178209,2025-12-06,2025-26,2025-12,Education,V0038,Supplier 038,Training,Sole Source,PO-29248,4149.86,Yes,EFT,False,False,False,False,False,False,False,False,0,Routine,False,No predefined exception
PAY-000484,INV-472078,2025-12-06,2025-26,2025-12,Natural Resources,V0004,Supplier 004,Construction Services,Invitational,PO-92189,12460.6,Yes,EFT,False,False,False,False,True,False,False,False,2,Moderate,True,Statistical amount outlier
PAY-001396,INV-624156,2025-12-06,2025-26,2025-12,Justice & Public Safety,V0077,Supplier 077,IT Hardware,Open Competition,PO-30134,5093.14,Yes,EFT,False,False,False,False,False,False,False,False,0,Routine,False,No predefined exception
PAY-001921,INV-862945,2025-12-06,2025-26,2025-12,Justice & Public Safety,V0080,Supplier 080,Equipment,Open Competition,PO-18664,5213.97,Yes,Cheque,False,False,False,False,False,False,False,False,0,Routine,False,No predefined exception
PAY-000492,INV-532601,2025-12-06,2025-26,2025-12,Transportation & Infrastructure,V0015,Supplier 015,Construction Services,Invitational,PO-68092,2141.8,Yes,EFT,False,False,False,False,False,False,False,False,0,Routine,False,No predefined exception
PAY-000719,INV-490508,2025-12-07,2025-26,2025-12,Natural Resources,V0007,Supplier 007,Training,Standing Offer,PO-56293,21892.27,Yes,Cheque,False,False,False,False,True,False,False,False,2,Moderate,True,Statistical amount outlier
PAY-001606,INV-331322,2025-12-07,2025-26,2025-12,Health Services,V0027,Supplier 027,Equipment,Open Competition,PO-47235,2501.5,Yes,EFT,False,False,False,False,False,False,False,False,0,Routine,False,No predefined exception
PAY-000777,INV-207669,2025-12-07,2025-26,2025-12,Education,V0007,Supplier 007,Construction Services,Invitational,,6278.16,Yes,EFT,False,False,True,False,False,False,False,False,1,Routine,False,Missing purchase order
PAY-001497,INV-822969,2025-12-07,2025-26,2025-12,Transportation & Infrastructure,V0078,Supplier 078,Professional Services,Standing Offer,PO-29954,652.43,Yes,EFT,False,False,False,False,False,False,False,False,0,Routine,False,No predefined exception
PAY-001859,INV-869302,2025-12-07,2025-26,2025-12,Municipal Services,V0002,Supplier 002,Professional Services,Standing Offer,PO-28908,3945.14,Yes,EFT,False,False,False,False,False,False,False,False,0,Routine,False,No predefined exception
PAY-002004,INV-938821,2025-12-07,2025-26,2025-12,Health Services,V0010,Supplier 010,IT Hardware,Open Competition,PO-71804,566.6,Yes,EFT,False,False,False,False,False,False,False,False,0,Routine,False,No predefined exception
PAY-001713,INV-923578,2025-12-07,2025-26,2025-12,Natural Resources,V0033,Supplier 033,Professional Services,Invitational,PO-47710,3792.58,Yes,Corporate Card,False,False,False,False,False,False,False,False,0,Routine,False,No predefined exception
PAY-002026,INV-829992,2025-12-07,2025-26,2025-12,Digital Government,V0062,Supplier 062,IT Hardware,Open Competition,PO-39675,4807.01,Yes,EFT,False,False,False,False,False,False,False,False,0,Routine,False,No predefined exception
PAY-001187,INV-794186,2025-12-07,2025-26,2025-12,Justice & Public Safety,V0044,Supplier 044,Software & Licensing,Open Competition,PO-31925,4019.27,No,EFT,False,False,False,False,False,False,False,True,3,Moderate,True,Approval exception
PAY-000089,INV-265250,2025-12-08,2025-26,2025-12,Natural Resources,V0026,Supplier 026,Equipment,Open Competition,PO-86084,5175.34,Yes,EFT,False,False,False,False,False,False,False,False,0,Routine,False,No predefined exception
PAY-000242,INV-157939,2025-12-08,2025-26,2025-12,Justice & Public Safety,V0033,Supplier 033,Office Supplies,Open Competition,PO-60509,3049.97,Yes,Cheque,False,False,False,False,False,False,False,False,0,Routine,False,No predefined exception
PAY-000259,INV-545625,2025-12-08,2025-26,2025-12,Natural Resources,V0008,Supplier 008,IT Hardware,Open Competition,PO-70598,1108.17,Yes,EFT,False,False,False,False,False,False,False,False,0,Routine,False,No predefined exception
PAY-000667,INV-256688,2025-12-08,2025-26,2025-12,Municipal Services,V0022,Supplier 022,Construction Services,Open Competition,PO-77750,2821.17,Yes,EFT,False,False,False,False,False,False,False,False,0,Routine,False,No predefined exception
PAY-000629,INV-248866,2025-12-08,2025-26,2025-12,Municipal Services,V0070,Supplier 070,Training,Open Competition,PO-61339,1263.48,Yes,EFT,False,False,False,False,False,False,False,False,0,Routine,False,No predefined exception
PAY-002448,INV-492144,2025-12-08,2025-26,2025-12,Health Services,V0013,Supplier 013,Professional Services,Open Competition,PO-88519,6983.29,Yes,EFT,False,False,False,False,False,False,False,False,0,Routine,False,No predefined exception
PAY-000789,INV-327467,2025-12-08,2025-26,2025-12,Justice & Public Safety,V0007,Supplier 007,Construction Services,Invitational,PO-66203,9781.05,No,EFT,False,False,False,True,True,False,False,True,7,Higher,True,Near hypothetical threshold; Statistical amount outlier; Approval exception
PAY-000079,INV-189242,2025-12-08,2025-26,2025-12,Education,V0038,Supplier 038,Professional Services,Open Competition,PO-40070,2904.79,Yes,EFT,False,False,False,False,False,False,False,False,0,Routine,False,No predefined exception
PAY-000604,INV-678432,2025-12-09,2025-26,2025-12,Natural Resources,V0050,Supplier 050,Construction Services,Invitational,,1220.39,Yes,EFT,False,False,True,False,False,False,False,False,1,Routine,False,Missing purchase order
PAY-002395,INV-211030,2025-12-09,2025-26,2025-12,Justice & Public Safety,V0066,Supplier 066,Office Supplies,Open Competition,PO-40410,1795.43,Yes,EFT,False,False,False,False,False,False,False,False,0,Routine,False,No predefined exception
PAY-002438,INV-469061,2025-12-09,2025-26,2025-12,Digital Government,V0065,Supplier 065,Office Supplies,Open Competition,PO-39101,313.06,Yes,EFT,False,False,False,False,False,False,False,False,0,Routine,False,No predefined exception
PAY-000710,INV-278446,2025-12-09,2025-26,2025-12,Transportation & Infrastructure,V0007,Supplier 007,Software & Licensing,Open Competition,PO-75200,2698.85,Yes,EFT,False,False,False,False,False,False,False,False,0,Routine,False,No predefined exception
PAY-000027,INV-731339,2025-12-09,2025-26,2025-12,Health Services,V0006,Supplier 006,IT Hardware,Open Competition,PO-88405,2227.24,Yes,EFT,False,False,False,False,False,False,False,False,0,Routine,False,No predefined exception
PAY-000348,INV-816825,2025-12-09,2025-26,2025-12,Health Services,V0045,Supplier 045,Professional Services,Sole Source,PO-98421,1737.64,Yes,EFT,False,False,False,False,False,False,False,False,0,Routine,False,No predefined exception
PAY-000522,INV-308726,2025-12-09,2025-26,2025-12,Natural Resources,V0074,Supplier 074,Software & Licensing,Open Competition,PO-41227,4568.05,Yes,Cheque,False,False,False,False,False,False,False,False,0,Routine,False,No predefined exception
PAY-000879,INV-824291,2025-12-09,2025-26,2025-12,Education,V0014,Supplier 014,Construction Services,Open Competition,PO-99575,5144.76,Yes,EFT,False,False,False,False,False,False,False,False,0,Routine,False,No predefined exception
PAY-000480,INV-233501,2025-12-10,2025-26,2025-12,Natural Resources,V0053,Supplier 053,Equipment,Sole Source,PO-20096,6818.47,Yes,EFT,False,False,False,False,False,False,False,False,0,Routine,False,No predefined exception
PAY-001124,INV-373497,2025-12-10,2025-26,2025-12,Health Services,V0069,Supplier 069,Building Maintenance,Open Competition,PO-82603,1657.56,Yes,EFT,False,False,False,False,False,False,False,False,0,Routine,False,No predefined exception
PAY-001087,INV-656107,2025-12-10,2025-26,2025-12,Digital Government,V0031,Supplier 031,Equipment,Open Competition,PO-91438,1452.68,Yes,EFT,False,False,False,False,False,False,False,False,0,Routine,False,No predefined exception
PAY-000286,INV-261297,2025-12-10,2025-26,2025-12,Justice & Public Safety,V0015,Supplier 015,Transportation Services,Invitational,PO-82089,2794.77,Yes,EFT,False,False,False,False,False,False,False,False,0,Routine,False,No predefined exception
PAY-002427,INV-167300,2025-12-10,2025-26,2025-12,Transportation & Infrastructure,V0066,Supplier 066,Construction Services,Open Competition,PO-61175,3266.17,Yes,EFT,False,False,False,False,False,False,False,False,0,Routine,False,No predefined exception
PAY-002245,INV-985114,2025-12-10,2025-26,2025-12,Digital Government,V0029,Supplier 029,Office Supplies,Open Competition,PO-55813,2730.36,Yes,EFT,False,False,False,False,False,False,False,False,0,Routine,False,No predefined exception
PAY-000266,INV-613624,2025-12-10,2025-26,2025-12,Health Services,V0004,Supplier 004,Transportation Services,Sole Source,PO-63662,2646.08,Yes,Cheque,False,False,False,False,False,False,False,False,0,Routine,False,No predefined exception
PAY-000226,INV-461185,2025-12-11,2025-26,2025-12,Digital Government,V0072,Supplier 072,Building Maintenance,Open Competition,PO-62396,9750.0,Yes,EFT,False,False,False,True,True,False,False,False,4,Higher,True,Near hypothetical threshold; Statistical amount outlier
PAY-000131,INV-795416,2025-12-11,2025-26,2025-12,Justice & Public Safety,V0019,Supplier 019,IT Hardware,Invitational,PO-85858,1832.1,Yes,EFT,False,False,False,False,False,False,False,False,0,Routine,False,No predefined exception
PAY-000780,INV-727503,2025-12-11,2025-26,2025-12,Natural Resources,V0007,Supplier 007,Software & Licensing,Open Competition,PO-86387,8078.55,Yes,EFT,False,False,False,False,False,False,False,False,0,Routine,False,No predefined exception
PAY-001256,INV-349402,2025-12-11,2025-26,2025-12,Transportation & Infrastructure,V0009,Supplier 009,IT Hardware,Open Competition,PO-96679,3251.14,No,EFT,False,False,False,False,False,False,False,True,3,Moderate,True,Approval exception
PAY-001300,INV-110737,2025-12-12,2025-26,2025-12,Justice & Public Safety,V0068,Supplier 068,Transportation Services,Invitational,PO-31245,183.17,Yes,EFT,False,False,False,False,False,False,False,False,0,Routine,False,No predefined exception
PAY-002391,INV-946056,2025-12-12,2025-26,2025-12,Digital Government,V0009,Supplier 009,Equipment,Invitational,PO-99440,3315.13,Yes,EFT,False,False,False,False,False,False,False,False,0,Routine,False,No predefined exception
PAY-002497,INV-717574,2025-12-12,2025-26,2025-12,Natural Resources,V0071,Supplier 071,Equipment,Standing Offer,PO-80774,6918.59,Yes,EFT,False,False,False,False,False,False,False,False,0,Routine,False,No predefined exception
PAY-000712,INV-281143,2025-12-12,2025-26,2025-12,Education,V0007,Supplier 007,Training,Standing Offer,PO-22795,3263.33,Yes,EFT,False,False,False,False,False,False,False,False,0,Routine,False,No predefined exception
PAY-000350,INV-317508,2025-12-12,2025-26,2025-12,Justice & Public Safety,V0051,Supplier 051,Transportation Services,Open Competition,PO-92976,1833.85,Yes,EFT,False,False,False,False,False,False,False,False,0,Routine,False,No predefined exception
PAY-002467,INV-602394,2025-12-12,2025-26,2025-12,Natural Resources,V0051,Supplier 051,IT Hardware,Standing Offer,PO-98901,737.22,Yes,EFT,False,False,False,False,False,False,False,False,0,Routine,False,No predefined exception
PAY-000875,INV-385291,2025-12-13,2025-26,2025-12,Natural Resources,V0015,Supplier 015,Software & Licensing,Open Competition,PO-74367,1905.5,Yes,EFT,False,False,False,False,False,False,False,False,0,Routine,False,No predefined exception
PAY-001158,INV-785852,2025-12-13,2025-26,2025-12,Digital Government,V0006,Supplier 006,Professional Services,Open Competition,PO-98356,3009.28,Yes,EFT,False,False,False,False,False,False,False,False,0,Routine,False,No predefined exception
PAY-000128,INV-524041,2025-12-13,2025-26,2025-12,Justice & Public Safety,V0029,Supplier 029,Building Maintenance,Open Competition,PO-25646,1776.68,Yes,EFT,False,False,False,False,False,False,False,False,0,Routine,False,No predefined exception
PAY-000495,INV-947214,2025-12-13,2025-26,2025-12,Justice & Public Safety,V0037,Supplier 037,Professional Services,Open Competition,PO-96392,1475.04,Yes,EFT,False,False,False,False,False,False,False,False,0,Routine,False,No predefined exception
PAY-001215,INV-715036,2025-12-13,2025-26,2025-12,Municipal Services,V0024,Supplier 024,Equipment,Standing Offer,PO-55129,755.67,Yes,EFT,False,False,False,False,False,False,False,False,0,Routine,False,No predefined exception
PAY-001983,INV-537743,2025-12-13,2025-26,2025-12,Transportation & Infrastructure,V0006,Supplier 006,Office Supplies,Open Competition,PO-56260,653.28,Yes,EFT,False,False,False,False,False,False,False,False,0,Routine,False,No predefined exception
PAY-001229,INV-636512,2025-12-13,2025-26,2025-12,Digital Government,V0056,Supplier 056,Construction Services,Invitational,PO-45344,3099.93,Yes,EFT,False,False,False,False,False,False,False,False,0,Routine,False,No predefined exception
PAY-001747,INV-501339,2025-12-13,2025-26,2025-12,Digital Government,V0037,Supplier 037,Equipment,Open Competition,PO-49293,3007.02,Yes,EFT,False,False,False,False,False,False,False,False,0,Routine,False,No predefined exception
PAY-000019,INV-544874,2025-12-14,2025-26,2025-12,Digital Government,V0037,Supplier 037,Training,Open Competition,PO-18526,1987.79,Yes,Cheque,False,False,False,False,False,False,False,False,0,Routine,False,No predefined exception
PAY-002246,INV-758653,2025-12-14,2025-26,2025-12,Municipal Services,V0007,Supplier 007,Transportation Services,Open Competition,PO-36117,1362.43,Yes,EFT,False,False,False,False,False,False,False,False,0,Routine,False,No predefined exception
PAY-001665,INV-680305,2025-12-14,2025-26,2025-12,Transportation & Infrastructure,V0034,Supplier 034,IT Hardware,Open Competition,,1752.77,Yes,Cheque,False,False,True,False,False,False,False,False,1,Routine,False,Missing purchase order
PAY-002299,INV-421199,2025-12-14,2025-26,2025-12,Digital Government,V0013,Supplier 013,Training,Open Competition,PO-52347,1079.09,Yes,EFT,False,False,False,False,False,False,False,False,0,Routine,False,No predefined exception
PAY-002354,INV-978809,2025-12-14,2025-26,2025-12,Digital Government,V0006,Supplier 006,Building Maintenance,Open Competition,PO-90420,4570.49,Yes,EFT,False,False,False,False,False,False,False,False,0,Routine,False,No predefined exception
PAY-000502,INV-202877,2025-12-14,2025-26,2025-12,Natural Resources,,,Transportation Services,Open Competition,PO-24929,2922.99,Yes,EFT,False,True,False,False,False,False,False,False,2,Moderate,True,Missing vendor information
PAY-000771,INV-302918,2025-12-15,2025-26,2025-12,Natural Resources,V0007,Supplier 007,Training,Open Competition,PO-67522,1598.81,Yes,Corporate Card,False,False,False,False,False,False,False,False,0,Routine,False,No predefined exception
PAY-001001,INV-332911,2025-12-15,2025-26,2025-12,Natural Resources,V0011,Supplier 011,Professional Services,Open Competition,PO-29691,4278.09,Yes,Cheque,False,False,False,False,False,False,False,False,0,Routine,False,No predefined exception
PAY-002293,INV-124502,2025-12-15,2025-26,2025-12,Justice & Public Safety,V0003,Supplier 003,Construction Services,Standing Offer,PO-62963,5513.36,Yes,EFT,False,False,False,False,False,False,False,False,0,Routine,False,No predefined exception
PAY-000240,INV-937860,2025-12-15,2025-26,2025-12,Education,V0026,Supplier 026,Building Maintenance,Open Competition,PO-69417,3263.56,Yes,Corporate Card,False,False,False,False,False,False,False,False,0,Routine,False,No predefined exception
PAY-000180,INV-494485,2025-12-15,2025-26,2025-12,Health Services,V0021,Supplier 021,Training,Open Competition,PO-23950,2174.23,Yes,EFT,False,False,False,False,False,False,False,False,0,Routine,False,No predefined exception
PAY-001560,INV-140736,2025-12-15,2025-26,2025-12,Digital Government,V0017,Supplier 017,Equipment,Invitational,PO-51988,2828.42,Yes,EFT,False,False,False,False,False,False,False,False,0,Routine,False,No predefined exception
PAY-000680,INV-714342,2025-12-15,2025-26,2025-12,Justice & Public Safety,V0024,Supplier 024,Construction Services,Standing Offer,PO-85285,1920.32,Yes,EFT,False,False,False,False,False,False,False,False,0,Routine,False,No predefined exception
PAY-000747,INV-356427,2025-12-15,2025-26,2025-12,Transportation & Infrastructure,V0007,Supplier 007,Training,Standing Offer,PO-78193,1848.04,Yes,EFT,False,False,False,False,False,False,False,False,0,Routine,False,No predefined exception
PAY-002450,INV-998336,2025-12-16,2025-26,2025-12,Justice & Public Safety,V0043,Supplier 043,Professional Services,Open Competition,PO-86926,2666.71,Yes,EFT,False,False,False,False,False,False,False,False,0,Routine,False,No predefined exception
PAY-001546,INV-418166,2025-12-16,2025-26,2025-12,Education,V0057,Supplier 057,Professional Services,Open Competition,PO-23727,7761.38,Yes,Corporate Card,False,False,False,False,False,False,False,False,0,Routine,False,No predefined exception
PAY-002451,INV-278157,2025-12-16,2025-26,2025-12,Municipal Services,V0057,Supplier 057,Building Maintenance,Open Competition,PO-76243,596.41,Yes,EFT,False,False,False,False,False,False,False,False,0,Routine,False,No predefined exception
PAY-000067,INV-407322,2025-12-16,2025-26,2025-12,Health Services,V0052,Supplier 052,Transportation Services,Standing Offer,PO-93554,2855.45,Yes,EFT,False,False,False,False,False,False,False,False,0,Routine,False,No predefined exception
PAY-000760,INV-745832,2025-12-16,2025-26,2025-12,Natural Resources,V0007,Supplier 007,Equipment,Open Competition,PO-71947,5751.24,Yes,EFT,False,False,False,False,False,False,False,False,0,Routine,False,No predefined exception
PAY-001107,INV-130461,2025-12-17,2025-26,2025-12,Digital Government,V0078,Supplier 078,Construction Services,Sole Source,PO-45564,40118.79,Yes,EFT,False,False,False,False,True,True,False,False,4,Higher,True,Statistical amount outlier; Higher-value sole-source transaction
PAY-001601,INV-769745,2025-12-17,2025-26,2025-12,Justice & Public Safety,V0043,Supplier 043,Office Supplies,Standing Offer,PO-16562,884.46,Yes,EFT,False,False,False,False,False,False,False,False,0,Routine,False,No predefined exception
PAY-001005,INV-637691,2025-12-17,2025-26,2025-12,Justice & Public Safety,V0078,Supplier 078,Training,Open Competition,PO-84852,646.88,Yes,EFT,False,False,False,False,False,False,False,False,0,Routine,False,No predefined exception
PAY-DUP-007,INV-596246,2025-12-17,2025-26,2025-12,Education,V0019,Supplier 019,Construction Services,Invitational,PO-21629,8893.71,Yes,EFT,True,False,False,False,False,False,False,False,3,Moderate,True,Potential duplicate
PAY-001968,INV-974722,2025-12-17,2025-26,2025-12,Municipal Services,V0058,Supplier 058,Building Maintenance,Standing Offer,PO-34238,1426.49,Yes,EFT,False,False,False,False,False,False,False,False,0,Routine,False,No predefined exception
PAY-000107,INV-596246,2025-12-17,2025-26,2025-12,Education,V0019,Supplier 019,Construction Services,Invitational,PO-21629,8893.71,Yes,EFT,True,False,False,False,False,False,False,False,3,Moderate,True,Potential duplicate
PAY-001298,INV-380195,2025-12-17,2025-26,2025-12,Education,V0056,Supplier 056,Software & Licensing,Invitational,PO-88372,14574.31,Yes,EFT,False,False,False,False,True,False,False,False,2,Moderate,True,Statistical amount outlier
PAY-001563,INV-278130,2025-12-17,2025-26,2025-12,Transportation & Infrastructure,V0069,Supplier 069,Equipment,Standing Offer,PO-84152,919.96,Yes,EFT,False,False,False,False,False,False,False,False,0,Routine,False,No predefined exception
PAY-001561,INV-386674,2025-12-18,2025-26,2025-12,Digital Government,V0065,Supplier 065,Professional Services,Open Competition,PO-34818,1550.4,Yes,EFT,False,False,False,False,False,False,False,False,0,Routine,False,No predefined exception
PAY-001745,INV-933650,2025-12-18,2025-26,2025-12,Justice & Public Safety,V0031,Supplier 031,Training,Sole Source,PO-75229,6192.08,Yes,EFT,False,False,False,False,False,False,False,False,0,Routine,False,No predefined exception
PAY-001630,INV-997748,2025-12-18,2025-26,2025-12,Municipal Services,V0034,Supplier 034,Equipment,Standing Offer,PO-37892,5581.08,Yes,EFT,False,False,False,False,False,False,False,False,0,Routine,False,No predefined exception
PAY-001845,INV-321711,2025-12-18,2025-26,2025-12,Natural Resources,V0070,Supplier 070,Construction Services,Sole Source,PO-77929,3034.2,Yes,EFT,False,False,False,False,False,False,False,False,0,Routine,False,No predefined exception
PAY-000816,INV-951617,2025-12-18,2025-26,2025-12,Justice & Public Safety,V0024,Supplier 024,Construction Services,Open Competition,PO-63815,2335.97,Yes,EFT,False,False,False,False,False,False,False,False,0,Routine,False,No predefined exception
PAY-000419,INV-955953,2025-12-18,2025-26,2025-12,Justice & Public Safety,V0012,Supplier 012,Construction Services,Open Competition,PO-52674,2958.0,Yes,EFT,False,False,False,False,False,False,False,False,0,Routine,False,No predefined exception
PAY-001927,INV-964358,2025-12-18,2025-26,2025-12,Municipal Services,V0027,Supplier 027,Building Maintenance,Open Competition,PO-52162,1425.51,Yes,EFT,False,False,False,False,False,False,False,False,0,Routine,False,No predefined exception
PAY-002363,INV-737943,2025-12-18,2025-26,2025-12,Health Services,V0068,Supplier 068,Building Maintenance,Open Competition,PO-15838,3717.23,Yes,EFT,False,False,False,False,False,False,False,False,0,Routine,False,No predefined exception
PAY-002180,INV-830351,2025-12-19,2025-26,2025-12,Municipal Services,V0068,Supplier 068,Construction Services,Sole Source,PO-66172,428.62,Yes,EFT,False,False,False,False,False,False,False,False,0,Routine,False,No predefined exception
PAY-000258,INV-739169,2025-12-19,2025-26,2025-12,Digital Government,V0070,Supplier 070,Professional Services,Open Competition,PO-99471,1187.93,Yes,EFT,False,False,False,False,False,False,False,False,0,Routine,False,No predefined exception
PAY-002446,INV-132125,2025-12-19,2025-26,2025-12,Digital Government,V0074,Supplier 074,Software & Licensing,Open Competition,PO-25171,2704.6,Yes,EFT,False,False,False,False,False,False,False,False,0,Routine,False,No predefined exception
PAY-002192,INV-876041,2025-12-19,2025-26,2025-12,Justice & Public Safety,V0039,Supplier 039,Software & Licensing,Open Competition,PO-91124,693.34,Yes,EFT,False,False,False,False,False,False,False,False,0,Routine,False,No predefined exception
PAY-002249,INV-943521,2025-12-19,2025-26,2025-12,Municipal Services,V0023,Supplier 023,Construction Services,Open Competition,PO-13088,3776.43,Yes,EFT,False,False,False,False,False,False,False,False,0,Routine,False,No predefined exception
PAY-001280,INV-705398,2025-12-19,2025-26,2025-12,Education,V0047,Supplier 047,Professional Services,Open Competition,PO-74544,5689.38,Yes,EFT,False,False,False,False,False,False,False,False,0,Routine,False,No predefined exception
PAY-001851,INV-737684,2025-12-20,2025-26,2025-12,Digital Government,V0047,Supplier 047,Building Maintenance,Open Competition,PO-28507,1826.79,Yes,Cheque,False,False,False,False,False,False,False,False,0,Routine,False,No predefined exception
PAY-002286,INV-932821,2025-12-20,2025-26,2025-12,Digital Government,V0004,Supplier 004,Construction Services,Open Competition,PO-86647,2420.67,Yes,EFT,False,False,False,False,False,False,False,False,0,Routine,False,No predefined exception
PAY-001239,INV-778710,2025-12-20,2025-26,2025-12,Municipal Services,V0013,Supplier 013,Construction Services,Open Competition,PO-69229,8831.39,Yes,EFT,False,False,False,False,False,False,False,False,0,Routine,False,No predefined exception
PAY-002048,INV-436243,2025-12-20,2025-26,2025-12,Digital Government,V0040,Supplier 040,Transportation Services,Open Competition,PO-64012,421.22,Yes,EFT,False,False,False,False,False,False,False,False,0,Routine,False,No predefined exception
PAY-002306,INV-846631,2025-12-20,2025-26,2025-12,Justice & Public Safety,V0040,Supplier 040,Software & Licensing,Open Competition,PO-69823,3938.88,Yes,Cheque,False,False,False,False,False,False,False,False,0,Routine,False,No predefined exception
PAY-001439,INV-284100,2025-12-20,2025-26,2025-12,Justice & Public Safety,V0069,Supplier 069,Building Maintenance,Open Competition,PO-72674,6326.5,Yes,EFT,False,False,False,False,False,False,False,False,0,Routine,False,No predefined exception
PAY-000528,INV-811323,2025-12-20,2025-26,2025-12,Health Services,V0054,Supplier 054,IT Hardware,Standing Offer,PO-54388,3251.03,Yes,EFT,False,False,False,False,False,False,False,False,0,Routine,False,No predefined exception
PAY-001266,INV-910830,2025-12-20,2025-26,2025-12,Health Services,V0026,Supplier 026,IT Hardware,Open Competition,PO-39336,654.23,Yes,EFT,False,False,False,False,False,False,False,False,0,Routine,False,No predefined exception
PAY-000058,INV-216220,2025-12-20,2025-26,2025-12,Justice & Public Safety,V0027,Supplier 027,Office Supplies,Open Competition,PO-22405,5054.95,Yes,EFT,False,False,False,False,False,False,False,False,0,Routine,False,No predefined exception
PAY-001986,INV-178422,2025-12-20,2025-26,2025-12,Health Services,V0078,Supplier 078,Software & Licensing,Invitational,PO-34769,1268.22,Yes,EFT,False,False,False,False,False,False,False,False,0,Routine,False,No predefined exception
PAY-000412,INV-399189,2025-12-20,2025-26,2025-12,Digital Government,V0051,Supplier 051,Building Maintenance,Standing Offer,PO-15091,6843.29,Yes,EFT,False,False,False,False,False,False,False,False,0,Routine,False,No predefined exception
PAY-000315,INV-768875,2025-12-20,2025-26,2025-12,Municipal Services,V0076,Supplier 076,Transportation Services,Standing Offer,PO-26616,1007.61,Yes,EFT,False,False,False,False,False,False,False,False,0,Routine,False,No predefined exception
PAY-000386,INV-970220,2025-12-20,2025-26,2025-12,Transportation & Infrastructure,V0034,Supplier 034,Software & Licensing,Sole Source,PO-54055,2171.52,Yes,EFT,False,False,False,False,False,False,False,False,0,Routine,False,No predefined exception
PAY-002124,INV-333169,2025-12-21,2025-26,2025-12,Digital Government,V0042,Supplier 042,Software & Licensing,Open Competition,PO-88702,8058.91,Yes,Cheque,False,False,False,False,False,False,False,False,0,Routine,False,No predefined exception
PAY-000053,INV-435949,2025-12-21,2025-26,2025-12,Health Services,V0035,Supplier 035,Building Maintenance,Standing Offer,PO-40373,2685.07,Yes,EFT,False,False,False,False,False,False,False,False,0,Routine,False,No predefined exception
PAY-000572,INV-472454,2025-12-21,2025-26,2025-12,Health Services,V0044,Supplier 044,Equipment,Standing Offer,PO-44512,5229.07,Yes,EFT,False,False,False,False,False,False,False,False,0,Routine,False,No predefined exception
PAY-001017,INV-765727,2025-12-21,2025-26,2025-12,Education,V0053,Supplier 053,Software & Licensing,Open Competition,PO-77186,3825.15,Yes,EFT,False,False,False,False,False,False,False,False,0,Routine,False,No predefined exception
PAY-001979,INV-929374,2025-12-22,2025-26,2025-12,Natural Resources,V0037,Supplier 037,Construction Services,Open Competition,PO-71262,3344.99,Yes,EFT,False,False,False,False,False,False,False,False,0,Routine,False,No predefined exception
PAY-001454,INV-710777,2025-12-22,2025-26,2025-12,Transportation & Infrastructure,V0051,Supplier 051,Professional Services,Open Competition,PO-19533,536.2,Yes,EFT,False,False,False,False,False,False,False,False,0,Routine,False,No predefined exception
PAY-002392,INV-964609,2025-12-22,2025-26,2025-12,Justice & Public Safety,V0012,Supplier 012,Training,Invitational,PO-31407,5250.04,Yes,EFT,False,False,False,False,False,False,False,False,0,Routine,False,No predefined exception
PAY-001244,INV-271929,2025-12-22,2025-26,2025-12,Transportation & Infrastructure,V0005,Supplier 005,Equipment,Open Competition,PO-69772,600.92,Yes,Cheque,False,False,False,False,False,False,False,False,0,Routine,False,No predefined exception
PAY-002433,INV-198971,2025-12-22,2025-26,2025-12,Justice & Public Safety,V0060,Supplier 060,Transportation Services,Sole Source,PO-25089,8650.09,Yes,EFT,False,False,False,False,False,False,False,False,0,Routine,False,No predefined exception
PAY-001514,INV-359425,2025-12-22,2025-26,2025-12,Municipal Services,V0047,Supplier 047,Office Supplies,Open Competition,PO-24684,9054.67,Yes,EFT,False,False,False,False,True,False,False,False,2,Moderate,True,Statistical amount outlier
PAY-000254,INV-772052,2025-12-23,2025-26,2025-12,Justice & Public Safety,V0063,Supplier 063,Transportation Services,Standing Offer,PO-95558,1047.74,Yes,Cheque,False,False,False,False,False,False,False,False,0,Routine,False,No predefined exception
PAY-000729,INV-331226,2025-12-23,2025-26,2025-12,Digital Government,V0007,Supplier 007,Software & Licensing,Standing Offer,PO-67635,3253.14,Yes,Corporate Card,False,False,False,False,False,False,False,False,0,Routine,False,No predefined exception
PAY-002120,INV-540924,2025-12-23,2025-26,2025-12,Transportation & Infrastructure,V0050,Supplier 050,Building Maintenance,Standing Offer,PO-25451,2143.34,Yes,EFT,False,False,False,False,False,False,False,False,0,Routine,False,No predefined exception
PAY-001157,INV-912425,2025-12-23,2025-26,2025-12,Health Services,V0064,Supplier 064,Training,Standing Offer,PO-20042,1766.63,Yes,EFT,False,False,False,False,False,False,False,False,0,Routine,False,No predefined exception
PAY-002436,INV-419586,2025-12-23,2025-26,2025-12,Natural Resources,V0063,Supplier 063,Equipment,Open Competition,PO-13830,3727.2,Yes,EFT,False,False,False,False,False,False,False,False,0,Routine,False,No predefined exception
PAY-001807,INV-605329,2025-12-23,2025-26,2025-12,Education,V0076,Supplier 076,Transportation Services,Open Competition,PO-28570,1963.84,Yes,EFT,False,False,False,False,False,False,False,False,0,Routine,False,No predefined exception
PAY-001588,INV-558521,2025-12-23,2025-26,2025-12,Health Services,V0059,Supplier 059,Professional Services,Open Competition,PO-43264,8002.94,Yes,EFT,False,False,False,False,False,False,False,False,0,Routine,False,No predefined exception
PAY-001036,INV-920217,2025-12-23,2025-26,2025-12,Municipal Services,V0055,Supplier 055,Professional Services,Open Competition,PO-98252,3996.24,Yes,Corporate Card,False,False,False,False,False,False,False,False,0,Routine,False,No predefined exception
PAY-001378,INV-816112,2025-12-23,2025-26,2025-12,Justice & Public Safety,V0005,Supplier 005,Office Supplies,Open Competition,,941.39,Yes,EFT,False,False,True,False,False,False,False,False,1,Routine,False,Missing purchase order
PAY-001933,INV-323457,2025-12-24,2025-26,2025-12,Transportation & Infrastructure,V0003,Supplier 003,Transportation Services,Sole Source,PO-65443,961.32,Yes,Cheque,False,False,False,False,False,False,False,False,0,Routine,False,No predefined exception
PAY-000199,INV-908183,2025-12-24,2025-26,2025-12,Education,V0048,Supplier 048,Professional Services,Sole Source,PO-95778,1772.88,Yes,EFT,False,False,False,False,False,False,False,False,0,Routine,False,No predefined exception
PAY-001360,INV-550400,2025-12-24,2025-26,2025-12,Education,V0057,Supplier 057,Professional Services,Open Competition,PO-90855,762.27,Yes,EFT,False,False,False,False,False,False,False,False,0,Routine,False,No predefined exception
PAY-000114,INV-496456,2025-12-24,2025-26,2025-12,Health Services,V0024,Supplier 024,Professional Services,Invitational,PO-83654,4300.25,Yes,EFT,False,False,False,False,False,False,False,False,0,Routine,False,No predefined exception
PAY-000773,INV-442424,2025-12-24,2025-26,2025-12,Municipal Services,V0007,Supplier 007,Office Supplies,Open Competition,PO-96095,33998.21,Yes,EFT,False,False,False,False,True,False,False,False,2,Moderate,True,Statistical amount outlier
PAY-000553,INV-139236,2025-12-24,2025-26,2025-12,Municipal Services,V0074,Supplier 074,Training,Open Competition,PO-46155,2017.06,Yes,Cheque,False,False,False,False,False,False,False,False,0,Routine,False,No predefined exception
PAY-000511,INV-491670,2025-12-24,2025-26,2025-12,Municipal Services,V0007,Supplier 007,Office Supplies,Open Competition,PO-29459,2266.34,Yes,EFT,False,False,False,False,False,False,False,False,0,Routine,False,No predefined exception
PAY-001447,INV-399564,2025-12-24,2025-26,2025-12,Transportation & Infrastructure,V0070,Supplier 070,Software & Licensing,Sole Source,PO-53475,3903.33,Yes,EFT,False,False,False,False,False,False,False,False,0,Routine,False,No predefined exception
PAY-001581,INV-438592,2025-12-25,2025-26,2025-12,Natural Resources,V0045,Supplier 045,Transportation Services,Open Competition,PO-43581,1185.82,Yes,EFT,False,False,False,False,False,False,False,False,0,Routine,False,No predefined exception
PAY-002278,INV-884681,2025-12-25,2025-26,2025-12,Natural Resources,V0047,Supplier 047,Equipment,Invitational,PO-62464,1602.99,Yes,EFT,False,False,False,False,False,False,False,False,0,Routine,False,No predefined exception
PAY-000427,INV-453699,2025-12-25,2025-26,2025-12,Health Services,V0070,Supplier 070,Office Supplies,Open Competition,PO-84135,4428.59,Yes,EFT,False,False,False,False,False,False,False,False,0,Routine,False,No predefined exception
PAY-001641,INV-883077,2025-12-25,2025-26,2025-12,Municipal Services,V0072,Supplier 072,IT Hardware,Open Competition,PO-96856,2000.45,Yes,EFT,False,False,False,False,False,False,False,False,0,Routine,False,No predefined exception
PAY-001499,INV-696093,2025-12-25,2025-26,2025-12,Natural Resources,V0015,Supplier 015,Equipment,Open Competition,PO-88421,1529.5,Yes,EFT,False,False,False,False,False,False,False,False,0,Routine,False,No predefined exception
PAY-002088,INV-579885,2025-12-25,2025-26,2025-12,Natural Resources,V0044,Supplier 044,IT Hardware,Open Competition,PO-30971,1417.48,Yes,EFT,False,False,False,False,False,False,False,False,0,Routine,False,No predefined exception
PAY-002400,INV-156747,2025-12-26,2025-26,2025-12,Municipal Services,V0006,Supplier 006,Building Maintenance,Open Competition,PO-99272,1095.94,Yes,EFT,False,False,False,False,False,False,False,False,0,Routine,False,No predefined exception
PAY-001976,INV-618196,2025-12-26,2025-26,2025-12,Health Services,V0075,Supplier 075,Training,Standing Offer,PO-24220,5252.6,Yes,EFT,False,False,False,False,False,False,False,False,0,Routine,False,No predefined exception
PAY-001039,INV-672285,2025-12-26,2025-26,2025-12,Natural Resources,V0074,Supplier 074,Software & Licensing,Open Competition,PO-19477,8572.1,Yes,EFT,False,False,False,False,False,False,False,False,0,Routine,False,No predefined exception
PAY-001460,INV-882397,2025-12-26,2025-26,2025-12,Justice & Public Safety,V0062,Supplier 062,Software & Licensing,Sole Source,PO-86869,5161.56,Yes,Cheque,False,False,False,False,False,False,False,False,0,Routine,False,No predefined exception
PAY-001707,INV-521777,2025-12-26,2025-26,2025-12,Health Services,V0070,Supplier 070,Software & Licensing,Open Competition,PO-19334,4921.75,Yes,Cheque,False,False,False,False,False,False,False,False,0,Routine,False,No predefined exception
PAY-000074,INV-432255,2025-12-26,2025-26,2025-12,Education,V0080,Supplier 080,Training,Invitational,PO-19629,1620.03,Yes,EFT,False,False,False,False,False,False,False,False,0,Routine,False,No predefined exception
PAY-001757,INV-623321,2025-12-27,2025-26,2025-12,Education,V0015,Supplier 015,Transportation Services,Invitational,PO-99064,9254.04,Yes,EFT,False,False,False,False,True,False,False,False,2,Moderate,True,Statistical amount outlier
PAY-002156,INV-197469,2025-12-27,2025-26,2025-12,Health Services,V0067,Supplier 067,IT Hardware,Open Competition,PO-19453,4505.02,Yes,EFT,False,False,False,False,False,False,False,False,0,Routine,False,No predefined exception
PAY-000409,INV-417188,2025-12-27,2025-26,2025-12,Justice & Public Safety,V0006,Supplier 006,Training,Open Competition,PO-69514,1347.95,Yes,EFT,False,False,False,False,False,False,False,False,0,Routine,False,No predefined exception
PAY-002140,INV-924624,2025-12-27,2025-26,2025-12,Education,V0001,Supplier 001,Office Supplies,Invitational,PO-12802,1694.85,Yes,EFT,False,False,False,False,False,False,False,False,0,Routine,False,No predefined exception
PAY-000003,INV-455398,2025-12-27,2025-26,2025-12,Transportation & Infrastructure,V0002,Supplier 002,Building Maintenance,Standing Offer,PO-20856,3217.58,Yes,EFT,False,False,False,False,False,False,False,False,0,Routine,False,No predefined exception
PAY-001727,INV-249805,2025-12-27,2025-26,2025-12,Transportation & Infrastructure,V0003,Supplier 003,Office Supplies,Invitational,PO-71758,1993.74,Yes,EFT,False,False,False,False,False,False,False,False,0,Routine,False,No predefined exception
PAY-000077,INV-789925,2025-12-27,2025-26,2025-12,Municipal Services,V0080,Supplier 080,Software & Licensing,Open Competition,PO-22965,9608.54,Yes,Cheque,False,False,False,True,True,False,False,False,4,Higher,True,Near hypothetical threshold; Statistical amount outlier
PAY-002205,INV-605421,2025-12-27,2025-26,2025-12,Municipal Services,V0021,Supplier 021,Construction Services,Open Competition,PO-49237,1908.44,Yes,Corporate Card,False,False,False,False,False,False,False,False,0,Routine,False,No predefined exception
PAY-000034,INV-329167,2025-12-27,2025-26,2025-12,Education,V0008,Supplier 008,Training,Open Competition,PO-53034,2591.92,Yes,Corporate Card,False,False,False,False,False,False,False,False,0,Routine,False,No predefined exception
PAY-001511,INV-342113,2025-12-28,2025-26,2025-12,Natural Resources,V0070,Supplier 070,Training,Open Competition,PO-75416,1316.13,Yes,EFT,False,False,False,False,False,False,False,False,0,Routine,False,No predefined exception
PAY-000685,INV-283683,2025-12-28,2025-26,2025-12,Municipal Services,V0054,Supplier 054,Training,Open Competition,PO-84581,1111.02,Yes,EFT,False,False,False,False,False,False,False,False,0,Routine,False,No predefined exception
PAY-000456,INV-446479,2025-12-28,2025-26,2025-12,Transportation & Infrastructure,V0012,Supplier 012,Equipment,Open Competition,PO-26110,624.99,Yes,Cheque,False,False,False,False,False,False,False,False,0,Routine,False,No predefined exception
PAY-002343,INV-135010,2025-12-28,2025-26,2025-12,Natural Resources,V0057,Supplier 057,Building Maintenance,Open Competition,PO-86981,1342.86,Yes,Cheque,False,False,False,False,False,False,False,False,0,Routine,False,No predefined exception
PAY-001780,INV-444076,2025-12-29,2025-26,2025-12,Transportation & Infrastructure,V0048,Supplier 048,Professional Services,Standing Offer,PO-40931,179.45,Yes,EFT,False,False,False,False,False,False,False,False,0,Routine,False,No predefined exception
PAY-002454,INV-443243,2025-12-29,2025-26,2025-12,Transportation & Infrastructure,V0072,Supplier 072,Equipment,Open Competition,PO-26951,5540.84,Yes,EFT,False,False,False,False,False,False,False,False,0,Routine,False,No predefined exception
PAY-001016,INV-681529,2025-12-29,2025-26,2025-12,Transportation & Infrastructure,V0059,Supplier 059,Transportation Services,Open Competition,PO-69003,3995.72,Yes,EFT,False,False,False,False,False,False,False,False,0,Routine,False,No predefined exception
PAY-001472,INV-172255,2025-12-29,2025-26,2025-12,Natural Resources,V0080,Supplier 080,Equipment,Standing Offer,PO-27881,1561.88,Yes,EFT,False,False,False,False,False,False,False,False,0,Routine,False,No predefined exception
PAY-000561,INV-275993,2025-12-29,2025-26,2025-12,Transportation & Infrastructure,V0054,Supplier 054,Office Supplies,Open Competition,PO-93998,680.65,Yes,EFT,False,False,False,False,False,False,False,False,0,Routine,False,No predefined exception
PAY-000812,INV-233114,2025-12-29,2025-26,2025-12,Health Services,V0029,Supplier 029,Construction Services,Open Competition,PO-80148,365.34,Yes,EFT,False,False,False,False,False,False,False,False,0,Routine,False,No predefined exception
PAY-000368,INV-132152,2025-12-29,2025-26,2025-12,Transportation & Infrastructure,V0010,Supplier 010,Transportation Services,Open Competition,PO-68822,4307.78,Yes,Cheque,False,False,False,False,False,False,False,False,0,Routine,False,No predefined exception
PAY-000048,INV-850774,2025-12-30,2025-26,2025-12,Digital Government,V0026,Supplier 026,Transportation Services,Invitational,PO-51941,2085.77,Yes,EFT,False,False,False,False,False,False,False,False,0,Routine,False,No predefined exception
PAY-001501,INV-883924,2025-12-30,2025-26,2025-12,Transportation & Infrastructure,V0023,Supplier 023,Construction Services,Standing Offer,PO-19373,1790.52,Yes,EFT,False,False,False,False,False,False,False,False,0,Routine,False,No predefined exception
PAY-001796,INV-503923,2025-12-30,2025-26,2025-12,Health Services,V0013,Supplier 013,Office Supplies,Open Competition,PO-80795,1077.81,Yes,EFT,False,False,False,False,False,False,False,False,0,Routine,False,No predefined exception
PAY-001756,INV-734388,2025-12-30,2025-26,2025-12,Transportation & Infrastructure,V0027,Supplier 027,Equipment,Open Competition,PO-16485,1768.27,Yes,EFT,False,False,False,False,False,False,False,False,0,Routine,False,No predefined exception
PAY-000630,INV-250953,2025-12-31,2025-26,2025-12,Justice & Public Safety,V0019,Supplier 019,Training,Open Competition,PO-18283,597.28,Yes,EFT,False,False,False,False,False,False,False,False,0,Routine,False,No predefined exception
PAY-000985,INV-176425,2025-12-31,2025-26,2025-12,Health Services,V0010,Supplier 010,IT Hardware,Standing Offer,PO-79064,10839.86,Yes,EFT,False,False,False,False,True,False,False,False,2,Moderate,True,Statistical amount outlier
PAY-000435,INV-195864,2025-12-31,2025-26,2025-12,Digital Government,V0029,Supplier 029,Training,Open Competition,PO-27139,532.04,Yes,Cheque,False,False,False,False,False,False,False,False,0,Routine,False,No predefined exception
PAY-002160,INV-240749,2025-12-31,2025-26,2025-12,Municipal Services,V0018,Supplier 018,Office Supplies,Open Competition,PO-62754,1567.34,Yes,EFT,False,False,False,False,False,False,False,False,0,Routine,False,No predefined exception
PAY-001425,INV-131673,2025-12-31,2025-26,2025-12,Health Services,V0013,Supplier 013,Construction Services,Sole Source,PO-67226,1249.79,Yes,EFT,False,False,False,False,False,False,False,False,0,Routine,False,No predefined exception
PAY-001985,INV-978691,2026-01-01,2025-26,2026-01,Natural Resources,V0063,Supplier 063,Building Maintenance,Open Competition,PO-65099,5290.67,Yes,EFT,False,False,False,False,False,False,False,False,0,Routine,False,No predefined exception
PAY-002022,INV-644653,2026-01-01,2025-26,2026-01,Digital Government,V0016,Supplier 016,Equipment,Open Competition,PO-74177,2173.88,Yes,EFT,False,False,False,False,False,False,False,False,0,Routine,False,No predefined exception
PAY-002390,INV-911464,2026-01-01,2025-26,2026-01,Digital Government,V0059,Supplier 059,Transportation Services,Sole Source,PO-56996,694.19,Yes,EFT,False,False,False,False,False,False,False,False,0,Routine,False,No predefined exception
PAY-002200,INV-268751,2026-01-02,2025-26,2026-01,Digital Government,V0062,Supplier 062,Training,Standing Offer,PO-84514,3322.62,Yes,Corporate Card,False,False,False,False,False,False,False,False,0,Routine,False,No predefined exception
PAY-000301,INV-782954,2026-01-02,2025-26,2026-01,Health Services,V0068,Supplier 068,Training,Sole Source,PO-82173,2716.47,Yes,EFT,False,False,False,False,False,False,False,False,0,Routine,False,No predefined exception
PAY-000023,INV-111549,2026-01-02,2025-26,2026-01,Education,V0080,Supplier 080,Transportation Services,Open Competition,PO-63591,4333.36,Yes,EFT,False,False,False,False,False,False,False,False,0,Routine,False,No predefined exception
PAY-000319,INV-468893,2026-01-02,2025-26,2026-01,Municipal Services,V0028,Supplier 028,Construction Services,Standing Offer,PO-94509,1331.64,Yes,EFT,False,False,False,False,False,False,False,False,0,Routine,False,No predefined exception
PAY-002158,INV-495739,2026-01-02,2025-26,2026-01,Transportation & Infrastructure,V0043,Supplier 043,Construction Services,Standing Offer,PO-35392,816.21,Yes,Cheque,False,False,False,False,False,False,False,False,0,Routine,False,No predefined exception
PAY-001795,INV-905684,2026-01-02,2025-26,2026-01,Municipal Services,V0042,Supplier 042,Building Maintenance,Open Competition,PO-40593,2656.71,Yes,EFT,False,False,False,False,False,False,False,False,0,Routine,False,No predefined exception
PAY-000842,INV-813391,2026-01-02,2025-26,2026-01,Justice & Public Safety,V0021,Supplier 021,Equipment,Invitational,PO-15322,1155.86,Yes,EFT,False,False,False,False,False,False,False,False,0,Routine,False,No predefined exception
PAY-000538,INV-419532,2026-01-02,2025-26,2026-01,Natural Resources,V0017,Supplier 017,Training,Open Competition,PO-24133,11763.0,Yes,EFT,False,False,False,False,True,False,False,False,2,Moderate,True,Statistical amount outlier
PAY-000460,INV-337474,2026-01-03,2025-26,2026-01,Health Services,V0012,Supplier 012,Transportation Services,Open Competition,PO-89852,1914.39,Yes,EFT,False,False,False,False,False,False,False,False,0,Routine,False,No predefined exception
PAY-001327,INV-359427,2026-01-03,2025-26,2026-01,Education,V0055,Supplier 055,Construction Services,Open Competition,PO-62924,3206.27,Yes,Corporate Card,False,False,False,False,False,False,False,False,0,Routine,False,No predefined exception
PAY-001693,INV-150390,2026-01-03,2025-26,2026-01,Municipal Services,V0003,Supplier 003,Office Supplies,Open Competition,PO-71886,7824.38,Yes,EFT,False,False,False,False,False,False,False,False,0,Routine,False,No predefined exception
PAY-000442,INV-287646,2026-01-04,2025-26,2026-01,Natural Resources,V0018,Supplier 018,IT Hardware,Invitational,PO-83533,4800.89,Yes,EFT,False,False,False,False,False,False,False,False,0,Routine,False,No predefined exception
PAY-002326,INV-726652,2026-01-04,2025-26,2026-01,Municipal Services,V0058,Supplier 058,Office Supplies,Standing Offer,PO-57210,2549.34,Yes,EFT,False,False,False,False,False,False,False,False,0,Routine,False,No predefined exception
PAY-002100,INV-232385,2026-01-04,2025-26,2026-01,Municipal Services,V0033,Supplier 033,Transportation Services,Sole Source,PO-33558,3782.46,Yes,EFT,False,False,False,False,False,False,False,False,0,Routine,False,No predefined exception
PAY-000556,INV-905855,2026-01-04,2025-26,2026-01,Health Services,V0036,Supplier 036,Transportation Services,Open Competition,PO-43208,817.9,Yes,EFT,False,False,False,False,False,False,False,False,0,Routine,False,No predefined exception
PAY-000228,INV-141139,2026-01-05,2025-26,2026-01,Health Services,V0070,Supplier 070,IT Hardware,Open Competition,PO-21801,9850.0,Yes,EFT,False,False,False,True,True,False,False,False,4,Higher,True,Near hypothetical threshold; Statistical amount outlier
PAY-000339,INV-766978,2026-01-05,2025-26,2026-01,Health Services,V0025,Supplier 025,Equipment,Open Competition,PO-82649,3497.27,Yes,Cheque,False,False,False,False,False,False,False,False,0,Routine,False,No predefined exception
PAY-000361,INV-921882,2026-01-05,2025-26,2026-01,Natural Resources,V0009,Supplier 009,IT Hardware,Open Competition,PO-63382,1437.84,Yes,EFT,False,False,False,False,False,False,False,False,0,Routine,False,No predefined exception
PAY-000499,INV-533603,2026-01-05,2025-26,2026-01,Health Services,V0035,Supplier 035,Construction Services,Open Competition,PO-48439,1061.31,Yes,EFT,False,False,False,False,False,False,False,False,0,Routine,False,No predefined exception
PAY-000087,INV-935726,2026-01-05,2025-26,2026-01,Transportation & Infrastructure,V0073,Supplier 073,Equipment,Open Competition,PO-27428,1064.21,Yes,EFT,False,False,False,False,False,False,False,False,0,Routine,False,No predefined exception
PAY-001754,INV-942753,2026-01-05,2025-26,2026-01,Municipal Services,V0030,Supplier 030,Building Maintenance,Open Competition,PO-12986,1288.39,Yes,EFT,False,False,False,False,False,False,False,False,0,Routine,False,No predefined exception
PAY-002257,INV-318980,2026-01-05,2025-26,2026-01,Education,V0053,Supplier 053,Training,Standing Offer,PO-15289,4337.74,Yes,EFT,False,False,False,False,False,False,False,False,0,Routine,False,No predefined exception
PAY-001307,INV-381787,2026-01-05,2025-26,2026-01,Natural Resources,V0078,Supplier 078,Building Maintenance,Open Competition,PO-96944,1420.15,Yes,EFT,False,False,False,False,False,False,False,False,0,Routine,False,No predefined exception
PAY-001753,INV-692610,2026-01-06,2025-26,2026-01,Education,V0047,Supplier 047,Construction Services,Open Competition,PO-92754,1269.78,Yes,EFT,False,False,False,False,False,False,False,False,0,Routine,False,No predefined exception
PAY-002152,INV-946462,2026-01-06,2025-26,2026-01,Justice & Public Safety,V0058,Supplier 058,Professional Services,Standing Offer,PO-19714,4426.86,Yes,EFT,False,False,False,False,False,False,False,False,0,Routine,False,No predefined exception
PAY-000354,INV-482188,2026-01-06,2025-26,2026-01,Municipal Services,V0005,Supplier 005,IT Hardware,Open Competition,PO-32254,175000.0,Yes,EFT,False,False,False,False,True,False,False,False,2,Moderate,True,Statistical amount outlier
PAY-000832,INV-523327,2026-01-06,2025-26,2026-01,Health Services,V0051,Supplier 051,Office Supplies,Invitational,PO-31604,1749.98,Yes,EFT,False,False,False,False,False,False,False,False,0,Routine,False,No predefined exception
PAY-001323,INV-101132,2026-01-06,2025-26,2026-01,Municipal Services,V0041,Supplier 041,Transportation Services,Invitational,PO-64433,405.76,Yes,EFT,False,False,False,False,False,False,False,False,0,Routine,False,No predefined exception
PAY-002394,INV-785388,2026-01-06,2025-26,2026-01,Natural Resources,V0015,Supplier 015,Training,Sole Source,PO-36403,984.9,Yes,EFT,False,False,False,False,False,False,False,False,0,Routine,False,No predefined exception
PAY-002127,INV-644475,2026-01-07,2025-26,2026-01,Transportation & Infrastructure,V0058,Supplier 058,Construction Services,Open Competition,PO-42035,1909.56,Yes,EFT,False,False,False,False,False,False,False,False,0,Routine,False,No predefined exception
PAY-002009,INV-383466,2026-01-07,2025-26,2026-01,Transportation & Infrastructure,V0031,Supplier 031,Equipment,Sole Source,PO-12804,1763.5,Yes,EFT,False,False,False,False,False,False,False,False,0,Routine,False,No predefined exception
PAY-000731,INV-547421,2026-01-07,2025-26,2026-01,Natural Resources,V0007,Supplier 007,Software & Licensing,Open Competition,PO-61370,6258.32,Yes,EFT,False,False,False,False,False,False,False,False,0,Routine,False,No predefined exception
PAY-001457,INV-177597,2026-01-07,2025-26,2026-01,Natural Resources,V0057,Supplier 057,Office Supplies,Open Competition,PO-22191,2491.84,Yes,Corporate Card,False,False,False,False,False,False,False,False,0,Routine,False,No predefined exception
PAY-000860,INV-307383,2026-01-07,2025-26,2026-01,Digital Government,V0076,Supplier 076,Transportation Services,Open Competition,PO-12728,1000.67,Yes,EFT,False,False,False,False,False,False,False,False,0,Routine,False,No predefined exception
PAY-001375,INV-858795,2026-01-07,2025-26,2026-01,Natural Resources,V0037,Supplier 037,Professional Services,Invitational,PO-22686,1508.08,Yes,Cheque,False,False,False,False,False,False,False,False,0,Routine,False,No predefined exception
PAY-001118,INV-763759,2026-01-07,2025-26,2026-01,Education,V0061,Supplier 061,Office Supplies,Sole Source,PO-91483,47974.51,Yes,EFT,False,False,False,False,True,True,False,False,4,Higher,True,Statistical amount outlier; Higher-value sole-source transaction
PAY-002500,INV-914506,2026-01-07,2025-26,2026-01,Municipal Services,V0012,Supplier 012,Software & Licensing,Open Competition,PO-32134,1240.71,Yes,EFT,False,False,False,False,False,False,False,False,0,Routine,False,No predefined exception
PAY-001941,INV-608670,2026-01-07,2025-26,2026-01,Health Services,V0053,Supplier 053,Equipment,Open Competition,PO-45193,1112.89,No,EFT,False,False,False,False,False,False,False,True,3,Moderate,True,Approval exception
PAY-000133,INV-815601,2026-01-08,2025-26,2026-01,Health Services,V0026,Supplier 026,IT Hardware,Sole Source,PO-89922,1794.41,Yes,EFT,False,False,False,False,False,False,False,False,0,Routine,False,No predefined exception
PAY-000176,INV-262696,2026-01-08,2025-26,2026-01,Municipal Services,V0008,Supplier 008,Training,Invitational,PO-49440,1645.55,Yes,EFT,False,False,False,False,False,False,False,False,0,Routine,False,No predefined exception
PAY-000611,INV-562927,2026-01-08,2025-26,2026-01,Transportation & Infrastructure,V0048,Supplier 048,Building Maintenance,Open Competition,,1216.28,Yes,EFT,False,False,True,False,False,False,False,False,1,Routine,False,Missing purchase order
PAY-000736,INV-405007,2026-01-08,2025-26,2026-01,Natural Resources,V0007,Supplier 007,Training,Standing Offer,PO-29951,4685.19,Yes,EFT,False,False,False,False,False,False,False,False,0,Routine,False,No predefined exception
PAY-001120,INV-455050,2026-01-08,2025-26,2026-01,Health Services,V0064,Supplier 064,Software & Licensing,Sole Source,,50777.69,Yes,EFT,False,False,True,False,True,True,False,False,5,Higher,True,Missing purchase order; Statistical amount outlier; Higher-value sole-source transaction
PAY-000316,INV-695983,2026-01-08,2025-26,2026-01,Education,V0014,Supplier 014,Equipment,Open Competition,PO-10797,3388.85,Yes,EFT,False,False,False,False,False,False,False,False,0,Routine,False,No predefined exception
PAY-000158,INV-123331,2026-01-09,2025-26,2026-01,Justice & Public Safety,V0007,Supplier 007,Transportation Services,Open Competition,PO-81980,990.39,Yes,Corporate Card,False,False,False,False,False,False,False,False,0,Routine,False,No predefined exception
PAY-000322,INV-930222,2026-01-09,2025-26,2026-01,Digital Government,V0057,Supplier 057,Training,Standing Offer,PO-47639,1424.66,Yes,EFT,False,False,False,False,False,False,False,False,0,Routine,False,No predefined exception
PAY-001991,INV-987246,2026-01-09,2025-26,2026-01,Natural Resources,V0044,Supplier 044,Office Supplies,Invitational,PO-81663,818.47,Yes,EFT,False,False,False,False,False,False,False,False,0,Routine,False,No predefined exception
PAY-000164,INV-949649,2026-01-09,2025-26,2026-01,Justice & Public Safety,V0054,Supplier 054,IT Hardware,Open Competition,PO-29098,4124.33,Yes,EFT,False,False,False,False,False,False,False,False,0,Routine,False,No predefined exception
PAY-001612,INV-396694,2026-01-09,2025-26,2026-01,Natural Resources,V0021,Supplier 021,Software & Licensing,Open Competition,PO-82306,5348.26,No,EFT,False,False,False,False,False,False,False,True,3,Moderate,True,Approval exception
PAY-000573,INV-824045,2026-01-09,2025-26,2026-01,Transportation & Infrastructure,V0022,Supplier 022,Construction Services,Open Competition,,2643.59,Yes,EFT,False,False,True,False,False,False,False,False,1,Routine,False,Missing purchase order
PAY-000808,INV-197064,2026-01-10,2025-26,2026-01,Natural Resources,V0080,Supplier 080,Transportation Services,Invitational,PO-25876,5412.5,Yes,Cheque,False,False,False,False,False,False,False,False,0,Routine,False,No predefined exception
PAY-001710,INV-959734,2026-01-10,2025-26,2026-01,Justice & Public Safety,V0044,Supplier 044,Professional Services,Standing Offer,,1364.51,Yes,EFT,False,False,True,False,False,False,False,False,1,Routine,False,Missing purchase order
PAY-002010,INV-660027,2026-01-10,2025-26,2026-01,Natural Resources,V0021,Supplier 021,Training,Standing Offer,PO-59993,693.24,Yes,EFT,False,False,False,False,False,False,False,False,0,Routine,False,No predefined exception
PAY-001728,INV-905589,2026-01-10,2025-26,2026-01,Health Services,V0028,Supplier 028,Software & Licensing,Open Competition,PO-66235,2238.83,Yes,EFT,False,False,False,False,False,False,False,False,0,Routine,False,No predefined exception
PAY-000468,INV-125494,2026-01-10,2025-26,2026-01,Transportation & Infrastructure,V0035,Supplier 035,Professional Services,Standing Offer,PO-92979,3257.27,Yes,EFT,False,False,False,False,False,False,False,False,0,Routine,False,No predefined exception
PAY-001723,INV-244258,2026-01-10,2025-26,2026-01,Natural Resources,V0012,Supplier 012,IT Hardware,Open Competition,PO-43581,867.66,Yes,EFT,False,False,False,False,False,False,False,False,0,Routine,False,No predefined exception
PAY-000518,INV-401763,2026-01-10,2025-26,2026-01,Transportation & Infrastructure,V0012,Supplier 012,Office Supplies,Open Competition,PO-99359,807.9,Yes,EFT,False,False,False,False,False,False,False,False,0,Routine,False,No predefined exception
PAY-001287,INV-462544,2026-01-10,2025-26,2026-01,Digital Government,V0013,Supplier 013,Office Supplies,Open Competition,PO-83998,6933.73,Yes,EFT,False,False,False,False,False,False,False,False,0,Routine,False,No predefined exception
PAY-001223,INV-782387,2026-01-10,2025-26,2026-01,Education,V0045,Supplier 045,Software & Licensing,Open Competition,PO-73742,1113.99,Yes,Cheque,False,False,False,False,False,False,False,False,0,Routine,False,No predefined exception
PAY-001197,INV-557576,2026-01-10,2025-26,2026-01,Justice & Public Safety,V0080,Supplier 080,Professional Services,Standing Offer,PO-65270,1585.88,Yes,EFT,False,False,False,False,False,False,False,False,0,Routine,False,No predefined exception
PAY-002031,INV-865387,2026-01-10,2025-26,2026-01,Natural Resources,V0007,Supplier 007,Building Maintenance,Standing Offer,PO-71518,1064.04,Yes,EFT,False,False,False,False,False,False,False,False,0,Routine,False,No predefined exception
PAY-002337,INV-371635,2026-01-11,2025-26,2026-01,Digital Government,V0029,Supplier 029,Software & Licensing,Standing Offer,PO-97157,2877.7,Yes,EFT,False,False,False,False,False,False,False,False,0,Routine,False,No predefined exception
PAY-000169,INV-437201,2026-01-11,2025-26,2026-01,Education,V0064,Supplier 064,Professional Services,Standing Offer,PO-86827,3982.95,Yes,Cheque,False,False,False,False,False,False,False,False,0,Routine,False,No predefined exception
PAY-000717,INV-160186,2026-01-11,2025-26,2026-01,Transportation & Infrastructure,V0007,Supplier 007,IT Hardware,Sole Source,,8290.5,Yes,EFT,False,False,True,False,False,False,False,False,1,Routine,False,Missing purchase order
PAY-000320,INV-255976,2026-01-11,2025-26,2026-01,Health Services,V0071,Supplier 071,Construction Services,Open Competition,PO-34051,787.92,Yes,Cheque,False,False,False,False,False,False,False,False,0,Routine,False,No predefined exception
PAY-001225,INV-579767,2026-01-11,2025-26,2026-01,Municipal Services,V0070,Supplier 070,Equipment,Open Competition,PO-85828,759.73,Yes,EFT,False,False,False,False,False,False,False,False,0,Routine,False,No predefined exception
PAY-002304,INV-281549,2026-01-11,2025-26,2026-01,Transportation & Infrastructure,V0003,Supplier 003,Professional Services,Open Competition,PO-88229,5614.49,Yes,EFT,False,False,False,False,False,False,False,False,0,Routine,False,No predefined exception
PAY-000795,INV-892955,2026-01-11,2025-26,2026-01,Digital Government,V0040,Supplier 040,IT Hardware,Invitational,PO-24141,7023.58,Yes,EFT,False,False,False,False,False,False,False,False,0,Routine,False,No predefined exception
PAY-001041,INV-244375,2026-01-11,2025-26,2026-01,Municipal Services,V0028,Supplier 028,Building Maintenance,Standing Offer,PO-81996,628.65,Yes,Corporate Card,False,False,False,False,False,False,False,False,0,Routine,False,No predefined exception
PAY-000560,INV-215140,2026-01-11,2025-26,2026-01,Education,V0040,Supplier 040,Equipment,Open Competition,PO-49374,2193.89,Yes,EFT,False,False,False,False,False,False,False,False,0,Routine,False,No predefined exception
PAY-002431,INV-928804,2026-01-12,2025-26,2026-01,Municipal Services,V0030,Supplier 030,Office Supplies,Standing Offer,PO-33097,2483.65,Yes,EFT,False,False,False,False,False,False,False,False,0,Routine,False,No predefined exception
PAY-002073,INV-753525,2026-01-12,2025-26,2026-01,Municipal Services,V0077,Supplier 077,Construction Services,Open Competition,PO-18187,1677.54,Yes,EFT,False,False,False,False,False,False,False,False,0,Routine,False,No predefined exception
PAY-001151,INV-936188,2026-01-12,2025-26,2026-01,Digital Government,V0009,Supplier 009,Professional Services,Open Competition,PO-11233,5589.38,Yes,EFT,False,False,False,False,False,False,False,False,0,Routine,False,No predefined exception
PAY-001355,INV-942288,2026-01-12,2025-26,2026-01,Health Services,V0061,Supplier 061,IT Hardware,Standing Offer,PO-60666,8792.17,Yes,Corporate Card,False,False,False,False,False,False,False,False,0,Routine,False,No predefined exception
PAY-001972,INV-621397,2026-01-12,2025-26,2026-01,Municipal Services,V0060,Supplier 060,Professional Services,Sole Source,PO-87684,9316.28,Yes,EFT,False,False,False,False,True,False,False,False,2,Moderate,True,Statistical amount outlier
PAY-002311,INV-412865,2026-01-12,2025-26,2026-01,Education,V0033,Supplier 033,Building Maintenance,Standing Offer,PO-42223,4462.49,Yes,EFT,False,False,False,False,False,False,False,False,0,Routine,False,No predefined exception
PAY-002265,INV-992007,2026-01-13,2025-26,2026-01,Health Services,V0036,Supplier 036,Training,Open Competition,PO-40897,7595.34,Yes,EFT,False,False,False,False,False,False,False,False,0,Routine,False,No predefined exception
PAY-001731,INV-732900,2026-01-13,2025-26,2026-01,Justice & Public Safety,V0067,Supplier 067,Training,Open Competition,PO-48742,8346.76,Yes,Cheque,False,False,False,False,False,False,False,False,0,Routine,False,No predefined exception
PAY-000392,INV-626925,2026-01-13,2025-26,2026-01,Education,V0053,Supplier 053,Building Maintenance,Standing Offer,,2861.1,Yes,EFT,False,False,True,False,False,False,False,False,1,Routine,False,Missing purchase order
PAY-001271,INV-688172,2026-01-13,2025-26,2026-01,Transportation & Infrastructure,V0063,Supplier 063,IT Hardware,Invitational,PO-15416,4155.95,Yes,EFT,False,False,False,False,False,False,False,False,0,Routine,False,No predefined exception
PAY-001248,INV-105577,2026-01-13,2025-26,2026-01,Health Services,V0032,Supplier 032,Construction Services,Standing Offer,,739.97,Yes,EFT,False,False,True,False,False,False,False,False,1,Routine,False,Missing purchase order
PAY-001453,INV-262434,2026-01-13,2025-26,2026-01,Digital Government,V0019,Supplier 019,Transportation Services,Invitational,PO-60022,3065.02,Yes,EFT,False,False,False,False,False,False,False,False,0,Routine,False,No predefined exception
PAY-001243,INV-670303,2026-01-13,2025-26,2026-01,Transportation & Infrastructure,V0018,Supplier 018,Training,Open Competition,PO-85710,2529.99,Yes,EFT,False,False,False,False,False,False,False,False,0,Routine,False,No predefined exception
PAY-001059,INV-399345,2026-01-13,2025-26,2026-01,Health Services,V0044,Supplier 044,Building Maintenance,Open Competition,PO-77961,5412.5,Yes,EFT,False,False,False,False,False,False,False,False,0,Routine,False,No predefined exception
PAY-000761,INV-524429,2026-01-13,2025-26,2026-01,Natural Resources,V0007,Supplier 007,Building Maintenance,Standing Offer,PO-56803,1278.07,Yes,EFT,False,False,False,False,False,False,False,False,0,Routine,False,No predefined exception
PAY-002341,INV-945191,2026-01-13,2025-26,2026-01,Municipal Services,V0072,Supplier 072,Training,Open Competition,PO-15691,1385.9,Yes,EFT,False,False,False,False,False,False,False,False,0,Routine,False,No predefined exception
PAY-000363,INV-395901,2026-01-13,2025-26,2026-01,Transportation & Infrastructure,V0027,Supplier 027,Office Supplies,Open Competition,PO-23736,554.4,Yes,EFT,False,False,False,False,False,False,False,False,0,Routine,False,No predefined exception
PAY-001887,INV-391736,2026-01-13,2025-26,2026-01,Municipal Services,V0027,Supplier 027,Professional Services,Open Competition,,4520.63,Yes,EFT,False,False,True,False,False,False,False,False,1,Routine,False,Missing purchase order
PAY-002414,INV-314560,2026-01-13,2025-26,2026-01,Education,V0009,Supplier 009,Office Supplies,Open Competition,PO-34996,13171.78,Yes,EFT,False,False,False,False,True,False,False,False,2,Moderate,True,Statistical amount outlier
PAY-001086,INV-201489,2026-01-14,2025-26,2026-01,Education,V0002,Supplier 002,Equipment,Standing Offer,,1057.19,Yes,EFT,False,False,True,False,False,False,False,False,1,Routine,False,Missing purchase order
PAY-000300,INV-365470,2026-01-14,2025-26,2026-01,Education,V0080,Supplier 080,Building Maintenance,Open Competition,PO-85066,1708.55,Yes,Cheque,False,False,False,False,False,False,False,False,0,Routine,False,No predefined exception
PAY-DUP-006,INV-501954,2026-01-14,2025-26,2026-01,Education,V0055,Supplier 055,Training,Standing Offer,PO-48148,7814.49,Yes,EFT,True,False,False,False,False,False,False,False,3,Moderate,True,Potential duplicate
PAY-001395,INV-273084,2026-01-14,2025-26,2026-01,Transportation & Infrastructure,V0033,Supplier 033,Construction Services,Open Competition,PO-55261,946.82,Yes,EFT,False,False,False,False,False,False,False,False,0,Routine,False,No predefined exception
PAY-000479,INV-955783,2026-01-14,2025-26,2026-01,Transportation & Infrastructure,V0032,Supplier 032,Construction Services,Open Competition,PO-93110,3200.18,Yes,EFT,False,False,False,False,False,False,False,False,0,Routine,False,No predefined exception
PAY-001629,INV-749868,2026-01-14,2025-26,2026-01,Health Services,V0037,Supplier 037,IT Hardware,Open Competition,PO-67970,598.59,Yes,EFT,False,False,False,False,False,False,False,False,0,Routine,False,No predefined exception
PAY-000106,INV-501954,2026-01-14,2025-26,2026-01,Education,V0055,Supplier 055,Training,Standing Offer,PO-48148,7814.49,Yes,EFT,True,False,False,False,False,False,False,False,3,Moderate,True,Potential duplicate
PAY-002070,INV-159946,2026-01-14,2025-26,2026-01,Transportation & Infrastructure,V0044,Supplier 044,Building Maintenance,Open Competition,PO-47429,703.16,Yes,EFT,False,False,False,False,False,False,False,False,0,Routine,False,No predefined exception
PAY-001826,INV-684379,2026-01-14,2025-26,2026-01,Education,V0001,Supplier 001,Building Maintenance,Open Competition,PO-76273,3072.35,Yes,EFT,False,False,False,False,False,False,False,False,0,Routine,False,No predefined exception
PAY-001805,INV-551067,2026-01-14,2025-26,2026-01,Natural Resources,V0067,Supplier 067,Software & Licensing,Open Competition,PO-39858,2810.31,Yes,EFT,False,False,False,False,False,False,False,False,0,Routine,False,No predefined exception
PAY-002397,INV-967619,2026-01-14,2025-26,2026-01,Natural Resources,V0011,Supplier 011,Equipment,Standing Offer,PO-73594,1288.9,Yes,EFT,False,False,False,False,False,False,False,False,0,Routine,False,No predefined exception
PAY-000723,INV-119156,2026-01-14,2025-26,2026-01,Health Services,V0007,Supplier 007,Office Supplies,Open Competition,PO-10209,6574.02,Yes,EFT,False,False,False,False,False,False,False,False,0,Routine,False,No predefined exception
PAY-001081,INV-688033,2026-01-14,2025-26,2026-01,Digital Government,V0033,Supplier 033,Building Maintenance,Open Competition,PO-94096,7012.85,Yes,EFT,False,False,False,False,False,False,False,False,0,Routine,False,No predefined exception
PAY-002055,INV-879085,2026-01-15,2025-26,2026-01,Health Services,V0039,Supplier 039,Software & Licensing,Open Competition,PO-64043,5037.51,Yes,EFT,False,False,False,False,False,False,False,False,0,Routine,False,No predefined exception
PAY-000489,INV-726614,2026-01-15,2025-26,2026-01,Municipal Services,V0013,Supplier 013,Building Maintenance,Standing Offer,PO-20233,1083.05,Yes,EFT,False,False,False,False,False,False,False,False,0,Routine,False,No predefined exception
PAY-002161,INV-831188,2026-01-15,2025-26,2026-01,Education,V0058,Supplier 058,Software & Licensing,Standing Offer,PO-21367,1437.57,Yes,EFT,False,False,False,False,False,False,False,False,0,Routine,False,No predefined exception
PAY-000449,INV-635620,2026-01-15,2025-26,2026-01,Digital Government,V0034,Supplier 034,Software & Licensing,Invitational,PO-32272,3550.89,Yes,Cheque,False,False,False,False,False,False,False,False,0,Routine,False,No predefined exception
PAY-002302,INV-463170,2026-01-16,2025-26,2026-01,Education,V0078,Supplier 078,Equipment,Open Competition,PO-59729,3500.9,Yes,EFT,False,False,False,False,False,False,False,False,0,Routine,False,No predefined exception
PAY-002248,INV-603150,2026-01-16,2025-26,2026-01,Municipal Services,V0037,Supplier 037,Software & Licensing,Sole Source,PO-28877,3977.07,Yes,EFT,False,False,False,False,False,False,False,False,0,Routine,False,No predefined exception
PAY-002118,INV-473410,2026-01-16,2025-26,2026-01,Health Services,V0067,Supplier 067,Construction Services,Open Competition,PO-12387,4059.01,Yes,EFT,False,False,False,False,False,False,False,False,0,Routine,False,No predefined exception
PAY-002375,INV-388480,2026-01-16,2025-26,2026-01,Education,V0037,Supplier 037,Building Maintenance,Open Competition,PO-41155,9446.07,Yes,Corporate Card,False,False,False,False,True,False,False,False,2,Moderate,True,Statistical amount outlier
PAY-001042,INV-433887,2026-01-16,2025-26,2026-01,Education,V0028,Supplier 028,Professional Services,Standing Offer,,844.12,Yes,EFT,False,False,True,False,False,False,False,False,1,Routine,False,Missing purchase order
PAY-001175,INV-219156,2026-01-16,2025-26,2026-01,Education,V0035,Supplier 035,Software & Licensing,Open Competition,PO-53906,9837.39,Yes,EFT,False,False,False,True,True,False,False,False,4,Higher,True,Near hypothetical threshold; Statistical amount outlier
PAY-001267,INV-685842,2026-01-16,2025-26,2026-01,Justice & Public Safety,V0046,Supplier 046,IT Hardware,Open Competition,PO-87316,1519.97,Yes,EFT,False,False,False,False,False,False,False,False,0,Routine,False,No predefined exception
PAY-001417,INV-721169,2026-01-16,2025-26,2026-01,Municipal Services,V0004,Supplier 004,Software & Licensing,Open Competition,PO-79318,9602.2,No,EFT,False,False,False,True,True,False,False,True,7,Higher,True,Near hypothetical threshold; Statistical amount outlier; Approval exception
PAY-002168,INV-537359,2026-01-16,2025-26,2026-01,Digital Government,V0074,Supplier 074,Professional Services,Sole Source,PO-25205,3101.03,Yes,EFT,False,False,False,False,False,False,False,False,0,Routine,False,No predefined exception
PAY-000874,INV-928894,2026-01-17,2025-26,2026-01,Justice & Public Safety,V0044,Supplier 044,Equipment,Standing Offer,PO-38776,4578.42,No,Cheque,False,False,False,False,False,False,False,True,3,Moderate,True,Approval exception
PAY-001117,INV-371223,2026-01-17,2025-26,2026-01,Education,V0002,Supplier 002,Transportation Services,Sole Source,,25785.57,Yes,EFT,False,False,True,False,True,True,False,False,5,Higher,True,Missing purchase order; Statistical amount outlier; Higher-value sole-source transaction
PAY-002347,INV-786296,2026-01-17,2025-26,2026-01,Natural Resources,V0060,Supplier 060,Building Maintenance,Open Competition,PO-63609,2939.81,Yes,EFT,False,False,False,False,False,False,False,False,0,Routine,False,No predefined exception
PAY-002153,INV-823879,2026-01-17,2025-26,2026-01,Natural Resources,V0062,Supplier 062,IT Hardware,Standing Offer,PO-34608,6004.88,Yes,EFT,False,False,False,False,False,False,False,False,0,Routine,False,No predefined exception
PAY-001374,INV-189846,2026-01-17,2025-26,2026-01,Justice & Public Safety,V0038,Supplier 038,Training,Open Competition,PO-50920,784.28,Yes,Cheque,False,False,False,False,False,False,False,False,0,Routine,False,No predefined exception
PAY-000627,INV-173568,2026-01-17,2025-26,2026-01,Transportation & Infrastructure,V0074,Supplier 074,Transportation Services,Open Competition,PO-30936,3543.2,Yes,EFT,False,False,False,False,False,False,False,False,0,Routine,False,No predefined exception
PAY-000119,INV-715362,2026-01-18,2025-26,2026-01,Justice & Public Safety,V0049,Supplier 049,Building Maintenance,Open Competition,PO-37841,8342.98,Yes,EFT,False,False,False,False,False,False,False,False,0,Routine,False,No predefined exception
PAY-001524,INV-447761,2026-01-18,2025-26,2026-01,Digital Government,V0034,Supplier 034,Building Maintenance,Open Competition,PO-20884,1705.83,Yes,EFT,False,False,False,False,False,False,False,False,0,Routine,False,No predefined exception
PAY-001146,INV-561063,2026-01-18,2025-26,2026-01,Education,V0021,Supplier 021,Transportation Services,Standing Offer,PO-30521,4087.75,Yes,EFT,False,False,False,False,False,False,False,False,0,Routine,False,No predefined exception
PAY-001911,INV-730698,2026-01-18,2025-26,2026-01,Municipal Services,V0063,Supplier 063,Construction Services,Standing Offer,PO-65958,2073.29,Yes,EFT,False,False,False,False,False,False,False,False,0,Routine,False,No predefined exception
PAY-001950,INV-327600,2026-01-18,2025-26,2026-01,Natural Resources,V0013,Supplier 013,Transportation Services,Open Competition,PO-47174,997.36,Yes,EFT,False,False,False,False,False,False,False,False,0,Routine,False,No predefined exception
PAY-001481,INV-936713,2026-01-18,2025-26,2026-01,Municipal Services,V0022,Supplier 022,Construction Services,Open Competition,PO-89741,3834.69,Yes,EFT,False,False,False,False,False,False,False,False,0,Routine,False,No predefined exception
PAY-001532,INV-776664,2026-01-18,2025-26,2026-01,Health Services,V0047,Supplier 047,IT Hardware,Invitational,PO-58742,4008.2,Yes,EFT,False,False,False,False,False,False,False,False,0,Routine,False,No predefined exception
PAY-000997,INV-849211,2026-01-18,2025-26,2026-01,Municipal Services,V0001,Supplier 001,Transportation Services,Open Competition,PO-30002,5200.48,Yes,EFT,False,False,False,False,False,False,False,False,0,Routine,False,No predefined exception
PAY-001335,INV-543855,2026-01-18,2025-26,2026-01,Natural Resources,V0044,Supplier 044,Building Maintenance,Open Competition,PO-70854,2604.7,Yes,EFT,False,False,False,False,False,False,False,False,0,Routine,False,No predefined exception
PAY-001299,INV-161715,2026-01-18,2025-26,2026-01,Natural Resources,V0064,Supplier 064,Training,Standing Offer,PO-21339,1709.78,Yes,EFT,False,False,False,False,False,False,False,False,0,Routine,False,No predefined exception
PAY-002137,INV-179971,2026-01-18,2025-26,2026-01,Municipal Services,V0065,Supplier 065,Training,Sole Source,PO-82232,1690.05,Yes,EFT,False,False,False,False,False,False,False,False,0,Routine,False,No predefined exception
PAY-002238,INV-409963,2026-01-18,2025-26,2026-01,Health Services,V0066,Supplier 066,Building Maintenance,Standing Offer,,1940.93,Yes,EFT,False,False,True,False,False,False,False,False,1,Routine,False,Missing purchase order
PAY-002007,INV-392441,2026-01-18,2025-26,2026-01,Digital Government,V0021,Supplier 021,IT Hardware,Standing Offer,PO-61902,8739.64,Yes,EFT,False,False,False,False,False,False,False,False,0,Routine,False,No predefined exception
PAY-002216,INV-887646,2026-01-18,2025-26,2026-01,Education,V0045,Supplier 045,Transportation Services,Invitational,PO-82769,660.39,Yes,EFT,False,False,False,False,False,False,False,False,0,Routine,False,No predefined exception
PAY-001181,INV-727290,2026-01-19,2025-26,2026-01,Digital Government,V0032,Supplier 032,Software & Licensing,Invitational,PO-14902,3000.63,Yes,EFT,False,False,False,False,False,False,False,False,0,Routine,False,No predefined exception
PAY-000227,INV-990936,2026-01-19,2025-26,2026-01,Education,V0071,Supplier 071,Transportation Services,Open Competition,PO-44462,9850.0,Yes,EFT,False,False,False,True,True,False,False,False,4,Higher,True,Near hypothetical threshold; Statistical amount outlier
PAY-000791,INV-859940,2026-01-19,2025-26,2026-01,Health Services,V0078,Supplier 078,Building Maintenance,Invitational,PO-36852,1436.83,Yes,EFT,False,False,False,False,False,False,False,False,0,Routine,False,No predefined exception
PAY-000021,INV-542765,2026-01-19,2025-26,2026-01,Digital Government,V0055,Supplier 055,Training,Invitational,PO-72420,2152.54,Yes,EFT,False,False,False,False,False,False,False,False,0,Routine,False,No predefined exception
PAY-002037,INV-272106,2026-01-19,2025-26,2026-01,Education,V0067,Supplier 067,Transportation Services,Open Competition,PO-71320,2000.33,Yes,EFT,False,False,False,False,False,False,False,False,0,Routine,False,No predefined exception
PAY-001097,INV-461417,2026-01-19,2025-26,2026-01,Municipal Services,V0011,Supplier 011,Software & Licensing,Standing Offer,PO-66949,2869.87,Yes,EFT,False,False,False,False,False,False,False,False,0,Routine,False,No predefined exception
PAY-000200,INV-771813,2026-01-20,2025-26,2026-01,Natural Resources,V0020,Supplier 020,Construction Services,Open Competition,PO-54594,4854.75,Yes,EFT,False,False,False,False,False,False,False,False,0,Routine,False,No predefined exception
PAY-001928,INV-572032,2026-01-20,2025-26,2026-01,Municipal Services,V0054,Supplier 054,IT Hardware,Open Competition,PO-98465,4630.47,Yes,EFT,False,False,False,False,False,False,False,False,0,Routine,False,No predefined exception
PAY-001056,INV-491770,2026-01-20,2025-26,2026-01,Education,V0022,Supplier 022,IT Hardware,Invitational,PO-98915,1586.83,Yes,EFT,False,False,False,False,False,False,False,False,0,Routine,False,No predefined exception
PAY-001384,INV-948964,2026-01-20,2025-26,2026-01,Health Services,V0025,Supplier 025,Building Maintenance,Open Competition,PO-75891,4546.85,Yes,EFT,False,False,False,False,False,False,False,False,0,Routine,False,No predefined exception
PAY-001535,INV-992018,2026-01-20,2025-26,2026-01,Digital Government,V0077,Supplier 077,Training,Open Competition,PO-84660,4350.14,Yes,EFT,False,False,False,False,False,False,False,False,0,Routine,False,No predefined exception
PAY-001669,INV-547617,2026-01-20,2025-26,2026-01,Municipal Services,V0069,Supplier 069,IT Hardware,Standing Offer,PO-19952,2855.39,Yes,EFT,False,False,False,False,False,False,False,False,0,Routine,False,No predefined exception
PAY-001054,INV-168653,2026-01-21,2025-26,2026-01,Municipal Services,V0028,Supplier 028,Transportation Services,Open Competition,PO-57358,1342.19,Yes,EFT,False,False,False,False,False,False,False,False,0,Routine,False,No predefined exception
PAY-000081,INV-253956,2026-01-21,2025-26,2026-01,Natural Resources,V0067,Supplier 067,Construction Services,Open Competition,PO-49441,798.97,Yes,EFT,False,False,False,False,False,False,False,False,0,Routine,False,No predefined exception
PAY-001154,INV-291758,2026-01-21,2025-26,2026-01,Municipal Services,V0059,Supplier 059,Software & Licensing,Open Competition,PO-87648,2899.21,Yes,EFT,False,False,False,False,False,False,False,False,0,Routine,False,No predefined exception
PAY-001379,INV-960665,2026-01-21,2025-26,2026-01,Transportation & Infrastructure,V0064,Supplier 064,Office Supplies,Open Competition,PO-17011,2616.0,Yes,EFT,False,False,False,False,False,False,False,False,0,Routine,False,No predefined exception
PAY-001030,INV-952318,2026-01-21,2025-26,2026-01,Education,V0047,Supplier 047,Equipment,Open Competition,PO-55567,3837.08,Yes,EFT,False,False,False,False,False,False,False,False,0,Routine,False,No predefined exception
PAY-001408,INV-531544,2026-01-21,2025-26,2026-01,Health Services,V0051,Supplier 051,Training,Sole Source,PO-25877,3636.98,No,EFT,False,False,False,False,False,False,False,True,3,Moderate,True,Approval exception
PAY-001155,INV-935165,2026-01-22,2025-26,2026-01,Transportation & Infrastructure,V0054,Supplier 054,Office Supplies,Open Competition,PO-41012,1021.9,Yes,EFT,False,False,False,False,False,False,False,False,0,Routine,False,No predefined exception
PAY-001867,INV-351666,2026-01-22,2025-26,2026-01,Digital Government,V0048,Supplier 048,Equipment,Open Competition,PO-68133,2451.95,Yes,EFT,False,False,False,False,False,False,False,False,0,Routine,False,No predefined exception
PAY-002189,INV-876646,2026-01-23,2025-26,2026-01,Transportation & Infrastructure,V0004,Supplier 004,Construction Services,Open Competition,PO-89987,1583.26,Yes,EFT,False,False,False,False,False,False,False,False,0,Routine,False,No predefined exception
PAY-001946,INV-744062,2026-01-23,2025-26,2026-01,Health Services,V0049,Supplier 049,Software & Licensing,Standing Offer,PO-78907,5438.92,Yes,EFT,False,False,False,False,False,False,False,False,0,Routine,False,No predefined exception
PAY-000256,INV-911350,2026-01-23,2025-26,2026-01,Municipal Services,V0001,Supplier 001,Office Supplies,Open Competition,PO-78743,1428.7,Yes,Cheque,False,False,False,False,False,False,False,False,0,Routine,False,No predefined exception
PAY-002027,INV-709762,2026-01-24,2025-26,2026-01,Digital Government,V0060,Supplier 060,Transportation Services,Open Competition,PO-37618,2523.85,Yes,EFT,False,False,False,False,False,False,False,False,0,Routine,False,No predefined exception
PAY-001119,INV-422870,2026-01-24,2025-26,2026-01,Justice & Public Safety,V0076,Supplier 076,Building Maintenance,Sole Source,PO-52179,47581.93,Yes,EFT,False,False,False,False,True,True,False,False,4,Higher,True,Statistical amount outlier; Higher-value sole-source transaction
PAY-000370,INV-326905,2026-01-24,2025-26,2026-01,Justice & Public Safety,V0062,Supplier 062,Software & Licensing,Standing Offer,PO-55856,605.89,Yes,EFT,False,False,False,False,False,False,False,False,0,Routine,False,No predefined exception
PAY-000980,INV-737300,2026-01-25,2025-26,2026-01,Justice & Public Safety,V0022,Supplier 022,Professional Services,Open Competition,PO-64969,2278.66,Yes,EFT,False,False,False,False,False,False,False,False,0,Routine,False,No predefined exception
PAY-002138,INV-679844,2026-01-25,2025-26,2026-01,Municipal Services,V0059,Supplier 059,Professional Services,Open Competition,PO-63458,1865.94,Yes,EFT,False,False,False,False,False,False,False,False,0,Routine,False,No predefined exception
PAY-002308,INV-129092,2026-01-25,2025-26,2026-01,Municipal Services,V0036,Supplier 036,Construction Services,Standing Offer,PO-60787,20971.56,Yes,EFT,False,False,False,False,True,False,False,False,2,Moderate,True,Statistical amount outlier
PAY-001889,INV-354793,2026-01-25,2025-26,2026-01,Municipal Services,V0025,Supplier 025,Training,Sole Source,PO-70631,2594.45,Yes,EFT,False,False,False,False,False,False,False,False,0,Routine,False,No predefined exception
PAY-002291,INV-481691,2026-01-25,2025-26,2026-01,Transportation & Infrastructure,V0078,Supplier 078,Professional Services,Open Competition,PO-68820,1317.91,Yes,Cheque,False,False,False,False,False,False,False,False,0,Routine,False,No predefined exception
PAY-001478,INV-793201,2026-01-26,2025-26,2026-01,Digital Government,V0030,Supplier 030,Equipment,Standing Offer,PO-58081,1019.27,Yes,EFT,False,False,False,False,False,False,False,False,0,Routine,False,No predefined exception
PAY-001970,INV-990695,2026-01-26,2025-26,2026-01,Digital Government,V0034,Supplier 034,Construction Services,Invitational,PO-53316,454.5,Yes,Corporate Card,False,False,False,False,False,False,False,False,0,Routine,False,No predefined exception
PAY-000094,INV-398254,2026-01-26,2025-26,2026-01,Justice & Public Safety,V0020,Supplier 020,Training,Open Competition,PO-63077,2724.32,Yes,Cheque,False,False,False,False,False,False,False,False,0,Routine,False,No predefined exception
PAY-002041,INV-897866,2026-01-26,2025-26,2026-01,Municipal Services,V0077,Supplier 077,Construction Services,Open Competition,PO-38853,1425.45,Yes,EFT,False,False,False,False,False,False,False,False,0,Routine,False,No predefined exception
PAY-000625,INV-784050,2026-01-26,2025-26,2026-01,Education,V0043,Supplier 043,IT Hardware,Open Competition,,1222.74,Yes,EFT,False,False,True,False,False,False,False,False,1,Routine,False,Missing purchase order
PAY-001875,INV-957617,2026-01-26,2025-26,2026-01,Transportation & Infrastructure,V0055,Supplier 055,Construction Services,Open Competition,PO-75796,2088.73,Yes,EFT,False,False,False,False,False,False,False,False,0,Routine,False,No predefined exception
PAY-000858,INV-538988,2026-01-26,2025-26,2026-01,Natural Resources,V0053,Supplier 053,Software & Licensing,Invitational,PO-27564,1687.37,Yes,Cheque,False,False,False,False,False,False,False,False,0,Routine,False,No predefined exception
PAY-001616,INV-880237,2026-01-26,2025-26,2026-01,Digital Government,V0002,Supplier 002,Equipment,Invitational,PO-33631,1761.89,Yes,EFT,False,False,False,False,False,False,False,False,0,Routine,False,No predefined exception
PAY-001803,INV-274001,2026-01-26,2025-26,2026-01,Digital Government,V0069,Supplier 069,Training,Invitational,PO-36104,3875.85,Yes,EFT,False,False,False,False,False,False,False,False,0,Routine,False,No predefined exception
PAY-001273,INV-641770,2026-01-27,2025-26,2026-01,Education,V0003,Supplier 003,Office Supplies,Open Competition,PO-67684,17712.76,Yes,EFT,False,False,False,False,True,False,False,False,2,Moderate,True,Statistical amount outlier
PAY-001537,INV-476295,2026-01-27,2025-26,2026-01,Natural Resources,V0060,Supplier 060,Office Supplies,Open Competition,PO-42400,1045.04,Yes,EFT,False,False,False,False,False,False,False,False,0,Routine,False,No predefined exception
PAY-002069,INV-127472,2026-01-27,2025-26,2026-01,Education,V0067,Supplier 067,Transportation Services,Open Competition,PO-98708,3113.34,Yes,EFT,False,False,False,False,False,False,False,False,0,Routine,False,No predefined exception
PAY-002259,INV-376923,2026-01-27,2025-26,2026-01,Natural Resources,V0067,Supplier 067,Training,Open Competition,,3492.15,Yes,EFT,False,False,True,False,False,False,False,False,1,Routine,False,Missing purchase order
PAY-002144,INV-512774,2026-01-27,2025-26,2026-01,Municipal Services,V0065,Supplier 065,Professional Services,Standing Offer,PO-14406,7126.26,Yes,EFT,False,False,False,False,False,False,False,False,0,Routine,False,No predefined exception
PAY-000341,INV-988559,2026-01-27,2025-26,2026-01,Municipal Services,V0023,Supplier 023,Office Supplies,Open Competition,PO-97521,5180.89,Yes,EFT,False,False,False,False,False,False,False,False,0,Routine,False,No predefined exception
PAY-001505,INV-958809,2026-01-27,2025-26,2026-01,Transportation & Infrastructure,V0015,Supplier 015,Transportation Services,Open Competition,PO-21467,774.33,Yes,Cheque,False,False,False,False,False,False,False,False,0,Routine,False,No predefined exception
PAY-001159,INV-776341,2026-01-27,2025-26,2026-01,Justice & Public Safety,V0053,Supplier 053,Transportation Services,Standing Offer,PO-23796,3789.82,Yes,EFT,False,False,False,False,False,False,False,False,0,Routine,False,No predefined exception
PAY-000521,INV-140633,2026-01-27,2025-26,2026-01,Health Services,V0063,Supplier 063,Training,Open Competition,PO-63448,4039.12,Yes,EFT,False,False,False,False,False,False,False,False,0,Routine,False,No predefined exception
PAY-001133,INV-548096,2026-01-27,2025-26,2026-01,Transportation & Infrastructure,V0074,Supplier 074,Training,Open Competition,PO-27678,7890.23,Yes,Cheque,False,False,False,False,False,False,False,False,0,Routine,False,No predefined exception
PAY-001099,INV-354957,2026-01-28,2025-26,2026-01,Education,V0072,Supplier 072,Building Maintenance,Standing Offer,PO-53562,2812.07,Yes,EFT,False,False,False,False,False,False,False,False,0,Routine,False,No predefined exception
PAY-000714,INV-396956,2026-01-28,2025-26,2026-01,Natural Resources,V0007,Supplier 007,Professional Services,Open Competition,PO-58630,2623.06,Yes,EFT,False,False,False,False,False,False,False,False,0,Routine,False,No predefined exception
PAY-001131,INV-628839,2026-01-28,2025-26,2026-01,Health Services,V0028,Supplier 028,Training,Open Competition,PO-89023,2751.07,Yes,Cheque,False,False,False,False,False,False,False,False,0,Routine,False,No predefined exception
PAY-000662,INV-403806,2026-01-28,2025-26,2026-01,Justice & Public Safety,V0077,Supplier 077,Software & Licensing,Standing Offer,PO-49651,1558.16,Yes,Corporate Card,False,False,False,False,False,False,False,False,0,Routine,False,No predefined exception
PAY-001742,INV-548934,2026-01-28,2025-26,2026-01,Justice & Public Safety,V0028,Supplier 028,Software & Licensing,Invitational,PO-18513,1438.95,Yes,EFT,False,False,False,False,False,False,False,False,0,Routine,False,No predefined exception
PAY-001971,INV-764467,2026-01-28,2025-26,2026-01,Transportation & Infrastructure,V0005,Supplier 005,IT Hardware,Open Competition,PO-21305,4668.57,Yes,EFT,False,False,False,False,False,False,False,False,0,Routine,False,No predefined exception
PAY-002312,INV-390655,2026-01-28,2025-26,2026-01,Education,V0007,Supplier 007,Equipment,Sole Source,PO-13941,1370.26,Yes,EFT,False,False,False,False,False,False,False,False,0,Routine,False,No predefined exception
PAY-001433,INV-682092,2026-01-28,2025-26,2026-01,Municipal Services,V0034,Supplier 034,Software & Licensing,Sole Source,PO-16494,7147.49,Yes,EFT,False,False,False,False,False,False,False,False,0,Routine,False,No predefined exception
PAY-000882,INV-723756,2026-01-28,2025-26,2026-01,Justice & Public Safety,V0015,Supplier 015,Construction Services,Open Competition,PO-87692,1021.3,Yes,EFT,False,False,False,False,False,False,False,False,0,Routine,False,No predefined exception
PAY-000781,INV-722995,2026-01-28,2025-26,2026-01,Health Services,V0007,Supplier 007,Software & Licensing,Open Competition,,2542.8,Yes,Corporate Card,False,False,True,False,False,False,False,False,1,Routine,False,Missing purchase order
PAY-001291,INV-247631,2026-01-28,2025-26,2026-01,Justice & Public Safety,V0079,Supplier 079,Training,Invitational,PO-37475,8989.52,Yes,EFT,False,False,False,False,False,False,False,False,0,Routine,False,No predefined exception
PAY-002064,INV-493056,2026-01-28,2025-26,2026-01,Transportation & Infrastructure,V0015,Supplier 015,Transportation Services,Open Competition,PO-46469,3351.64,Yes,EFT,False,False,False,False,False,False,False,False,0,Routine,False,No predefined exception
PAY-002149,INV-336836,2026-01-28,2025-26,2026-01,Municipal Services,V0047,Supplier 047,Professional Services,Sole Source,,900.06,Yes,EFT,False,False,True,False,False,False,False,False,1,Routine,False,Missing purchase order
PAY-000324,INV-105636,2026-01-29,2025-26,2026-01,Health Services,V0050,Supplier 050,Training,Open Competition,PO-99779,2850.17,Yes,EFT,False,False,False,False,False,False,False,False,0,Routine,False,No predefined exception
PAY-002136,INV-631930,2026-01-29,2025-26,2026-01,Transportation & Infrastructure,V0040,Supplier 040,Professional Services,Open Competition,PO-28953,1906.11,Yes,EFT,False,False,False,False,False,False,False,False,0,Routine,False,No predefined exception
PAY-001639,INV-533048,2026-01-29,2025-26,2026-01,Education,V0060,Supplier 060,Construction Services,Open Competition,PO-62418,3127.64,Yes,Cheque,False,False,False,False,False,False,False,False,0,Routine,False,No predefined exception
PAY-000265,INV-882119,2026-01-29,2025-26,2026-01,Justice & Public Safety,V0052,Supplier 052,Construction Services,Open Competition,PO-84189,777.06,Yes,EFT,False,False,False,False,False,False,False,False,0,Routine,False,No predefined exception
PAY-000274,INV-305753,2026-01-29,2025-26,2026-01,Health Services,V0016,Supplier 016,IT Hardware,Open Competition,PO-80529,3577.91,Yes,EFT,False,False,False,False,False,False,False,False,0,Routine,False,No predefined exception
PAY-000076,INV-869042,2026-01-29,2025-26,2026-01,Transportation & Infrastructure,V0047,Supplier 047,Transportation Services,Standing Offer,PO-79401,4783.55,Yes,EFT,False,False,False,False,False,False,False,False,0,Routine,False,No predefined exception
PAY-000302,INV-215819,2026-01-29,2025-26,2026-01,Natural Resources,V0022,Supplier 022,IT Hardware,Invitational,PO-62340,1494.84,Yes,EFT,False,False,False,False,False,False,False,False,0,Routine,False,No predefined exception
PAY-002129,INV-722215,2026-01-29,2025-26,2026-01,Education,V0008,Supplier 008,Training,Sole Source,PO-59914,3644.4,Yes,EFT,False,False,False,False,False,False,False,False,0,Routine,False,No predefined exception
PAY-002076,INV-464939,2026-01-29,2025-26,2026-01,Transportation & Infrastructure,V0075,Supplier 075,Equipment,Sole Source,PO-83111,6501.93,Yes,Cheque,False,False,False,False,False,False,False,False,0,Routine,False,No predefined exception
PAY-001224,INV-197382,2026-01-30,2025-26,2026-01,Justice & Public Safety,V0061,Supplier 061,IT Hardware,Invitational,PO-19271,7939.48,Yes,EFT,False,False,False,False,False,False,False,False,0,Routine,False,No predefined exception
PAY-001906,INV-953415,2026-01-30,2025-26,2026-01,Municipal Services,V0079,Supplier 079,Equipment,Open Competition,PO-84767,975.86,Yes,Cheque,False,False,False,False,False,False,False,False,0,Routine,False,No predefined exception
PAY-002116,INV-607553,2026-01-30,2025-26,2026-01,Digital Government,V0047,Supplier 047,IT Hardware,Open Competition,PO-49347,940.95,Yes,EFT,False,False,False,False,False,False,False,False,0,Routine,False,No predefined exception
PAY-001997,INV-987937,2026-01-30,2025-26,2026-01,Transportation & Infrastructure,V0036,Supplier 036,Training,Open Competition,PO-22031,3099.17,Yes,EFT,False,False,False,False,False,False,False,False,0,Routine,False,No predefined exception
PAY-001528,INV-924187,2026-01-30,2025-26,2026-01,Health Services,V0079,Supplier 079,Construction Services,Open Competition,PO-40084,1500.73,Yes,EFT,False,False,False,False,False,False,False,False,0,Routine,False,No predefined exception
PAY-001840,INV-784547,2026-01-30,2025-26,2026-01,Natural Resources,V0016,Supplier 016,Building Maintenance,Open Competition,PO-66316,2877.09,Yes,EFT,False,False,False,False,False,False,False,False,0,Routine,False,No predefined exception
PAY-001021,INV-307397,2026-01-30,2025-26,2026-01,Justice & Public Safety,V0067,Supplier 067,Professional Services,Open Competition,PO-26371,4100.41,Yes,EFT,False,False,False,False,False,False,False,False,0,Routine,False,No predefined exception
PAY-000675,INV-131556,2026-01-30,2025-26,2026-01,Digital Government,V0024,Supplier 024,IT Hardware,Open Competition,PO-23767,3082.81,Yes,EFT,False,False,False,False,False,False,False,False,0,Routine,False,No predefined exception
PAY-001428,INV-516313,2026-01-30,2025-26,2026-01,Health Services,V0037,Supplier 037,Equipment,Open Competition,PO-75254,2684.51,Yes,EFT,False,False,False,False,False,False,False,False,0,Routine,False,No predefined exception
PAY-000405,INV-974802,2026-01-30,2025-26,2026-01,Health Services,V0026,Supplier 026,Software & Licensing,Open Competition,PO-42286,290.99,Yes,EFT,False,False,False,False,False,False,False,False,0,Routine,False,No predefined exception
PAY-000378,INV-250259,2026-01-31,2025-26,2026-01,Transportation & Infrastructure,V0051,Supplier 051,Software & Licensing,Open Competition,PO-97142,1753.21,Yes,EFT,False,False,False,False,False,False,False,False,0,Routine,False,No predefined exception
PAY-001706,INV-442873,2026-01-31,2025-26,2026-01,Education,V0035,Supplier 035,Office Supplies,Sole Source,PO-57178,1755.22,Yes,EFT,False,False,False,False,False,False,False,False,0,Routine,False,No predefined exception
PAY-000792,INV-612177,2026-01-31,2025-26,2026-01,Transportation & Infrastructure,V0076,Supplier 076,Professional Services,Open Competition,PO-87243,1357.37,Yes,EFT,False,False,False,False,False,False,False,False,0,Routine,False,No predefined exception
PAY-002030,INV-258571,2026-01-31,2025-26,2026-01,Transportation & Infrastructure,V0080,Supplier 080,Construction Services,Open Competition,PO-48554,647.86,Yes,EFT,False,False,False,False,False,False,False,False,0,Routine,False,No predefined exception
PAY-000772,INV-398451,2026-01-31,2025-26,2026-01,Justice & Public Safety,V0007,Supplier 007,Transportation Services,Sole Source,PO-61055,5717.98,Yes,EFT,False,False,False,False,False,False,False,False,0,Routine,False,No predefined exception
PAY-001888,INV-664931,2026-02-01,2025-26,2026-02,Education,V0039,Supplier 039,IT Hardware,Invitational,PO-10084,6158.0,Yes,EFT,False,False,False,False,False,False,False,False,0,Routine,False,No predefined exception
PAY-000187,INV-797789,2026-02-01,2025-26,2026-02,Municipal Services,V0003,Supplier 003,Training,Standing Offer,PO-90653,1199.73,Yes,EFT,False,False,False,False,False,False,False,False,0,Routine,False,No predefined exception
PAY-000043,INV-663329,2026-02-01,2025-26,2026-02,Natural Resources,V0052,Supplier 052,Equipment,Standing Offer,PO-69251,5003.38,Yes,Corporate Card,False,False,False,False,False,False,False,False,0,Routine,False,No predefined exception
PAY-001372,INV-547875,2026-02-01,2025-26,2026-02,Municipal Services,V0024,Supplier 024,Building Maintenance,Standing Offer,PO-37366,2247.25,Yes,EFT,False,False,False,False,False,False,False,False,0,Routine,False,No predefined exception
PAY-000425,INV-119403,2026-02-02,2025-26,2026-02,Health Services,V0031,Supplier 031,IT Hardware,Open Competition,PO-95441,4398.85,Yes,EFT,False,False,False,False,False,False,False,False,0,Routine,False,No predefined exception
PAY-002459,INV-893327,2026-02-02,2025-26,2026-02,Education,V0025,Supplier 025,Equipment,Standing Offer,PO-16278,10875.15,No,EFT,False,False,False,False,True,False,False,True,5,Higher,True,Statistical amount outlier; Approval exception
PAY-002496,INV-671224,2026-02-02,2025-26,2026-02,Health Services,V0057,Supplier 057,Software & Licensing,Open Competition,PO-40398,8770.97,Yes,EFT,False,False,False,False,False,False,False,False,0,Routine,False,No predefined exception
PAY-000248,INV-533917,2026-02-02,2025-26,2026-02,Municipal Services,V0076,Supplier 076,Construction Services,Invitational,,608.68,Yes,EFT,False,False,True,False,False,False,False,False,1,Routine,False,Missing purchase order
PAY-002042,INV-158382,2026-02-02,2025-26,2026-02,Natural Resources,V0048,Supplier 048,Professional Services,Standing Offer,PO-83332,1679.07,Yes,EFT,False,False,False,False,False,False,False,False,0,Routine,False,No predefined exception
PAY-000798,INV-393313,2026-02-02,2025-26,2026-02,Health Services,V0034,Supplier 034,Building Maintenance,Standing Offer,PO-42668,1991.32,Yes,EFT,False,False,False,False,False,False,False,False,0,Routine,False,No predefined exception
PAY-002457,INV-711709,2026-02-02,2025-26,2026-02,Municipal Services,V0071,Supplier 071,IT Hardware,Open Competition,PO-48281,1138.99,Yes,EFT,False,False,False,False,False,False,False,False,0,Routine,False,No predefined exception
PAY-001764,INV-910238,2026-02-03,2025-26,2026-02,Justice & Public Safety,V0011,Supplier 011,Transportation Services,Standing Offer,PO-94412,6180.08,Yes,EFT,False,False,False,False,False,False,False,False,0,Routine,False,No predefined exception
PAY-001069,INV-467658,2026-02-03,2025-26,2026-02,Municipal Services,V0076,Supplier 076,Transportation Services,Sole Source,PO-38481,3093.74,Yes,EFT,False,False,False,False,False,False,False,False,0,Routine,False,No predefined exception
PAY-001885,INV-848065,2026-02-03,2025-26,2026-02,Transportation & Infrastructure,V0049,Supplier 049,IT Hardware,Open Competition,PO-22016,955.0,Yes,EFT,False,False,False,False,False,False,False,False,0,Routine,False,No predefined exception
PAY-000018,INV-210489,2026-02-03,2025-26,2026-02,Health Services,V0040,Supplier 040,Building Maintenance,Invitational,PO-31340,1746.96,Yes,Cheque,False,False,False,False,False,False,False,False,0,Routine,False,No predefined exception
PAY-001169,INV-805359,2026-02-03,2025-26,2026-02,Digital Government,V0053,Supplier 053,Professional Services,Open Competition,PO-91777,5364.52,Yes,EFT,False,False,False,False,False,False,False,False,0,Routine,False,No predefined exception
PAY-001362,INV-972377,2026-02-03,2025-26,2026-02,Health Services,V0022,Supplier 022,Training,Open Competition,PO-82740,2887.19,Yes,Corporate Card,False,False,False,False,False,False,False,False,0,Routine,False,No predefined exception
PAY-001552,INV-131826,2026-02-04,2025-26,2026-02,Health Services,V0028,Supplier 028,IT Hardware,Standing Offer,PO-63720,1210.7,Yes,EFT,False,False,False,False,False,False,False,False,0,Routine,False,No predefined exception
PAY-002404,INV-225342,2026-02-04,2025-26,2026-02,Education,V0072,Supplier 072,Equipment,Open Competition,PO-29359,1267.81,Yes,EFT,False,False,False,False,False,False,False,False,0,Routine,False,No predefined exception
PAY-002193,INV-989234,2026-02-04,2025-26,2026-02,Municipal Services,V0008,Supplier 008,Professional Services,Invitational,PO-25577,4000.47,Yes,EFT,False,False,False,False,False,False,False,False,0,Routine,False,No predefined exception
PAY-002396,INV-416790,2026-02-04,2025-26,2026-02,Education,V0075,Supplier 075,Building Maintenance,Standing Offer,PO-17728,990.01,Yes,Corporate Card,False,False,False,False,False,False,False,False,0,Routine,False,No predefined exception
PAY-001369,INV-801562,2026-02-04,2025-26,2026-02,Justice & Public Safety,V0028,Supplier 028,Professional Services,Open Competition,PO-80442,2008.49,Yes,EFT,False,False,False,False,False,False,False,False,0,Routine,False,No predefined exception
PAY-000068,INV-613269,2026-02-04,2025-26,2026-02,Digital Government,V0035,Supplier 035,IT Hardware,Open Competition,PO-11690,538.96,Yes,EFT,False,False,False,False,False,False,False,False,0,Routine,False,No predefined exception
PAY-002106,INV-247776,2026-02-04,2025-26,2026-02,Municipal Services,V0067,Supplier 067,Construction Services,Sole Source,PO-71196,870.58,Yes,EFT,False,False,False,False,False,False,False,False,0,Routine,False,No predefined exception
PAY-001816,INV-376735,2026-02-04,2025-26,2026-02,Municipal Services,V0026,Supplier 026,Training,Open Competition,PO-79344,3706.09,Yes,EFT,False,False,False,False,False,False,False,False,0,Routine,False,No predefined exception
PAY-000294,INV-159164,2026-02-04,2025-26,2026-02,Education,V0080,Supplier 080,Transportation Services,Open Competition,PO-27674,5545.28,Yes,EFT,False,False,False,False,False,False,False,False,0,Routine,False,No predefined exception
PAY-001387,INV-486480,2026-02-04,2025-26,2026-02,Natural Resources,V0022,Supplier 022,Office Supplies,Open Competition,PO-56618,7984.15,Yes,EFT,False,False,False,False,False,False,False,False,0,Routine,False,No predefined exception
PAY-000424,INV-612214,2026-02-05,2025-26,2026-02,Education,V0010,Supplier 010,Equipment,Invitational,PO-67428,960.92,Yes,EFT,False,False,False,False,False,False,False,False,0,Routine,False,No predefined exception
PAY-002362,INV-199083,2026-02-05,2025-26,2026-02,Education,V0038,Supplier 038,Office Supplies,Open Competition,PO-16897,2117.19,Yes,EFT,False,False,False,False,False,False,False,False,0,Routine,False,No predefined exception
PAY-002057,INV-878760,2026-02-05,2025-26,2026-02,Natural Resources,V0039,Supplier 039,Training,Open Competition,PO-22135,5857.09,Yes,EFT,False,False,False,False,False,False,False,False,0,Routine,False,No predefined exception
PAY-001432,INV-123525,2026-02-05,2025-26,2026-02,Health Services,V0079,Supplier 079,Software & Licensing,Standing Offer,PO-23302,1868.93,Yes,EFT,False,False,False,False,False,False,False,False,0,Routine,False,No predefined exception
PAY-001277,INV-665544,2026-02-05,2025-26,2026-02,Digital Government,V0035,Supplier 035,Professional Services,Open Competition,PO-99091,1717.23,Yes,EFT,False,False,False,False,False,False,False,False,0,Routine,False,No predefined exception
PAY-001493,INV-985621,2026-02-05,2025-26,2026-02,Natural Resources,V0010,Supplier 010,Office Supplies,Open Competition,PO-67167,826.29,Yes,Cheque,False,False,False,False,False,False,False,False,0,Routine,False,No predefined exception
PAY-002313,INV-172782,2026-02-05,2025-26,2026-02,Digital Government,V0052,Supplier 052,Software & Licensing,Sole Source,PO-51617,4469.24,Yes,EFT,False,False,False,False,False,False,False,False,0,Routine,False,No predefined exception
PAY-000741,INV-745649,2026-02-05,2025-26,2026-02,Digital Government,V0007,Supplier 007,Professional Services,Sole Source,PO-75385,9921.56,Yes,EFT,False,False,False,True,True,False,False,False,4,Higher,True,Near hypothetical threshold; Statistical amount outlier
PAY-002000,INV-814995,2026-02-06,2025-26,2026-02,Justice & Public Safety,V0022,Supplier 022,Construction Services,Open Competition,PO-75266,5884.06,Yes,EFT,False,False,False,False,False,False,False,False,0,Routine,False,No predefined exception
PAY-000653,INV-203920,2026-02-06,2025-26,2026-02,Justice & Public Safety,V0079,Supplier 079,Construction Services,Open Competition,PO-59178,1079.18,Yes,Cheque,False,False,False,False,False,False,False,False,0,Routine,False,No predefined exception
PAY-000716,INV-413045,2026-02-06,2025-26,2026-02,Natural Resources,V0007,Supplier 007,Software & Licensing,Open Competition,PO-50252,2412.94,Yes,EFT,False,False,False,False,False,False,False,False,0,Routine,False,No predefined exception
PAY-001394,INV-524632,2026-02-06,2025-26,2026-02,Digital Government,V0020,Supplier 020,IT Hardware,Open Competition,PO-49442,2593.72,Yes,EFT,False,False,False,False,False,False,False,False,0,Routine,False,No predefined exception
PAY-002187,INV-354870,2026-02-06,2025-26,2026-02,Education,V0079,Supplier 079,Professional Services,Open Competition,PO-25362,2967.62,Yes,EFT,False,False,False,False,False,False,False,False,0,Routine,False,No predefined exception
PAY-001895,INV-779129,2026-02-06,2025-26,2026-02,Municipal Services,V0066,Supplier 066,Office Supplies,Standing Offer,PO-48921,5744.46,Yes,EFT,False,False,False,False,False,False,False,False,0,Routine,False,No predefined exception
PAY-000894,INV-141025,2026-02-06,2025-26,2026-02,Health Services,V0007,Supplier 007,Office Supplies,Sole Source,PO-34610,2491.68,Yes,EFT,False,False,False,False,False,False,False,False,0,Routine,False,No predefined exception
PAY-001354,INV-826989,2026-02-07,2025-26,2026-02,Transportation & Infrastructure,V0008,Supplier 008,Transportation Services,Open Competition,PO-47309,926.83,Yes,EFT,False,False,False,False,False,False,False,False,0,Routine,False,No predefined exception
PAY-001253,INV-804463,2026-02-07,2025-26,2026-02,Transportation & Infrastructure,V0013,Supplier 013,Professional Services,Open Competition,PO-23587,3888.37,No,EFT,False,False,False,False,False,False,False,True,3,Moderate,True,Approval exception
PAY-000778,INV-832318,2026-02-07,2025-26,2026-02,Justice & Public Safety,V0007,Supplier 007,Building Maintenance,Standing Offer,PO-82178,8718.73,Yes,EFT,False,False,False,False,False,False,False,False,0,Routine,False,No predefined exception
PAY-001164,INV-281062,2026-02-07,2025-26,2026-02,Justice & Public Safety,V0014,Supplier 014,Software & Licensing,Open Competition,PO-89543,8792.44,Yes,EFT,False,False,False,False,False,False,False,False,0,Routine,False,No predefined exception
PAY-000381,INV-706306,2026-02-07,2025-26,2026-02,Health Services,V0048,Supplier 048,Equipment,Standing Offer,PO-94502,1622.42,Yes,Cheque,False,False,False,False,False,False,False,False,0,Routine,False,No predefined exception
PAY-001557,INV-440134,2026-02-07,2025-26,2026-02,Municipal Services,V0080,Supplier 080,Training,Standing Offer,PO-43307,2503.41,Yes,EFT,False,False,False,False,False,False,False,False,0,Routine,False,No predefined exception
PAY-001989,INV-129086,2026-02-07,2025-26,2026-02,Natural Resources,V0013,Supplier 013,Transportation Services,Open Competition,PO-98215,972.19,Yes,EFT,False,False,False,False,False,False,False,False,0,Routine,False,No predefined exception
PAY-001172,INV-598095,2026-02-07,2025-26,2026-02,Education,V0047,Supplier 047,Building Maintenance,Open Competition,PO-43390,6204.46,Yes,EFT,False,False,False,False,False,False,False,False,0,Routine,False,No predefined exception
PAY-001655,INV-334955,2026-02-08,2025-26,2026-02,Natural Resources,V0048,Supplier 048,Transportation Services,Standing Offer,PO-33885,2402.36,Yes,Cheque,False,False,False,False,False,False,False,False,0,Routine,False,No predefined exception
PAY-001863,INV-462681,2026-02-08,2025-26,2026-02,Health Services,V0056,Supplier 056,Office Supplies,Standing Offer,PO-18292,3792.99,Yes,EFT,False,False,False,False,False,False,False,False,0,Routine,False,No predefined exception
PAY-000402,INV-871271,2026-02-08,2025-26,2026-02,Transportation & Infrastructure,V0068,Supplier 068,Building Maintenance,Open Competition,PO-76935,2447.81,Yes,EFT,False,False,False,False,False,False,False,False,0,Routine,False,No predefined exception
PAY-000025,INV-125739,2026-02-08,2025-26,2026-02,Municipal Services,V0044,Supplier 044,Office Supplies,Open Competition,PO-50459,1989.1,Yes,EFT,False,False,False,False,False,False,False,False,0,Routine,False,No predefined exception
PAY-002483,INV-352515,2026-02-08,2025-26,2026-02,Natural Resources,V0064,Supplier 064,Software & Licensing,Standing Offer,PO-19827,2416.28,Yes,EFT,False,False,False,False,False,False,False,False,0,Routine,False,No predefined exception
PAY-000534,INV-823953,2026-02-08,2025-26,2026-02,Municipal Services,V0073,Supplier 073,Training,Sole Source,PO-41536,371.22,No,EFT,False,False,False,False,False,False,False,True,3,Moderate,True,Approval exception
PAY-000191,INV-894865,2026-02-09,2025-26,2026-02,Natural Resources,V0025,Supplier 025,Equipment,Open Competition,PO-87364,722.93,Yes,Corporate Card,False,False,False,False,False,False,False,False,0,Routine,False,No predefined exception
PAY-001467,INV-266562,2026-02-09,2025-26,2026-02,Health Services,V0019,Supplier 019,Equipment,Open Competition,PO-13819,1837.3,Yes,EFT,False,False,False,False,False,False,False,False,0,Routine,False,No predefined exception
PAY-000735,INV-981809,2026-02-09,2025-26,2026-02,Justice & Public Safety,V0007,Supplier 007,Professional Services,Open Competition,PO-94343,2664.11,Yes,EFT,False,False,False,False,False,False,False,False,0,Routine,False,No predefined exception
PAY-001774,INV-961864,2026-02-10,2025-26,2026-02,Justice & Public Safety,V0007,Supplier 007,Professional Services,Open Competition,PO-15974,3004.1,Yes,EFT,False,False,False,False,False,False,False,False,0,Routine,False,No predefined exception
PAY-002366,INV-847365,2026-02-10,2025-26,2026-02,Justice & Public Safety,V0080,Supplier 080,Building Maintenance,Invitational,PO-39483,2473.68,Yes,EFT,False,False,False,False,False,False,False,False,0,Routine,False,No predefined exception
PAY-001954,INV-234585,2026-02-10,2025-26,2026-02,Health Services,V0006,Supplier 006,Software & Licensing,Open Competition,PO-70109,3130.59,Yes,Cheque,False,False,False,False,False,False,False,False,0,Routine,False,No predefined exception
PAY-001040,INV-631458,2026-02-10,2025-26,2026-02,Digital Government,V0019,Supplier 019,Building Maintenance,Open Competition,,8857.91,Yes,Corporate Card,False,False,True,False,False,False,False,False,1,Routine,False,Missing purchase order
PAY-000050,INV-882119,2026-02-10,2025-26,2026-02,Transportation & Infrastructure,V0017,Supplier 017,Construction Services,Open Competition,PO-67148,2157.01,Yes,EFT,False,False,False,False,False,False,False,False,0,Routine,False,No predefined exception
PAY-002280,INV-991255,2026-02-10,2025-26,2026-02,Transportation & Infrastructure,V0027,Supplier 027,Professional Services,Open Competition,,913.81,Yes,EFT,False,False,True,False,False,False,False,False,1,Routine,False,Missing purchase order
PAY-001610,INV-860649,2026-02-10,2025-26,2026-02,Municipal Services,V0069,Supplier 069,IT Hardware,Open Competition,PO-51026,2611.62,Yes,Cheque,False,False,False,False,False,False,False,False,0,Routine,False,No predefined exception
PAY-000695,INV-151012,2026-02-10,2025-26,2026-02,Digital Government,V0038,Supplier 038,Software & Licensing,Open Competition,PO-40796,2565.77,Yes,EFT,False,False,False,False,False,False,False,False,0,Routine,False,No predefined exception
PAY-002114,INV-884278,2026-02-10,2025-26,2026-02,Natural Resources,V0040,Supplier 040,Professional Services,Sole Source,PO-76436,781.9,Yes,EFT,False,False,False,False,False,False,False,False,0,Routine,False,No predefined exception
PAY-002423,INV-576492,2026-02-10,2025-26,2026-02,Health Services,V0001,Supplier 001,Training,Sole Source,PO-14876,3486.86,Yes,Cheque,False,False,False,False,False,False,False,False,0,Routine,False,No predefined exception
PAY-001141,INV-937566,2026-02-10,2025-26,2026-02,Education,V0021,Supplier 021,Equipment,Open Competition,PO-81678,14777.41,Yes,EFT,False,False,False,False,True,False,False,False,2,Moderate,True,Statistical amount outlier
PAY-000380,INV-497595,2026-02-10,2025-26,2026-02,Transportation & Infrastructure,V0004,Supplier 004,Professional Services,Invitational,PO-28394,5668.59,Yes,EFT,False,False,False,False,False,False,False,False,0,Routine,False,No predefined exception
PAY-000323,INV-955012,2026-02-11,2025-26,2026-02,Education,V0066,Supplier 066,Construction Services,Standing Offer,PO-34744,1865.1,Yes,EFT,False,False,False,False,False,False,False,False,0,Routine,False,No predefined exception
PAY-000661,INV-586517,2026-02-11,2025-26,2026-02,Municipal Services,V0018,Supplier 018,Office Supplies,Sole Source,PO-60907,14838.26,Yes,Corporate Card,False,False,False,False,True,True,False,False,4,Higher,True,Statistical amount outlier; Higher-value sole-source transaction
PAY-000846,INV-629783,2026-02-11,2025-26,2026-02,Transportation & Infrastructure,V0015,Supplier 015,Professional Services,Standing Offer,PO-45780,1940.36,Yes,EFT,False,False,False,False,False,False,False,False,0,Routine,False,No predefined exception
PAY-000647,INV-124502,2026-02-11,2025-26,2026-02,Health Services,V0071,Supplier 071,Equipment,Standing Offer,PO-74344,3687.83,Yes,EFT,False,False,False,False,False,False,False,False,0,Routine,False,No predefined exception
PAY-001842,INV-424036,2026-02-11,2025-26,2026-02,Health Services,V0005,Supplier 005,Construction Services,Standing Offer,PO-64784,1973.56,Yes,EFT,False,False,False,False,False,False,False,False,0,Routine,False,No predefined exception
PAY-001953,INV-749983,2026-02-12,2025-26,2026-02,Transportation & Infrastructure,V0016,Supplier 016,Office Supplies,Open Competition,PO-22818,1271.45,Yes,EFT,False,False,False,False,False,False,False,False,0,Routine,False,No predefined exception
PAY-000184,INV-708811,2026-02-12,2025-26,2026-02,Education,V0050,Supplier 050,Training,Sole Source,PO-81121,2720.27,Yes,EFT,False,False,False,False,False,False,False,False,0,Routine,False,No predefined exception
PAY-000441,INV-345160,2026-02-12,2025-26,2026-02,Health Services,V0033,Supplier 033,Professional Services,Sole Source,PO-19096,2690.56,Yes,EFT,False,False,False,False,False,False,False,False,0,Routine,False,No predefined exception
PAY-000197,INV-311655,2026-02-12,2025-26,2026-02,Health Services,V0056,Supplier 056,Software & Licensing,Open Competition,PO-86831,894.58,Yes,EFT,False,False,False,False,False,False,False,False,0,Routine,False,No predefined exception
PAY-001023,INV-518779,2026-02-12,2025-26,2026-02,Education,V0029,Supplier 029,Construction Services,Open Competition,PO-63756,2756.61,Yes,EFT,False,False,False,False,False,False,False,False,0,Routine,False,No predefined exception
PAY-001507,INV-618953,2026-02-12,2025-26,2026-02,Transportation & Infrastructure,V0064,Supplier 064,Building Maintenance,Invitational,PO-57711,2445.39,Yes,EFT,False,False,False,False,False,False,False,False,0,Routine,False,No predefined exception
PAY-001435,INV-666134,2026-02-12,2025-26,2026-02,Digital Government,V0017,Supplier 017,Professional Services,Open Competition,PO-80803,388.68,Yes,EFT,False,False,False,False,False,False,False,False,0,Routine,False,No predefined exception
PAY-001857,INV-189876,2026-02-12,2025-26,2026-02,Health Services,V0060,Supplier 060,Building Maintenance,Standing Offer,PO-71731,2057.23,Yes,EFT,False,False,False,False,False,False,False,False,0,Routine,False,No predefined exception
PAY-001220,INV-584353,2026-02-12,2025-26,2026-02,Justice & Public Safety,V0080,Supplier 080,Training,Open Competition,PO-77569,2745.78,Yes,EFT,False,False,False,False,False,False,False,False,0,Routine,False,No predefined exception
PAY-001855,INV-411072,2026-02-12,2025-26,2026-02,Justice & Public Safety,V0057,Supplier 057,IT Hardware,Standing Offer,PO-75446,2376.68,Yes,EFT,False,False,False,False,False,False,False,False,0,Routine,False,No predefined exception
PAY-001618,INV-377749,2026-02-12,2025-26,2026-02,Digital Government,V0042,Supplier 042,IT Hardware,Open Competition,PO-34435,3199.93,Yes,EFT,False,False,False,False,False,False,False,False,0,Routine,False,No predefined exception
PAY-001786,INV-335851,2026-02-13,2025-26,2026-02,Transportation & Infrastructure,V0062,Supplier 062,Equipment,Invitational,PO-15282,381.84,Yes,EFT,False,False,False,False,False,False,False,False,0,Routine,False,No predefined exception
PAY-001237,INV-566690,2026-02-13,2025-26,2026-02,Justice & Public Safety,V0049,Supplier 049,Software & Licensing,Standing Offer,PO-68336,2060.24,Yes,EFT,False,False,False,False,False,False,False,False,0,Routine,False,No predefined exception
PAY-000869,INV-358916,2026-02-13,2025-26,2026-02,Municipal Services,V0052,Supplier 052,Transportation Services,Standing Offer,,3020.6,Yes,EFT,False,False,True,False,False,False,False,False,1,Routine,False,Missing purchase order
PAY-001688,INV-154943,2026-02-13,2025-26,2026-02,Municipal Services,V0015,Supplier 015,Software & Licensing,Sole Source,PO-17461,1254.96,Yes,EFT,False,False,False,False,False,False,False,False,0,Routine,False,No predefined exception
PAY-001536,INV-181171,2026-02-13,2025-26,2026-02,Municipal Services,V0005,Supplier 005,Transportation Services,Invitational,PO-97687,954.43,Yes,EFT,False,False,False,False,False,False,False,False,0,Routine,False,No predefined exception
PAY-001013,INV-398845,2026-02-13,2025-26,2026-02,Transportation & Infrastructure,V0035,Supplier 035,Equipment,Open Competition,PO-81762,4080.72,Yes,EFT,False,False,False,False,False,False,False,False,0,Routine,False,No predefined exception
PAY-001166,INV-556104,2026-02-13,2025-26,2026-02,Digital Government,V0063,Supplier 063,Training,Sole Source,PO-94006,2940.21,No,EFT,False,False,False,False,False,False,False,True,3,Moderate,True,Approval exception
PAY-000434,INV-193246,2026-02-13,2025-26,2026-02,Municipal Services,V0077,Supplier 077,Building Maintenance,Open Competition,PO-20726,2432.88,Yes,EFT,False,False,False,False,False,False,False,False,0,Routine,False,No predefined exception
PAY-000995,INV-132930,2026-02-14,2025-26,2026-02,Health Services,V0048,Supplier 048,Transportation Services,Open Competition,PO-38077,7103.57,Yes,EFT,False,False,False,False,False,False,False,False,0,Routine,False,No predefined exception
PAY-001797,INV-789566,2026-02-14,2025-26,2026-02,Health Services,V0046,Supplier 046,Software & Licensing,Standing Offer,PO-41593,534.38,Yes,EFT,False,False,False,False,False,False,False,False,0,Routine,False,No predefined exception
PAY-001033,INV-944124,2026-02-14,2025-26,2026-02,Justice & Public Safety,V0066,Supplier 066,Transportation Services,Open Competition,PO-61996,2073.5,Yes,EFT,False,False,False,False,False,False,False,False,0,Routine,False,No predefined exception
PAY-001031,INV-746290,2026-02-14,2025-26,2026-02,Health Services,V0004,Supplier 004,Transportation Services,Standing Offer,PO-82053,5434.69,Yes,EFT,False,False,False,False,False,False,False,False,0,Routine,False,No predefined exception
PAY-000041,INV-892879,2026-02-14,2025-26,2026-02,Transportation & Infrastructure,V0066,Supplier 066,Construction Services,Open Competition,PO-70445,1061.91,Yes,EFT,False,False,False,False,False,False,False,False,0,Routine,False,No predefined exception
PAY-002247,INV-743784,2026-02-14,2025-26,2026-02,Health Services,V0053,Supplier 053,Training,Invitational,PO-35483,1581.83,Yes,EFT,False,False,False,False,False,False,False,False,0,Routine,False,No predefined exception
PAY-001752,INV-993544,2026-02-14,2025-26,2026-02,Municipal Services,V0029,Supplier 029,Office Supplies,Open Competition,PO-67175,10577.32,Yes,EFT,False,False,False,False,True,False,False,False,2,Moderate,True,Statistical amount outlier
PAY-001252,INV-593027,2026-02-15,2025-26,2026-02,Education,V0049,Supplier 049,IT Hardware,Standing Offer,PO-47871,2156.67,No,EFT,False,False,False,False,False,False,False,True,3,Moderate,True,Approval exception
PAY-002401,INV-145712,2026-02-15,2025-26,2026-02,Municipal Services,V0053,Supplier 053,Transportation Services,Standing Offer,PO-84577,4347.89,Yes,EFT,False,False,False,False,False,False,False,False,0,Routine,False,No predefined exception
PAY-001012,INV-458234,2026-02-15,2025-26,2026-02,Digital Government,V0066,Supplier 066,IT Hardware,Open Competition,PO-69767,2337.73,Yes,EFT,False,False,False,False,False,False,False,False,0,Routine,False,No predefined exception
PAY-000385,INV-803713,2026-02-15,2025-26,2026-02,Health Services,V0074,Supplier 074,Construction Services,Invitational,PO-31863,2981.63,Yes,EFT,False,False,False,False,False,False,False,False,0,Routine,False,No predefined exception
PAY-000620,INV-210084,2026-02-15,2025-26,2026-02,Digital Government,V0071,Supplier 071,Building Maintenance,Standing Offer,,10204.25,Yes,EFT,False,False,True,False,True,False,False,False,3,Moderate,True,Missing purchase order; Statistical amount outlier
PAY-002335,INV-654636,2026-02-15,2025-26,2026-02,Health Services,V0044,Supplier 044,Training,Standing Offer,PO-35592,4997.02,Yes,EFT,False,False,False,False,False,False,False,False,0,Routine,False,No predefined exception
PAY-001090,INV-454388,2026-02-16,2025-26,2026-02,Natural Resources,V0044,Supplier 044,Office Supplies,Open Competition,PO-10767,3697.69,Yes,EFT,False,False,False,False,False,False,False,False,0,Routine,False,No predefined exception
PAY-000391,INV-420057,2026-02-16,2025-26,2026-02,Education,V0059,Supplier 059,IT Hardware,Open Competition,PO-33321,1870.57,Yes,EFT,False,False,False,False,False,False,False,False,0,Routine,False,No predefined exception
PAY-000351,INV-742710,2026-02-17,2025-26,2026-02,Transportation & Infrastructure,V0009,Supplier 009,Software & Licensing,Standing Offer,PO-68369,300000.0,Yes,EFT,False,False,False,False,True,False,False,False,2,Moderate,True,Statistical amount outlier
PAY-000358,INV-535686,2026-02-17,2025-26,2026-02,Transportation & Infrastructure,V0005,Supplier 005,Professional Services,Open Competition,PO-69829,175000.0,Yes,Cheque,False,False,False,False,True,False,False,False,2,Moderate,True,Statistical amount outlier
PAY-002357,INV-201735,2026-02-17,2025-26,2026-02,Justice & Public Safety,V0080,Supplier 080,Software & Licensing,Open Competition,PO-42225,1241.54,No,EFT,False,False,False,False,False,False,False,True,3,Moderate,True,Approval exception
PAY-002252,INV-490857,2026-02-17,2025-26,2026-02,Justice & Public Safety,V0048,Supplier 048,Transportation Services,Open Competition,PO-28481,2549.33,Yes,EFT,False,False,False,False,False,False,False,False,0,Routine,False,No predefined exception
PAY-001255,INV-659119,2026-02-17,2025-26,2026-02,Transportation & Infrastructure,V0017,Supplier 017,Software & Licensing,Invitational,PO-32438,1280.19,No,EFT,False,False,False,False,False,False,False,True,3,Moderate,True,Approval exception
PAY-001590,INV-865644,2026-02-17,2025-26,2026-02,Health Services,V0020,Supplier 020,Transportation Services,Open Competition,PO-67883,3313.46,Yes,EFT,False,False,False,False,False,False,False,False,0,Routine,False,No predefined exception
PAY-001622,INV-437547,2026-02-17,2025-26,2026-02,Education,V0068,Supplier 068,Software & Licensing,Open Competition,PO-92641,2675.37,Yes,EFT,False,False,False,False,False,False,False,False,0,Routine,False,No predefined exception
PAY-000512,INV-531739,2026-02-17,2025-26,2026-02,Digital Government,V0057,Supplier 057,IT Hardware,Standing Offer,PO-89395,717.82,Yes,EFT,False,False,False,False,False,False,False,False,0,Routine,False,No predefined exception
PAY-001697,INV-632249,2026-02-18,2025-26,2026-02,Municipal Services,V0054,Supplier 054,Construction Services,Open Competition,PO-11755,302.75,Yes,EFT,False,False,False,False,False,False,False,False,0,Routine,False,No predefined exception
PAY-001522,INV-292180,2026-02-18,2025-26,2026-02,Municipal Services,V0024,Supplier 024,Construction Services,Standing Offer,PO-57377,3612.5,Yes,EFT,False,False,False,False,False,False,False,False,0,Routine,False,No predefined exception
PAY-000222,INV-734649,2026-02-18,2025-26,2026-02,Education,V0052,Supplier 052,Office Supplies,Standing Offer,PO-43158,9900.0,Yes,EFT,False,False,False,True,True,False,False,False,4,Higher,True,Near hypothetical threshold; Statistical amount outlier
PAY-001110,INV-955695,2026-02-18,2025-26,2026-02,Health Services,V0043,Supplier 043,Construction Services,Sole Source,PO-53725,50957.78,No,Corporate Card,False,False,False,False,True,True,False,True,7,Higher,True,Statistical amount outlier; Approval exception; Higher-value sole-source transaction
PAY-002157,INV-671238,2026-02-18,2025-26,2026-02,Digital Government,V0041,Supplier 041,Transportation Services,Standing Offer,PO-76469,1093.08,Yes,EFT,False,False,False,False,False,False,False,False,0,Routine,False,No predefined exception
PAY-002093,INV-930445,2026-02-18,2025-26,2026-02,Municipal Services,V0034,Supplier 034,IT Hardware,Open Competition,,1382.95,Yes,EFT,False,False,True,False,False,False,False,False,1,Routine,False,Missing purchase order
PAY-000984,INV-747999,2026-02-18,2025-26,2026-02,Natural Resources,V0067,Supplier 067,Equipment,Open Competition,PO-58756,7045.04,Yes,EFT,False,False,False,False,False,False,False,False,0,Routine,False,No predefined exception
PAY-001144,INV-194455,2026-02-18,2025-26,2026-02,Education,V0026,Supplier 026,IT Hardware,Sole Source,PO-52882,11404.04,Yes,EFT,False,False,False,False,True,True,False,False,4,Higher,True,Statistical amount outlier; Higher-value sole-source transaction
PAY-002017,INV-963460,2026-02-19,2025-26,2026-02,Municipal Services,V0030,Supplier 030,Training,Invitational,PO-73492,2009.49,Yes,Cheque,False,False,False,False,False,False,False,False,0,Routine,False,No predefined exception
PAY-001951,INV-804397,2026-02-19,2025-26,2026-02,Municipal Services,V0003,Supplier 003,IT Hardware,Open Competition,PO-23144,319.37,No,Corporate Card,False,False,False,False,False,False,False,True,3,Moderate,True,Approval exception
PAY-000229,INV-739207,2026-02-19,2025-26,2026-02,Health Services,V0011,Supplier 011,Equipment,Open Competition,PO-50916,9950.0,Yes,EFT,False,False,False,True,True,False,False,False,4,Higher,True,Near hypothetical threshold; Statistical amount outlier
PAY-000487,INV-453330,2026-02-19,2025-26,2026-02,Education,V0024,Supplier 024,Transportation Services,Open Competition,PO-11042,491.66,Yes,EFT,False,False,False,False,False,False,False,False,0,Routine,False,No predefined exception
PAY-000496,INV-433260,2026-02-19,2025-26,2026-02,Justice & Public Safety,V0037,Supplier 037,Office Supplies,Standing Offer,PO-32188,316.17,Yes,EFT,False,False,False,False,False,False,False,False,0,Routine,False,No predefined exception
PAY-001961,INV-265912,2026-02-20,2025-26,2026-02,Municipal Services,V0049,Supplier 049,Construction Services,Open Competition,PO-57674,1859.31,Yes,EFT,False,False,False,False,False,False,False,False,0,Routine,False,No predefined exception
PAY-002295,INV-927543,2026-02-20,2025-26,2026-02,Health Services,V0024,Supplier 024,Professional Services,Open Competition,PO-81868,319.62,Yes,EFT,False,False,False,False,False,False,False,False,0,Routine,False,No predefined exception
PAY-001337,INV-858673,2026-02-20,2025-26,2026-02,Digital Government,V0037,Supplier 037,IT Hardware,Standing Offer,PO-40611,1598.99,Yes,EFT,False,False,False,False,False,False,False,False,0,Routine,False,No predefined exception
PAY-000238,INV-964785,2026-02-20,2025-26,2026-02,Natural Resources,V0065,Supplier 065,Equipment,Invitational,PO-59835,4392.31,Yes,EFT,False,False,False,False,False,False,False,False,0,Routine,False,No predefined exception
PAY-000848,INV-766627,2026-02-20,2025-26,2026-02,Health Services,V0049,Supplier 049,Building Maintenance,Standing Offer,PO-97175,5640.12,Yes,EFT,False,False,False,False,False,False,False,False,0,Routine,False,No predefined exception
PAY-002143,INV-851943,2026-02-20,2025-26,2026-02,Health Services,V0002,Supplier 002,Equipment,Standing Offer,PO-21964,1036.96,Yes,EFT,False,False,False,False,False,False,False,False,0,Routine,False,No predefined exception
PAY-000982,INV-800146,2026-02-20,2025-26,2026-02,Health Services,V0038,Supplier 038,Building Maintenance,Standing Offer,PO-57818,17779.79,Yes,EFT,False,False,False,False,True,False,False,False,2,Moderate,True,Statistical amount outlier
PAY-001684,INV-616394,2026-02-20,2025-26,2026-02,Justice & Public Safety,V0048,Supplier 048,IT Hardware,Open Competition,PO-23978,4473.52,Yes,EFT,False,False,False,False,False,False,False,False,0,Routine,False,No predefined exception
PAY-000408,INV-118830,2026-02-20,2025-26,2026-02,Justice & Public Safety,V0057,Supplier 057,Software & Licensing,Open Competition,PO-52861,705.24,Yes,EFT,False,False,False,False,False,False,False,False,0,Routine,False,No predefined exception
PAY-001214,INV-982693,2026-02-21,2025-26,2026-02,Transportation & Infrastructure,V0039,Supplier 039,Transportation Services,Standing Offer,PO-72396,1228.98,Yes,EFT,False,False,False,False,False,False,False,False,0,Routine,False,No predefined exception
PAY-000623,INV-441701,2026-02-21,2025-26,2026-02,Natural Resources,V0014,Supplier 014,Training,Open Competition,,3446.81,Yes,EFT,False,False,True,False,False,False,False,False,1,Routine,False,Missing purchase order
PAY-000154,INV-209876,2026-02-21,2025-26,2026-02,Justice & Public Safety,V0053,Supplier 053,Professional Services,Open Competition,PO-66327,1395.57,Yes,EFT,False,False,False,False,False,False,False,False,0,Routine,False,No predefined exception
PAY-000097,INV-515685,2026-02-21,2025-26,2026-02,Municipal Services,V0067,Supplier 067,Building Maintenance,Open Competition,PO-29638,1067.22,Yes,Cheque,False,False,False,False,False,False,False,False,0,Routine,False,No predefined exception
PAY-001257,INV-855664,2026-02-22,2025-26,2026-02,Natural Resources,V0044,Supplier 044,Software & Licensing,Standing Offer,PO-23696,1879.98,No,EFT,False,False,False,False,False,False,False,True,3,Moderate,True,Approval exception
PAY-001466,INV-498635,2026-02-22,2025-26,2026-02,Municipal Services,V0026,Supplier 026,Training,Open Competition,PO-24859,3700.46,Yes,EFT,False,False,False,False,False,False,False,False,0,Routine,False,No predefined exception
PAY-001147,INV-275405,2026-02-22,2025-26,2026-02,Justice & Public Safety,V0001,Supplier 001,Building Maintenance,Open Competition,PO-47206,2227.52,Yes,EFT,False,False,False,False,False,False,False,False,0,Routine,False,No predefined exception
PAY-000113,INV-594829,2026-02-22,2025-26,2026-02,Justice & Public Safety,V0080,Supplier 080,IT Hardware,Standing Offer,PO-29606,5752.63,Yes,EFT,False,False,False,False,False,False,False,False,0,Routine,False,No predefined exception
PAY-001852,INV-459181,2026-02-22,2025-26,2026-02,Justice & Public Safety,V0033,Supplier 033,Transportation Services,Sole Source,PO-57683,3505.42,Yes,EFT,False,False,False,False,False,False,False,False,0,Routine,False,No predefined exception
PAY-002067,INV-283024,2026-02-22,2025-26,2026-02,Natural Resources,V0050,Supplier 050,Transportation Services,Standing Offer,,2483.47,Yes,Cheque,False,False,True,False,False,False,False,False,1,Routine,False,Missing purchase order
PAY-001055,INV-792289,2026-02-22,2025-26,2026-02,Digital Government,V0004,Supplier 004,Office Supplies,Sole Source,PO-49028,4561.37,Yes,EFT,False,False,False,False,False,False,False,False,0,Routine,False,No predefined exception
PAY-001035,INV-923932,2026-02-22,2025-26,2026-02,Justice & Public Safety,V0007,Supplier 007,Construction Services,Sole Source,PO-41976,1791.19,Yes,EFT,False,False,False,False,False,False,False,False,0,Routine,False,No predefined exception
PAY-002128,INV-954295,2026-02-22,2025-26,2026-02,Natural Resources,V0079,Supplier 079,Transportation Services,Standing Offer,PO-26820,894.84,Yes,EFT,False,False,False,False,False,False,False,False,0,Routine,False,No predefined exception
PAY-001605,INV-710961,2026-02-22,2025-26,2026-02,Justice & Public Safety,V0029,Supplier 029,Equipment,Invitational,PO-28217,1780.54,Yes,EFT,False,False,False,False,False,False,False,False,0,Routine,False,No predefined exception
PAY-000046,INV-482650,2026-02-23,2025-26,2026-02,Education,V0006,Supplier 006,IT Hardware,Invitational,PO-74546,1611.74,Yes,EFT,False,False,False,False,False,False,False,False,0,Routine,False,No predefined exception
PAY-001584,INV-560522,2026-02-23,2025-26,2026-02,Health Services,V0038,Supplier 038,Training,Open Competition,PO-81812,3217.52,Yes,EFT,False,False,False,False,False,False,False,False,0,Routine,False,No predefined exception
PAY-002443,INV-889622,2026-02-23,2025-26,2026-02,Justice & Public Safety,V0078,Supplier 078,Software & Licensing,Open Competition,PO-94338,1196.07,Yes,EFT,False,False,False,False,False,False,False,False,0,Routine,False,No predefined exception
PAY-001015,INV-876684,2026-02-23,2025-26,2026-02,Health Services,V0019,Supplier 019,Transportation Services,Standing Offer,PO-66972,7411.53,Yes,EFT,False,False,False,False,False,False,False,False,0,Routine,False,No predefined exception
PAY-001125,INV-212313,2026-02-24,2025-26,2026-02,Transportation & Infrastructure,V0067,Supplier 067,IT Hardware,Standing Offer,PO-93337,1029.11,Yes,EFT,False,False,False,False,False,False,False,False,0,Routine,False,No predefined exception
PAY-001094,INV-348815,2026-02-24,2025-26,2026-02,Digital Government,V0024,Supplier 024,Building Maintenance,Open Competition,PO-71580,1150.33,Yes,EFT,False,False,False,False,False,False,False,False,0,Routine,False,No predefined exception
PAY-001279,INV-208721,2026-02-24,2025-26,2026-02,Health Services,V0076,Supplier 076,Software & Licensing,Invitational,PO-34268,918.76,Yes,EFT,False,False,False,False,False,False,False,False,0,Routine,False,No predefined exception
PAY-002123,INV-307226,2026-02-24,2025-26,2026-02,Education,V0005,Supplier 005,Building Maintenance,Standing Offer,PO-58068,1389.44,Yes,EFT,False,False,False,False,False,False,False,False,0,Routine,False,No predefined exception
PAY-000811,INV-730011,2026-02-24,2025-26,2026-02,Municipal Services,V0006,Supplier 006,Equipment,Open Competition,PO-88701,4723.9,Yes,Cheque,False,False,False,False,False,False,False,False,0,Routine,False,No predefined exception
PAY-001430,INV-455288,2026-02-24,2025-26,2026-02,Transportation & Infrastructure,V0076,Supplier 076,Office Supplies,Standing Offer,PO-60218,5985.4,Yes,EFT,False,False,False,False,False,False,False,False,0,Routine,False,No predefined exception
PAY-000683,INV-648387,2026-02-24,2025-26,2026-02,Health Services,V0069,Supplier 069,Office Supplies,Standing Offer,PO-51334,1649.29,Yes,EFT,False,False,False,False,False,False,False,False,0,Routine,False,No predefined exception
PAY-000515,INV-773078,2026-02-24,2025-26,2026-02,Natural Resources,V0031,Supplier 031,Equipment,Standing Offer,PO-63655,2553.47,Yes,EFT,False,False,False,False,False,False,False,False,0,Routine,False,No predefined exception
PAY-001554,INV-812625,2026-02-24,2025-26,2026-02,Digital Government,V0042,Supplier 042,Office Supplies,Open Competition,PO-99036,894.69,Yes,EFT,False,False,False,False,False,False,False,False,0,Routine,False,No predefined exception
PAY-000011,INV-415929,2026-02-25,2025-26,2026-02,Natural Resources,V0045,Supplier 045,Professional Services,Invitational,PO-97770,2049.82,Yes,Cheque,False,False,False,False,False,False,False,False,0,Routine,False,No predefined exception
PAY-000598,INV-595395,2026-02-25,2025-26,2026-02,Digital Government,V0040,Supplier 040,Professional Services,Standing Offer,PO-89880,6312.93,Yes,EFT,False,False,False,False,False,False,False,False,0,Routine,False,No predefined exception
PAY-002103,INV-103285,2026-02-25,2025-26,2026-02,Municipal Services,V0078,Supplier 078,IT Hardware,Open Competition,PO-13750,911.98,Yes,Cheque,False,False,False,False,False,False,False,False,0,Routine,False,No predefined exception
PAY-002356,INV-623238,2026-02-25,2025-26,2026-02,Health Services,V0018,Supplier 018,IT Hardware,Open Competition,PO-48009,2529.51,Yes,EFT,False,False,False,False,False,False,False,False,0,Routine,False,No predefined exception
PAY-000170,INV-698493,2026-02-25,2025-26,2026-02,Transportation & Infrastructure,V0010,Supplier 010,Software & Licensing,Open Competition,PO-66636,2023.51,Yes,EFT,False,False,False,False,False,False,False,False,0,Routine,False,No predefined exception
PAY-001980,INV-116138,2026-02-26,2025-26,2026-02,Digital Government,V0048,Supplier 048,Transportation Services,Open Competition,PO-65544,16438.31,Yes,Cheque,False,False,False,False,True,False,False,False,2,Moderate,True,Statistical amount outlier
PAY-001905,INV-437935,2026-02-26,2025-26,2026-02,Digital Government,V0008,Supplier 008,Training,Standing Offer,PO-27821,899.2,Yes,EFT,False,False,False,False,False,False,False,False,0,Routine,False,No predefined exception
PAY-001596,INV-346512,2026-02-26,2025-26,2026-02,Education,V0046,Supplier 046,Software & Licensing,Standing Offer,PO-34428,603.73,Yes,EFT,False,False,False,False,False,False,False,False,0,Routine,False,No predefined exception
PAY-001111,INV-212036,2026-02-26,2025-26,2026-02,Health Services,V0008,Supplier 008,Construction Services,Sole Source,PO-44096,74319.18,Yes,EFT,False,False,False,False,True,True,False,False,4,Higher,True,Statistical amount outlier; Higher-value sole-source transaction
PAY-001000,INV-904748,2026-02-27,2025-26,2026-02,Health Services,V0021,Supplier 021,IT Hardware,Open Competition,PO-88924,1373.7,Yes,EFT,False,False,False,False,False,False,False,False,0,Routine,False,No predefined exception
PAY-002310,INV-757191,2026-02-27,2025-26,2026-02,Transportation & Infrastructure,V0001,Supplier 001,Training,Open Competition,PO-52541,25632.02,Yes,EFT,False,False,False,False,True,False,False,False,2,Moderate,True,Statistical amount outlier
PAY-001541,INV-598506,2026-02-27,2025-26,2026-02,Health Services,V0021,Supplier 021,IT Hardware,Open Competition,PO-31440,723.01,Yes,EFT,False,False,False,False,False,False,False,False,0,Routine,False,No predefined exception
PAY-001025,INV-136404,2026-02-28,2025-26,2026-02,Education,V0023,Supplier 023,Training,Open Competition,PO-13747,200.95,Yes,EFT,False,False,False,False,False,False,False,False,0,Routine,False,No predefined exception
PAY-002005,INV-939446,2026-02-28,2025-26,2026-02,Education,V0025,Supplier 025,Professional Services,Standing Offer,PO-54001,1830.94,Yes,EFT,False,False,False,False,False,False,False,False,0,Routine,False,No predefined exception
PAY-002420,INV-521743,2026-02-28,2025-26,2026-02,Digital Government,V0027,Supplier 027,Building Maintenance,Standing Offer,PO-85821,3943.47,Yes,EFT,False,False,False,False,False,False,False,False,0,Routine,False,No predefined exception
PAY-002162,INV-246161,2026-02-28,2025-26,2026-02,Natural Resources,V0060,Supplier 060,Training,Standing Offer,PO-38568,6519.96,Yes,EFT,False,False,False,False,False,False,False,False,0,Routine,False,No predefined exception
PAY-001948,INV-839945,2026-02-28,2025-26,2026-02,Education,V0029,Supplier 029,Software & Licensing,Open Competition,PO-97318,7779.82,Yes,EFT,False,False,False,False,False,False,False,False,0,Routine,False,No predefined exception
PAY-000801,INV-653949,2026-03-01,2025-26,2026-03,Municipal Services,V0033,Supplier 033,Professional Services,Open Competition,PO-31215,3122.87,Yes,EFT,False,False,False,False,False,False,False,False,0,Routine,False,No predefined exception
PAY-000796,INV-317995,2026-03-01,2025-26,2026-03,Municipal Services,V0027,Supplier 027,Transportation Services,Open Competition,PO-19361,947.9,Yes,EFT,False,False,False,False,False,False,False,False,0,Routine,False,No predefined exception
PAY-000976,INV-946822,2026-03-01,2025-26,2026-03,Natural Resources,V0060,Supplier 060,Construction Services,Open Competition,PO-71437,2706.55,Yes,EFT,False,False,False,False,False,False,False,False,0,Routine,False,No predefined exception
PAY-001926,INV-192115,2026-03-01,2025-26,2026-03,Digital Government,V0057,Supplier 057,Transportation Services,Invitational,PO-96857,2664.39,Yes,EFT,False,False,False,False,False,False,False,False,0,Routine,False,No predefined exception
PAY-001690,INV-706962,2026-03-01,2025-26,2026-03,Justice & Public Safety,V0036,Supplier 036,Software & Licensing,Open Competition,PO-29133,2854.44,Yes,EFT,False,False,False,False,False,False,False,False,0,Routine,False,No predefined exception
PAY-001461,INV-292941,2026-03-01,2025-26,2026-03,Justice & Public Safety,V0007,Supplier 007,Office Supplies,Open Competition,PO-23070,7089.0,Yes,EFT,False,False,False,False,False,False,False,False,0,Routine,False,No predefined exception
PAY-000500,INV-771183,2026-03-02,2025-26,2026-03,Natural Resources,V0052,Supplier 052,Transportation Services,Open Competition,PO-97542,2394.07,Yes,EFT,False,False,False,False,False,False,False,False,0,Routine,False,No predefined exception
PAY-002403,INV-433964,2026-03-02,2025-26,2026-03,Education,V0039,Supplier 039,Construction Services,Invitational,PO-87557,2973.54,Yes,EFT,False,False,False,False,False,False,False,False,0,Routine,False,No predefined exception
PAY-001633,INV-742742,2026-03-02,2025-26,2026-03,Education,V0018,Supplier 018,Professional Services,Invitational,PO-36515,8247.89,Yes,EFT,False,False,False,False,False,False,False,False,0,Routine,False,No predefined exception
PAY-002148,INV-285784,2026-03-02,2025-26,2026-03,Municipal Services,V0018,Supplier 018,Professional Services,Invitational,PO-92485,4550.88,Yes,EFT,False,False,False,False,False,False,False,False,0,Routine,False,No predefined exception
PAY-002381,INV-698411,2026-03-02,2025-26,2026-03,Natural Resources,V0076,Supplier 076,Construction Services,Open Competition,PO-93175,1651.85,Yes,EFT,False,False,False,False,False,False,False,False,0,Routine,False,No predefined exception
PAY-002043,INV-400242,2026-03-02,2025-26,2026-03,Health Services,V0035,Supplier 035,Software & Licensing,Open Competition,PO-84836,232.35,Yes,EFT,False,False,False,False,False,False,False,False,0,Routine,False,No predefined exception
PAY-000827,INV-445165,2026-03-02,2025-26,2026-03,Health Services,V0021,Supplier 021,Transportation Services,Open Competition,PO-38803,518.54,Yes,EFT,False,False,False,False,False,False,False,False,0,Routine,False,No predefined exception
PAY-001738,INV-129680,2026-03-03,2025-26,2026-03,Education,V0021,Supplier 021,Office Supplies,Open Competition,PO-65504,891.29,Yes,EFT,False,False,False,False,False,False,False,False,0,Routine,False,No predefined exception
PAY-000872,INV-141269,2026-03-03,2025-26,2026-03,Education,V0023,Supplier 023,IT Hardware,Invitational,PO-58710,338.18,Yes,EFT,False,False,False,False,False,False,False,False,0,Routine,False,No predefined exception
PAY-001203,INV-966164,2026-03-03,2025-26,2026-03,Digital Government,V0078,Supplier 078,Transportation Services,Standing Offer,,6158.38,Yes,EFT,False,False,True,False,False,False,False,False,1,Routine,False,Missing purchase order
PAY-001402,INV-743703,2026-03-03,2025-26,2026-03,Natural Resources,V0080,Supplier 080,Training,Open Competition,PO-75564,913.05,Yes,EFT,False,False,False,False,False,False,False,False,0,Routine,False,No predefined exception
PAY-000526,INV-817006,2026-03-03,2025-26,2026-03,Justice & Public Safety,V0048,Supplier 048,IT Hardware,Standing Offer,PO-25092,7510.54,Yes,EFT,False,False,False,False,False,False,False,False,0,Routine,False,No predefined exception
PAY-000251,INV-865820,2026-03-04,2025-26,2026-03,Municipal Services,V0032,Supplier 032,Software & Licensing,Open Competition,PO-21651,339.19,Yes,EFT,False,False,False,False,False,False,False,False,0,Routine,False,No predefined exception
PAY-000292,INV-783189,2026-03-04,2025-26,2026-03,Natural Resources,V0036,Supplier 036,Software & Licensing,Open Competition,PO-48639,1533.77,Yes,Cheque,False,False,False,False,False,False,False,False,0,Routine,False,No predefined exception
PAY-001798,INV-627831,2026-03-04,2025-26,2026-03,Digital Government,V0033,Supplier 033,Building Maintenance,Open Competition,PO-45690,2529.8,Yes,EFT,False,False,False,False,False,False,False,False,0,Routine,False,No predefined exception
PAY-001574,INV-532859,2026-03-04,2025-26,2026-03,Justice & Public Safety,V0019,Supplier 019,Software & Licensing,Open Competition,PO-70436,1775.67,Yes,EFT,False,False,False,False,False,False,False,False,0,Routine,False,No predefined exception
PAY-000085,INV-996068,2026-03-04,2025-26,2026-03,Justice & Public Safety,V0001,Supplier 001,IT Hardware,Invitational,PO-93990,4371.79,Yes,EFT,False,False,False,False,False,False,False,False,0,Routine,False,No predefined exception
PAY-000794,INV-715781,2026-03-04,2025-26,2026-03,Health Services,V0061,Supplier 061,Software & Licensing,Open Competition,PO-42007,4211.1,Yes,EFT,False,False,False,False,False,False,False,False,0,Routine,False,No predefined exception
PAY-002490,INV-350768,2026-03-04,2025-26,2026-03,Municipal Services,V0052,Supplier 052,Office Supplies,Open Competition,PO-32727,3239.68,Yes,Cheque,False,False,False,False,False,False,False,False,0,Routine,False,No predefined exception
PAY-000577,INV-887600,2026-03-05,2025-26,2026-03,Justice & Public Safety,V0031,Supplier 031,Software & Licensing,Open Competition,PO-93853,1310.64,Yes,EFT,False,False,False,False,False,False,False,False,0,Routine,False,No predefined exception
PAY-000617,INV-657749,2026-03-05,2025-26,2026-03,Transportation & Infrastructure,V0047,Supplier 047,Building Maintenance,Open Competition,,12636.46,Yes,EFT,False,False,True,False,True,False,False,False,3,Moderate,True,Missing purchase order; Statistical amount outlier
PAY-001438,INV-600827,2026-03-05,2025-26,2026-03,Education,V0059,Supplier 059,Software & Licensing,Open Competition,PO-27259,4361.78,Yes,EFT,False,False,False,False,False,False,False,False,0,Routine,False,No predefined exception
PAY-001046,INV-757253,2026-03-05,2025-26,2026-03,Justice & Public Safety,V0077,Supplier 077,Transportation Services,Sole Source,PO-61363,2107.83,Yes,EFT,False,False,False,False,False,False,False,False,0,Routine,False,No predefined exception
PAY-002101,INV-501063,2026-03-05,2025-26,2026-03,Digital Government,V0075,Supplier 075,Equipment,Open Competition,PO-62763,3402.55,Yes,EFT,False,False,False,False,False,False,False,False,0,Routine,False,No predefined exception
PAY-000285,INV-265767,2026-03-06,2025-26,2026-03,Transportation & Infrastructure,V0010,Supplier 010,Equipment,Open Competition,PO-13667,1322.25,Yes,EFT,False,False,False,False,False,False,False,False,0,Routine,False,No predefined exception
PAY-000813,INV-956566,2026-03-06,2025-26,2026-03,Health Services,V0017,Supplier 017,Software & Licensing,Open Competition,PO-70554,1456.14,Yes,EFT,False,False,False,False,False,False,False,False,0,Routine,False,No predefined exception
PAY-000056,INV-479553,2026-03-06,2025-26,2026-03,Justice & Public Safety,V0018,Supplier 018,Software & Licensing,Invitational,PO-34269,1138.92,Yes,EFT,False,False,False,False,False,False,False,False,0,Routine,False,No predefined exception
PAY-000504,INV-623165,2026-03-06,2025-26,2026-03,Health Services,,,Building Maintenance,Standing Offer,PO-11946,475.91,Yes,Cheque,False,True,False,False,False,False,False,False,2,Moderate,True,Missing vendor information
PAY-002038,INV-100294,2026-03-06,2025-26,2026-03,Digital Government,V0024,Supplier 024,Office Supplies,Open Competition,PO-86455,676.19,Yes,EFT,False,False,False,False,False,False,False,False,0,Routine,False,No predefined exception
PAY-001516,INV-610609,2026-03-06,2025-26,2026-03,Health Services,V0063,Supplier 063,Transportation Services,Invitational,PO-25220,2389.71,Yes,Cheque,False,False,False,False,False,False,False,False,0,Routine,False,No predefined exception
PAY-000168,INV-642955,2026-03-06,2025-26,2026-03,Health Services,V0032,Supplier 032,Office Supplies,Open Competition,PO-16387,203.31,Yes,EFT,False,False,False,False,False,False,False,False,0,Routine,False,No predefined exception
PAY-001782,INV-439851,2026-03-06,2025-26,2026-03,Transportation & Infrastructure,V0036,Supplier 036,Construction Services,Open Competition,PO-41863,1215.2,Yes,Cheque,False,False,False,False,False,False,False,False,0,Routine,False,No predefined exception
PAY-000476,INV-223777,2026-03-07,2025-26,2026-03,Digital Government,V0079,Supplier 079,Office Supplies,Standing Offer,PO-30250,3184.3,Yes,EFT,False,False,False,False,False,False,False,False,0,Routine,False,No predefined exception
PAY-000784,INV-345847,2026-03-07,2025-26,2026-03,Transportation & Infrastructure,V0007,Supplier 007,Office Supplies,Open Competition,PO-64780,33692.82,Yes,EFT,False,False,False,False,True,False,False,False,2,Moderate,True,Statistical amount outlier
PAY-002046,INV-408372,2026-03-07,2025-26,2026-03,Education,V0016,Supplier 016,Transportation Services,Open Competition,PO-37560,506.04,Yes,EFT,False,False,False,False,False,False,False,False,0,Routine,False,No predefined exception
PAY-002353,INV-634580,2026-03-07,2025-26,2026-03,Education,V0062,Supplier 062,Training,Open Competition,PO-96230,1551.5,Yes,Corporate Card,False,False,False,False,False,False,False,False,0,Routine,False,No predefined exception
PAY-000730,INV-555775,2026-03-07,2025-26,2026-03,Transportation & Infrastructure,V0007,Supplier 007,Professional Services,Standing Offer,PO-45375,3465.31,Yes,Cheque,False,False,False,False,False,False,False,False,0,Routine,False,No predefined exception
PAY-001340,INV-625332,2026-03-07,2025-26,2026-03,Municipal Services,V0038,Supplier 038,Transportation Services,Open Competition,PO-73906,2017.36,Yes,EFT,False,False,False,False,False,False,False,False,0,Routine,False,No predefined exception
PAY-000734,INV-819701,2026-03-08,2025-26,2026-03,Education,V0007,Supplier 007,Building Maintenance,Open Competition,PO-96337,8340.07,Yes,EFT,False,False,False,False,False,False,False,False,0,Routine,False,No predefined exception
PAY-000364,INV-178012,2026-03-08,2025-26,2026-03,Digital Government,V0010,Supplier 010,Transportation Services,Sole Source,PO-99932,1448.84,Yes,EFT,False,False,False,False,False,False,False,False,0,Routine,False,No predefined exception
PAY-001352,INV-792894,2026-03-08,2025-26,2026-03,Education,V0052,Supplier 052,Construction Services,Invitational,PO-50747,1685.35,Yes,EFT,False,False,False,False,False,False,False,False,0,Routine,False,No predefined exception
PAY-002294,INV-135757,2026-03-08,2025-26,2026-03,Education,V0001,Supplier 001,Construction Services,Invitational,PO-99000,1957.11,Yes,EFT,False,False,False,False,False,False,False,False,0,Routine,False,No predefined exception
PAY-001305,INV-674796,2026-03-08,2025-26,2026-03,Digital Government,V0063,Supplier 063,Training,Sole Source,PO-91164,4902.44,Yes,EFT,False,False,False,False,False,False,False,False,0,Routine,False,No predefined exception
PAY-000404,INV-977311,2026-03-08,2025-26,2026-03,Justice & Public Safety,V0018,Supplier 018,Equipment,Open Competition,PO-98907,4268.97,Yes,EFT,False,False,False,False,False,False,False,False,0,Routine,False,No predefined exception
PAY-000565,INV-435834,2026-03-08,2025-26,2026-03,Health Services,V0045,Supplier 045,Professional Services,Standing Offer,PO-61377,4687.43,Yes,Cheque,False,False,False,False,False,False,False,False,0,Routine,False,No predefined exception
PAY-002365,INV-498750,2026-03-08,2025-26,2026-03,Justice & Public Safety,V0044,Supplier 044,IT Hardware,Open Competition,PO-48748,6257.09,Yes,EFT,False,False,False,False,False,False,False,False,0,Routine,False,No predefined exception
PAY-000621,INV-445876,2026-03-08,2025-26,2026-03,Digital Government,V0034,Supplier 034,IT Hardware,Open Competition,,1150.63,Yes,EFT,False,False,True,False,False,False,False,False,1,Routine,False,Missing purchase order
PAY-001209,INV-182867,2026-03-08,2025-26,2026-03,Justice & Public Safety,V0020,Supplier 020,Construction Services,Open Competition,PO-94295,8445.02,Yes,EFT,False,False,False,False,False,False,False,False,0,Routine,False,No predefined exception
PAY-000394,INV-928457,2026-03-08,2025-26,2026-03,Natural Resources,V0041,Supplier 041,Construction Services,Open Competition,PO-31443,599.87,Yes,EFT,False,False,False,False,False,False,False,False,0,Routine,False,No predefined exception
PAY-000211,INV-973272,2026-03-09,2025-26,2026-03,Health Services,V0006,Supplier 006,Construction Services,Open Competition,PO-35302,9850.0,Yes,EFT,False,False,False,True,True,False,False,False,4,Higher,True,Near hypothetical threshold; Statistical amount outlier
PAY-002142,INV-497597,2026-03-09,2025-26,2026-03,Transportation & Infrastructure,V0055,Supplier 055,Equipment,Open Competition,PO-45088,916.89,Yes,EFT,False,False,False,False,False,False,False,False,0,Routine,False,No predefined exception
PAY-002105,INV-660151,2026-03-10,2025-26,2026-03,Health Services,V0048,Supplier 048,Building Maintenance,Open Competition,PO-35811,497.22,Yes,EFT,False,False,False,False,False,False,False,False,0,Routine,False,No predefined exception
PAY-000099,INV-146233,2026-03-10,2025-26,2026-03,Natural Resources,V0027,Supplier 027,Office Supplies,Standing Offer,PO-36783,2945.5,Yes,EFT,False,False,False,False,False,False,False,False,0,Routine,False,No predefined exception
PAY-001681,INV-145406,2026-03-10,2025-26,2026-03,Municipal Services,V0012,Supplier 012,IT Hardware,Open Competition,PO-87694,2515.32,Yes,EFT,False,False,False,False,False,False,False,False,0,Routine,False,No predefined exception
PAY-001529,INV-764093,2026-03-10,2025-26,2026-03,Natural Resources,V0013,Supplier 013,Building Maintenance,Invitational,PO-67012,2920.31,Yes,EFT,False,False,False,False,False,False,False,False,0,Routine,False,No predefined exception
PAY-001194,INV-406822,2026-03-10,2025-26,2026-03,Transportation & Infrastructure,V0041,Supplier 041,Software & Licensing,Open Competition,PO-20047,1857.99,Yes,EFT,False,False,False,False,False,False,False,False,0,Routine,False,No predefined exception
PAY-001538,INV-186296,2026-03-10,2025-26,2026-03,Health Services,V0021,Supplier 021,Building Maintenance,Standing Offer,PO-12700,756.52,Yes,EFT,False,False,False,False,False,False,False,False,0,Routine,False,No predefined exception
PAY-001789,INV-632245,2026-03-10,2025-26,2026-03,Digital Government,V0036,Supplier 036,Transportation Services,Invitational,PO-34601,14648.83,Yes,EFT,False,False,False,False,True,False,False,False,2,Moderate,True,Statistical amount outlier
PAY-000020,INV-593057,2026-03-10,2025-26,2026-03,Municipal Services,V0066,Supplier 066,Equipment,Standing Offer,PO-11207,5063.06,Yes,EFT,False,False,False,False,False,False,False,False,0,Routine,False,No predefined exception
PAY-001644,INV-894042,2026-03-11,2025-26,2026-03,Education,V0007,Supplier 007,Software & Licensing,Invitational,PO-32951,1958.43,Yes,EFT,False,False,False,False,False,False,False,False,0,Routine,False,No predefined exception
PAY-002068,INV-383135,2026-03-11,2025-26,2026-03,Municipal Services,V0065,Supplier 065,Equipment,Standing Offer,PO-45324,1410.11,Yes,EFT,False,False,False,False,False,False,False,False,0,Routine,False,No predefined exception
PAY-000096,INV-950012,2026-03-11,2025-26,2026-03,Digital Government,V0036,Supplier 036,Training,Open Competition,PO-43152,2952.43,Yes,EFT,False,False,False,False,False,False,False,False,0,Routine,False,No predefined exception
PAY-000029,INV-644333,2026-03-11,2025-26,2026-03,Education,V0074,Supplier 074,Transportation Services,Open Competition,PO-11898,1148.55,Yes,EFT,False,False,False,False,False,False,False,False,0,Routine,False,No predefined exception
PAY-002434,INV-138744,2026-03-11,2025-26,2026-03,Digital Government,V0001,Supplier 001,Professional Services,Open Competition,PO-74752,2533.43,Yes,EFT,False,False,False,False,False,False,False,False,0,Routine,False,No predefined exception
PAY-002225,INV-212333,2026-03-11,2025-26,2026-03,Natural Resources,V0067,Supplier 067,Building Maintenance,Invitational,PO-68277,6323.74,Yes,EFT,False,False,False,False,False,False,False,False,0,Routine,False,No predefined exception
PAY-001963,INV-731121,2026-03-11,2025-26,2026-03,Health Services,V0030,Supplier 030,Training,Invitational,PO-82193,7907.38,Yes,Corporate Card,False,False,False,False,False,False,False,False,0,Routine,False,No predefined exception
PAY-002178,INV-767897,2026-03-11,2025-26,2026-03,Justice & Public Safety,V0076,Supplier 076,Transportation Services,Open Competition,PO-10459,1020.22,Yes,EFT,False,False,False,False,False,False,False,False,0,Routine,False,No predefined exception
PAY-001161,INV-815637,2026-03-12,2025-26,2026-03,Health Services,V0005,Supplier 005,Professional Services,Open Competition,PO-37931,4808.33,Yes,EFT,False,False,False,False,False,False,False,False,0,Routine,False,No predefined exception
PAY-000261,INV-447299,2026-03-12,2025-26,2026-03,Municipal Services,V0005,Supplier 005,Software & Licensing,Standing Offer,PO-76186,5389.49,Yes,EFT,False,False,False,False,False,False,False,False,0,Routine,False,No predefined exception
PAY-000136,INV-430763,2026-03-12,2025-26,2026-03,Justice & Public Safety,V0003,Supplier 003,Equipment,Standing Offer,PO-21325,1655.68,Yes,Corporate Card,False,False,False,False,False,False,False,False,0,Routine,False,No predefined exception
PAY-001132,INV-168359,2026-03-12,2025-26,2026-03,Justice & Public Safety,V0054,Supplier 054,IT Hardware,Open Competition,PO-63137,2281.29,Yes,EFT,False,False,False,False,False,False,False,False,0,Routine,False,No predefined exception
PAY-000636,INV-571678,2026-03-12,2025-26,2026-03,Health Services,V0064,Supplier 064,Transportation Services,Open Competition,PO-49678,17537.63,Yes,EFT,False,False,False,False,True,False,False,False,2,Moderate,True,Statistical amount outlier
PAY-000243,INV-546242,2026-03-12,2025-26,2026-03,Natural Resources,V0062,Supplier 062,Construction Services,Open Competition,PO-14666,10449.45,Yes,EFT,False,False,False,False,True,False,False,False,2,Moderate,True,Statistical amount outlier
PAY-000054,INV-430511,2026-03-12,2025-26,2026-03,Natural Resources,V0016,Supplier 016,Transportation Services,Standing Offer,PO-32791,1020.39,Yes,EFT,False,False,False,False,False,False,False,False,0,Routine,False,No predefined exception
PAY-000438,INV-481032,2026-03-12,2025-26,2026-03,Natural Resources,V0011,Supplier 011,Building Maintenance,Open Competition,PO-79134,7942.2,Yes,Corporate Card,False,False,False,False,False,False,False,False,0,Routine,False,No predefined exception
PAY-000853,INV-419186,2026-03-12,2025-26,2026-03,Justice & Public Safety,V0042,Supplier 042,Equipment,Open Competition,PO-78140,1264.13,Yes,EFT,False,False,False,False,False,False,False,False,0,Routine,False,No predefined exception
PAY-001627,INV-207441,2026-03-13,2025-26,2026-03,Justice & Public Safety,V0005,Supplier 005,Training,Open Competition,PO-53763,4230.15,Yes,Cheque,False,False,False,False,False,False,False,False,0,Routine,False,No predefined exception
PAY-000797,INV-812550,2026-03-13,2025-26,2026-03,Education,V0001,Supplier 001,Equipment,Open Competition,PO-58095,3453.28,Yes,EFT,False,False,False,False,False,False,False,False,0,Routine,False,No predefined exception
PAY-002215,INV-645865,2026-03-13,2025-26,2026-03,Justice & Public Safety,V0068,Supplier 068,Training,Standing Offer,PO-75744,5322.16,Yes,EFT,False,False,False,False,False,False,False,False,0,Routine,False,No predefined exception
PAY-002387,INV-127197,2026-03-13,2025-26,2026-03,Natural Resources,V0009,Supplier 009,Building Maintenance,Open Competition,PO-51184,8917.05,Yes,EFT,False,False,False,False,False,False,False,False,0,Routine,False,No predefined exception
PAY-001183,INV-126572,2026-03-13,2025-26,2026-03,Digital Government,V0020,Supplier 020,Office Supplies,Open Competition,PO-59723,4309.42,Yes,EFT,False,False,False,False,False,False,False,False,0,Routine,False,No predefined exception
PAY-000650,INV-793618,2026-03-14,2025-26,2026-03,Natural Resources,V0052,Supplier 052,Construction Services,Open Competition,PO-83568,2952.68,Yes,EFT,False,False,False,False,False,False,False,False,0,Routine,False,No predefined exception
PAY-001854,INV-256080,2026-03-14,2025-26,2026-03,Natural Resources,V0029,Supplier 029,Professional Services,Open Competition,PO-19397,903.14,Yes,EFT,False,False,False,False,False,False,False,False,0,Routine,False,No predefined exception
PAY-000690,INV-280427,2026-03-14,2025-26,2026-03,Natural Resources,V0006,Supplier 006,Transportation Services,Open Competition,PO-67964,3645.55,Yes,Cheque,False,False,False,False,False,False,False,False,0,Routine,False,No predefined exception
PAY-000172,INV-504499,2026-03-14,2025-26,2026-03,Digital Government,V0063,Supplier 063,Transportation Services,Open Competition,PO-14804,7434.06,Yes,Cheque,False,False,False,False,False,False,False,False,0,Routine,False,No predefined exception
PAY-002327,INV-875372,2026-03-14,2025-26,2026-03,Transportation & Infrastructure,V0013,Supplier 013,Equipment,Open Competition,PO-79201,1773.5,Yes,EFT,False,False,False,False,False,False,False,False,0,Routine,False,No predefined exception
PAY-000763,INV-879518,2026-03-14,2025-26,2026-03,Transportation & Infrastructure,V0007,Supplier 007,Equipment,Standing Offer,PO-41132,4459.66,Yes,EFT,False,False,False,False,False,False,False,False,0,Routine,False,No predefined exception
PAY-000291,INV-187453,2026-03-15,2025-26,2026-03,Natural Resources,V0009,Supplier 009,Professional Services,Open Competition,PO-22113,2816.04,Yes,EFT,False,False,False,False,False,False,False,False,0,Routine,False,No predefined exception
PAY-001488,INV-795457,2026-03-15,2025-26,2026-03,Natural Resources,V0054,Supplier 054,Construction Services,Standing Offer,PO-39811,3336.39,Yes,EFT,False,False,False,False,False,False,False,False,0,Routine,False,No predefined exception
PAY-000002,INV-703471,2026-03-15,2025-26,2026-03,Education,V0043,Supplier 043,Office Supplies,Standing Offer,PO-25369,770.82,Yes,EFT,False,False,False,False,False,False,False,False,0,Routine,False,No predefined exception
PAY-001250,INV-150711,2026-03-15,2025-26,2026-03,Natural Resources,V0010,Supplier 010,Transportation Services,Open Competition,PO-98792,3460.38,Yes,EFT,False,False,False,False,False,False,False,False,0,Routine,False,No predefined exception
PAY-000239,INV-451136,2026-03-15,2025-26,2026-03,Justice & Public Safety,V0064,Supplier 064,Software & Licensing,Invitational,PO-37961,964.94,Yes,EFT,False,False,False,False,False,False,False,False,0,Routine,False,No predefined exception
PAY-001034,INV-325461,2026-03-15,2025-26,2026-03,Education,V0067,Supplier 067,Office Supplies,Invitational,PO-14590,1797.54,Yes,EFT,False,False,False,False,False,False,False,False,0,Routine,False,No predefined exception
PAY-001771,INV-797976,2026-03-15,2025-26,2026-03,Education,V0026,Supplier 026,Building Maintenance,Standing Offer,PO-28941,2862.08,Yes,Corporate Card,False,False,False,False,False,False,False,False,0,Routine,False,No predefined exception
PAY-001550,INV-855737,2026-03-15,2025-26,2026-03,Transportation & Infrastructure,V0034,Supplier 034,Software & Licensing,Invitational,PO-41912,3218.86,Yes,EFT,False,False,False,False,False,False,False,False,0,Routine,False,No predefined exception
PAY-000461,INV-390477,2026-03-15,2025-26,2026-03,Education,V0021,Supplier 021,Transportation Services,Open Competition,PO-28665,5711.94,Yes,Cheque,False,False,False,False,False,False,False,False,0,Routine,False,No predefined exception
PAY-002425,INV-519924,2026-03-15,2025-26,2026-03,Municipal Services,V0009,Supplier 009,Transportation Services,Standing Offer,PO-62652,581.42,Yes,EFT,False,False,False,False,False,False,False,False,0,Routine,False,No predefined exception
PAY-000340,INV-894878,2026-03-15,2025-26,2026-03,Municipal Services,V0018,Supplier 018,Building Maintenance,Open Competition,PO-32761,4684.61,Yes,EFT,False,False,False,False,False,False,False,False,0,Routine,False,No predefined exception
PAY-001619,INV-596389,2026-03-15,2025-26,2026-03,Justice & Public Safety,V0034,Supplier 034,IT Hardware,Sole Source,PO-71716,1203.11,Yes,Corporate Card,False,False,False,False,False,False,False,False,0,Routine,False,No predefined exception
PAY-001981,INV-218558,2026-03-16,2025-26,2026-03,Transportation & Infrastructure,V0054,Supplier 054,Building Maintenance,Open Competition,PO-91401,1670.1,Yes,EFT,False,False,False,False,False,False,False,False,0,Routine,False,No predefined exception
PAY-000421,INV-730759,2026-03-16,2025-26,2026-03,Natural Resources,V0071,Supplier 071,Professional Services,Invitational,PO-94698,4515.49,Yes,Corporate Card,False,False,False,False,False,False,False,False,0,Routine,False,No predefined exception
PAY-002179,INV-646707,2026-03-16,2025-26,2026-03,Justice & Public Safety,V0009,Supplier 009,Professional Services,Open Competition,PO-75037,3876.93,Yes,EFT,False,False,False,False,False,False,False,False,0,Routine,False,No predefined exception
PAY-001907,INV-587947,2026-03-16,2025-26,2026-03,Justice & Public Safety,V0026,Supplier 026,Transportation Services,Open Competition,PO-82882,3911.66,Yes,EFT,False,False,False,False,False,False,False,False,0,Routine,False,No predefined exception
PAY-000867,INV-356323,2026-03-16,2025-26,2026-03,Municipal Services,V0038,Supplier 038,Training,Standing Offer,PO-69807,1321.05,Yes,EFT,False,False,False,False,False,False,False,False,0,Routine,False,No predefined exception
PAY-000744,INV-982608,2026-03-17,2025-26,2026-03,Transportation & Infrastructure,V0007,Supplier 007,Software & Licensing,Open Competition,PO-85578,8297.43,Yes,EFT,False,False,False,False,False,False,False,False,0,Routine,False,No predefined exception
PAY-002181,INV-745499,2026-03-17,2025-26,2026-03,Municipal Services,V0039,Supplier 039,Transportation Services,Open Competition,PO-26847,5120.59,Yes,EFT,False,False,False,False,False,False,False,False,0,Routine,False,No predefined exception
PAY-000075,INV-337103,2026-03-17,2025-26,2026-03,Digital Government,V0025,Supplier 025,Professional Services,Standing Offer,PO-97095,1092.04,Yes,EFT,False,False,False,False,False,False,False,False,0,Routine,False,No predefined exception
PAY-001695,INV-421701,2026-03-18,2025-26,2026-03,Natural Resources,V0019,Supplier 019,Professional Services,Standing Offer,PO-81827,7804.35,Yes,Cheque,False,False,False,False,False,False,False,False,0,Routine,False,No predefined exception
PAY-000834,INV-450722,2026-03-18,2025-26,2026-03,Municipal Services,V0062,Supplier 062,Training,Standing Offer,PO-39550,3861.83,Yes,EFT,False,False,False,False,False,False,False,False,0,Routine,False,No predefined exception
PAY-001894,INV-564271,2026-03-18,2025-26,2026-03,Municipal Services,V0050,Supplier 050,Construction Services,Standing Offer,PO-91736,1909.03,Yes,EFT,False,False,False,False,False,False,False,False,0,Routine,False,No predefined exception
PAY-000246,INV-556437,2026-03-18,2025-26,2026-03,Municipal Services,V0065,Supplier 065,Equipment,Invitational,PO-42818,1221.21,Yes,EFT,False,False,False,False,False,False,False,False,0,Routine,False,No predefined exception
PAY-000140,INV-919973,2026-03-18,2025-26,2026-03,Education,V0043,Supplier 043,Construction Services,Invitational,PO-98855,659.95,Yes,EFT,False,False,False,False,False,False,False,False,0,Routine,False,No predefined exception
PAY-002050,INV-948689,2026-03-18,2025-26,2026-03,Municipal Services,V0069,Supplier 069,IT Hardware,Open Competition,PO-20304,4159.88,Yes,EFT,False,False,False,False,False,False,False,False,0,Routine,False,No predefined exception
PAY-001823,INV-319606,2026-03-19,2025-26,2026-03,Transportation & Infrastructure,V0037,Supplier 037,Transportation Services,Open Competition,PO-65600,2361.59,Yes,EFT,False,False,False,False,False,False,False,False,0,Routine,False,No predefined exception
PAY-001636,INV-165614,2026-03-19,2025-26,2026-03,Natural Resources,V0078,Supplier 078,Office Supplies,Sole Source,PO-48741,1895.37,Yes,EFT,False,False,False,False,False,False,False,False,0,Routine,False,No predefined exception
PAY-001904,INV-801433,2026-03-19,2025-26,2026-03,Health Services,V0076,Supplier 076,Training,Open Competition,PO-84047,2607.59,Yes,Cheque,False,False,False,False,False,False,False,False,0,Routine,False,No predefined exception
PAY-002275,INV-965040,2026-03-19,2025-26,2026-03,Municipal Services,V0026,Supplier 026,Building Maintenance,Invitational,PO-11530,1426.57,Yes,EFT,False,False,False,False,False,False,False,False,0,Routine,False,No predefined exception
PAY-002271,INV-551069,2026-03-19,2025-26,2026-03,Natural Resources,V0033,Supplier 033,Building Maintenance,Standing Offer,PO-64146,1137.05,Yes,EFT,False,False,False,False,False,False,False,False,0,Routine,False,No predefined exception
PAY-001095,INV-944464,2026-03-19,2025-26,2026-03,Health Services,V0024,Supplier 024,Transportation Services,Standing Offer,PO-30558,3797.93,Yes,EFT,False,False,False,False,False,False,False,False,0,Routine,False,No predefined exception
PAY-001062,INV-387166,2026-03-19,2025-26,2026-03,Health Services,V0012,Supplier 012,Office Supplies,Standing Offer,PO-78740,2111.26,Yes,EFT,False,False,False,False,False,False,False,False,0,Routine,False,No predefined exception
PAY-000938,INV-312204,2026-03-20,2025-26,2026-03,Education,V0026,Supplier 026,Equipment,Invitational,PO-39652,1706.99,Yes,EFT,False,False,False,False,False,False,True,False,1,Routine,False,Fiscal year-end activity
PAY-000958,INV-281413,2026-03-20,2025-26,2026-03,Justice & Public Safety,V0019,Supplier 019,Professional Services,Open Competition,PO-61275,3669.03,Yes,EFT,False,False,False,False,False,False,True,False,1,Routine,False,Fiscal year-end activity
PAY-001423,INV-129545,2026-03-20,2025-26,2026-03,Digital Government,V0017,Supplier 017,Software & Licensing,Invitational,PO-10617,2394.68,Yes,EFT,False,False,False,False,False,False,True,False,1,Routine,False,Fiscal year-end activity
PAY-000932,INV-661001,2026-03-20,2025-26,2026-03,Education,V0037,Supplier 037,Transportation Services,Invitational,PO-17988,10573.51,Yes,EFT,False,False,False,False,True,False,True,False,3,Moderate,True,Statistical amount outlier; Fiscal year-end activity
PAY-000930,INV-462612,2026-03-20,2025-26,2026-03,Municipal Services,V0045,Supplier 045,Building Maintenance,Open Competition,PO-84078,26498.73,Yes,Cheque,False,False,False,False,True,False,True,False,3,Moderate,True,Statistical amount outlier; Fiscal year-end activity
PAY-001679,INV-248469,2026-03-20,2025-26,2026-03,Natural Resources,V0006,Supplier 006,Professional Services,Standing Offer,PO-68117,1954.0,Yes,EFT,False,False,False,False,False,False,True,False,1,Routine,False,Fiscal year-end activity
PAY-001625,INV-481382,2026-03-20,2025-26,2026-03,Natural Resources,V0042,Supplier 042,Building Maintenance,Open Competition,PO-34512,1901.86,Yes,EFT,False,False,False,False,False,False,True,False,1,Routine,False,Fiscal year-end activity
PAY-001923,INV-390395,2026-03-20,2025-26,2026-03,Transportation & Infrastructure,V0010,Supplier 010,Transportation Services,Standing Offer,PO-30845,3270.54,Yes,EFT,False,False,False,False,False,False,True,False,1,Routine,False,Fiscal year-end activity
PAY-000919,INV-361176,2026-03-20,2025-26,2026-03,Transportation & Infrastructure,V0034,Supplier 034,IT Hardware,Open Competition,PO-66058,8857.45,Yes,EFT,False,False,False,False,False,False,True,False,1,Routine,False,Fiscal year-end activity
PAY-000910,INV-461484,2026-03-20,2025-26,2026-03,Municipal Services,V0028,Supplier 028,Professional Services,Invitational,PO-18025,1893.43,Yes,EFT,False,False,False,False,False,False,True,False,1,Routine,False,Fiscal year-end activity
PAY-000390,INV-544783,2026-03-20,2025-26,2026-03,Justice & Public Safety,V0016,Supplier 016,Transportation Services,Invitational,PO-18894,1481.6,Yes,EFT,False,False,False,False,False,False,True,False,1,Routine,False,Fiscal year-end activity
PAY-002303,INV-432336,2026-03-20,2025-26,2026-03,Health Services,V0026,Supplier 026,Transportation Services,Invitational,PO-82853,1081.74,Yes,EFT,False,False,False,False,False,False,True,False,1,Routine,False,Fiscal year-end activity
PAY-000920,INV-483015,2026-03-21,2025-26,2026-03,Health Services,V0069,Supplier 069,Building Maintenance,Sole Source,PO-96596,357.14,Yes,EFT,False,False,False,False,False,False,True,False,1,Routine,False,Fiscal year-end activity
PAY-000423,INV-336824,2026-03-21,2025-26,2026-03,Municipal Services,V0061,Supplier 061,Training,Standing Offer,PO-14340,5400.02,Yes,EFT,False,False,False,False,False,False,True,False,1,Routine,False,Fiscal year-end activity
PAY-000965,INV-884752,2026-03-21,2025-26,2026-03,Municipal Services,V0029,Supplier 029,Training,Open Competition,PO-79005,4006.95,Yes,Corporate Card,False,False,False,False,False,False,True,False,1,Routine,False,Fiscal year-end activity
PAY-000916,INV-355095,2026-03-21,2025-26,2026-03,Natural Resources,V0063,Supplier 063,Transportation Services,Invitational,PO-13505,856.82,Yes,EFT,False,False,False,False,False,False,True,False,1,Routine,False,Fiscal year-end activity
PAY-001940,INV-660309,2026-03-21,2025-26,2026-03,Transportation & Infrastructure,V0021,Supplier 021,Professional Services,Open Competition,PO-92570,1417.62,Yes,EFT,False,False,False,False,False,False,True,False,1,Routine,False,Fiscal year-end activity
PAY-000878,INV-868460,2026-03-21,2025-26,2026-03,Digital Government,V0015,Supplier 015,Building Maintenance,Open Competition,PO-53674,3822.93,Yes,EFT,False,False,False,False,False,False,True,False,1,Routine,False,Fiscal year-end activity
PAY-000921,INV-349717,2026-03-21,2025-26,2026-03,Health Services,V0015,Supplier 015,IT Hardware,Sole Source,PO-30930,1890.38,Yes,EFT,False,False,False,False,False,False,True,False,1,Routine,False,Fiscal year-end activity
PAY-000934,INV-929601,2026-03-21,2025-26,2026-03,Transportation & Infrastructure,V0009,Supplier 009,Training,Standing Offer,PO-29171,6955.43,Yes,EFT,False,False,False,False,False,False,True,False,1,Routine,False,Fiscal year-end activity
PAY-000377,INV-717397,2026-03-21,2025-26,2026-03,Municipal Services,V0059,Supplier 059,IT Hardware,Invitational,PO-11722,7460.25,Yes,EFT,False,False,False,False,False,False,True,False,1,Routine,False,Fiscal year-end activity
PAY-002121,INV-752329,2026-03-21,2025-26,2026-03,Municipal Services,V0030,Supplier 030,Building Maintenance,Open Competition,PO-27905,910.42,Yes,EFT,False,False,False,False,False,False,True,False,1,Routine,False,Fiscal year-end activity
PAY-001304,INV-367291,2026-03-21,2025-26,2026-03,Municipal Services,V0009,Supplier 009,Equipment,Invitational,PO-51588,4056.43,Yes,EFT,False,False,False,False,False,False,True,False,1,Routine,False,Fiscal year-end activity
PAY-000915,INV-369579,2026-03-21,2025-26,2026-03,Transportation & Infrastructure,V0017,Supplier 017,Office Supplies,Open Competition,PO-86981,3810.6,Yes,Cheque,False,False,False,False,False,False,True,False,1,Routine,False,Fiscal year-end activity
PAY-000558,INV-654280,2026-03-21,2025-26,2026-03,Transportation & Infrastructure,V0037,Supplier 037,Office Supplies,Standing Offer,PO-57754,3055.09,Yes,Cheque,False,False,False,False,False,False,True,False,1,Routine,False,Fiscal year-end activity
PAY-000928,INV-306717,2026-03-22,2025-26,2026-03,Natural Resources,V0045,Supplier 045,Training,Invitational,PO-96941,6378.65,Yes,EFT,False,False,False,False,False,False,True,False,1,Routine,False,Fiscal year-end activity
PAY-000902,INV-544854,2026-03-22,2025-26,2026-03,Municipal Services,V0004,Supplier 004,Construction Services,Open Competition,PO-60107,1720.33,Yes,Cheque,False,False,False,False,False,False,True,False,1,Routine,False,Fiscal year-end activity
PAY-000908,INV-311027,2026-03-22,2025-26,2026-03,Health Services,V0069,Supplier 069,Professional Services,Open Competition,PO-93417,4994.63,Yes,EFT,False,False,False,False,False,False,True,False,1,Routine,False,Fiscal year-end activity
PAY-001647,INV-115791,2026-03-22,2025-26,2026-03,Transportation & Infrastructure,V0028,Supplier 028,Professional Services,Open Competition,PO-24560,2635.34,Yes,EFT,False,False,False,False,False,False,True,False,1,Routine,False,Fiscal year-end activity
PAY-000929,INV-463334,2026-03-22,2025-26,2026-03,Natural Resources,V0059,Supplier 059,Professional Services,Invitational,PO-97432,2311.92,Yes,EFT,False,False,False,False,False,False,True,False,1,Routine,False,Fiscal year-end activity
PAY-001342,INV-331807,2026-03-22,2025-26,2026-03,Digital Government,V0014,Supplier 014,Office Supplies,Standing Offer,PO-28003,3793.13,Yes,EFT,False,False,False,False,False,False,True,False,1,Routine,False,Fiscal year-end activity
PAY-000946,INV-340056,2026-03-22,2025-26,2026-03,Justice & Public Safety,V0064,Supplier 064,Equipment,Standing Offer,PO-10513,1480.53,Yes,Corporate Card,False,False,False,False,False,False,True,False,1,Routine,False,Fiscal year-end activity
PAY-001664,INV-446140,2026-03-22,2025-26,2026-03,Municipal Services,V0056,Supplier 056,Professional Services,Open Competition,PO-51755,956.86,Yes,EFT,False,False,False,False,False,False,True,False,1,Routine,False,Fiscal year-end activity
PAY-000999,INV-585725,2026-03-22,2025-26,2026-03,Municipal Services,V0012,Supplier 012,Construction Services,Sole Source,PO-69516,11572.31,Yes,EFT,False,False,False,False,True,True,True,False,5,Higher,True,Statistical amount outlier; Fiscal year-end activity; Higher-value sole-source transaction
PAY-001881,INV-718821,2026-03-22,2025-26,2026-03,Justice & Public Safety,V0060,Supplier 060,Building Maintenance,Open Competition,PO-83545,1992.35,Yes,EFT,False,False,False,False,False,False,True,False,1,Routine,False,Fiscal year-end activity
PAY-000901,INV-486154,2026-03-22,2025-26,2026-03,Transportation & Infrastructure,V0041,Supplier 041,IT Hardware,Standing Offer,PO-48891,328.79,Yes,EFT,False,False,False,False,False,False,True,False,1,Routine,False,Fiscal year-end activity
PAY-000962,INV-943352,2026-03-22,2025-26,2026-03,Natural Resources,V0012,Supplier 012,Training,Standing Offer,PO-30456,823.25,Yes,EFT,False,False,False,False,False,False,True,False,1,Routine,False,Fiscal year-end activity
PAY-000906,INV-184363,2026-03-22,2025-26,2026-03,Education,V0070,Supplier 070,Transportation Services,Sole Source,PO-28884,897.47,Yes,EFT,False,False,False,False,False,False,True,False,1,Routine,False,Fiscal year-end activity
PAY-001143,INV-207967,2026-03-22,2025-26,2026-03,Transportation & Infrastructure,V0031,Supplier 031,IT Hardware,Open Competition,PO-33212,2130.54,Yes,EFT,False,False,False,False,False,False,True,False,1,Routine,False,Fiscal year-end activity
PAY-000699,INV-158123,2026-03-23,2025-26,2026-03,Health Services,V0044,Supplier 044,Office Supplies,Invitational,PO-40261,4802.63,Yes,Cheque,False,False,False,False,False,False,True,False,1,Routine,False,Fiscal year-end activity
PAY-001586,INV-374548,2026-03-23,2025-26,2026-03,Natural Resources,V0011,Supplier 011,Equipment,Invitational,PO-43124,2769.06,Yes,EFT,False,False,False,False,False,False,True,False,1,Routine,False,Fiscal year-end activity
PAY-000541,INV-808669,2026-03-23,2025-26,2026-03,Municipal Services,V0045,Supplier 045,Equipment,Sole Source,PO-31871,2656.15,Yes,Cheque,False,False,False,False,False,False,True,False,1,Routine,False,Fiscal year-end activity
PAY-000940,INV-349836,2026-03-23,2025-26,2026-03,Digital Government,V0031,Supplier 031,Transportation Services,Open Competition,PO-59217,5215.63,Yes,EFT,False,False,False,False,False,False,True,False,1,Routine,False,Fiscal year-end activity
PAY-000904,INV-848987,2026-03-23,2025-26,2026-03,Digital Government,V0067,Supplier 067,Transportation Services,Open Competition,PO-19857,3353.48,Yes,EFT,False,False,False,False,False,False,True,False,1,Routine,False,Fiscal year-end activity
PAY-000482,INV-684942,2026-03-23,2025-26,2026-03,Justice & Public Safety,V0069,Supplier 069,Professional Services,Standing Offer,PO-57381,2427.21,Yes,EFT,False,False,False,False,False,False,True,False,1,Routine,False,Fiscal year-end activity
PAY-000948,INV-639087,2026-03-23,2025-26,2026-03,Education,V0015,Supplier 015,Construction Services,Standing Offer,PO-91459,2408.07,Yes,EFT,False,False,False,False,False,False,True,False,1,Routine,False,Fiscal year-end activity
PAY-001743,INV-660733,2026-03-23,2025-26,2026-03,Health Services,V0021,Supplier 021,Equipment,Open Competition,PO-44604,937.8,Yes,EFT,False,False,False,False,False,False,True,False,1,Routine,False,Fiscal year-end activity
PAY-000960,INV-464543,2026-03-23,2025-26,2026-03,Natural Resources,V0078,Supplier 078,Office Supplies,Open Competition,PO-44432,1811.01,Yes,EFT,False,False,False,False,False,False,True,False,1,Routine,False,Fiscal year-end activity
PAY-000964,INV-568731,2026-03-24,2025-26,2026-03,Health Services,V0027,Supplier 027,IT Hardware,Standing Offer,PO-70615,2133.59,Yes,Cheque,False,False,False,False,False,False,True,False,1,Routine,False,Fiscal year-end activity
PAY-000947,INV-319057,2026-03-24,2025-26,2026-03,Natural Resources,V0022,Supplier 022,Software & Licensing,Invitational,PO-21324,2259.72,Yes,EFT,False,False,False,False,False,False,True,False,1,Routine,False,Fiscal year-end activity
PAY-000909,INV-373958,2026-03-24,2025-26,2026-03,Municipal Services,V0009,Supplier 009,IT Hardware,Open Competition,PO-23582,792.43,Yes,EFT,False,False,False,False,False,False,True,False,1,Routine,False,Fiscal year-end activity
PAY-000970,INV-817875,2026-03-24,2025-26,2026-03,Digital Government,V0057,Supplier 057,Building Maintenance,Open Competition,PO-33267,6872.67,No,EFT,False,False,False,False,False,False,True,True,4,Higher,True,Fiscal year-end activity; Approval exception
PAY-000686,INV-794245,2026-03-24,2025-26,2026-03,Municipal Services,V0042,Supplier 042,Training,Open Competition,PO-53347,2517.87,Yes,EFT,False,False,False,False,False,False,True,False,1,Routine,False,Fiscal year-end activity
PAY-000912,INV-818648,2026-03-24,2025-26,2026-03,Digital Government,V0003,Supplier 003,Transportation Services,Open Competition,PO-17604,2663.31,Yes,EFT,False,False,False,False,False,False,True,False,1,Routine,False,Fiscal year-end activity
PAY-002051,INV-903990,2026-03-24,2025-26,2026-03,Transportation & Infrastructure,V0045,Supplier 045,IT Hardware,Sole Source,PO-24407,1007.44,Yes,EFT,False,False,False,False,False,False,True,False,1,Routine,False,Fiscal year-end activity
PAY-000746,INV-129777,2026-03-24,2025-26,2026-03,Transportation & Infrastructure,V0007,Supplier 007,Office Supplies,Open Competition,PO-93445,16632.92,Yes,EFT,False,False,False,False,True,False,True,False,3,Moderate,True,Statistical amount outlier; Fiscal year-end activity
PAY-001241,INV-957303,2026-03-25,2025-26,2026-03,Natural Resources,V0025,Supplier 025,Software & Licensing,Open Competition,PO-32702,6781.01,Yes,EFT,False,False,False,False,False,False,True,False,1,Routine,False,Fiscal year-end activity
PAY-001324,INV-793619,2026-03-25,2025-26,2026-03,Education,V0026,Supplier 026,Equipment,Open Competition,PO-44018,386.53,Yes,EFT,False,False,False,False,False,False,True,False,1,Routine,False,Fiscal year-end activity
PAY-001847,INV-270457,2026-03-25,2025-26,2026-03,Health Services,V0050,Supplier 050,Building Maintenance,Open Competition,PO-60141,597.08,Yes,Cheque,False,False,False,False,False,False,True,False,1,Routine,False,Fiscal year-end activity
PAY-002456,INV-783245,2026-03-25,2025-26,2026-03,Justice & Public Safety,V0037,Supplier 037,Equipment,Standing Offer,PO-37933,1340.68,Yes,EFT,False,False,False,False,False,False,True,False,1,Routine,False,Fiscal year-end activity
PAY-001515,INV-729721,2026-03-25,2025-26,2026-03,Health Services,V0009,Supplier 009,Equipment,Open Competition,PO-34419,342.03,Yes,EFT,False,False,False,False,False,False,True,False,1,Routine,False,Fiscal year-end activity
PAY-001834,INV-259912,2026-03-25,2025-26,2026-03,Digital Government,V0008,Supplier 008,Training,Standing Offer,PO-74397,6432.0,Yes,EFT,False,False,False,False,False,False,True,False,1,Routine,False,Fiscal year-end activity
PAY-000913,INV-995668,2026-03-25,2025-26,2026-03,Municipal Services,V0073,Supplier 073,Office Supplies,Invitational,PO-37290,1855.32,Yes,EFT,False,False,False,False,False,False,True,False,1,Routine,False,Fiscal year-end activity
PAY-000181,INV-894300,2026-03-25,2025-26,2026-03,Municipal Services,V0076,Supplier 076,Office Supplies,Standing Offer,PO-82209,4690.9,Yes,EFT,False,False,False,False,False,False,True,False,1,Routine,False,Fiscal year-end activity
PAY-000924,INV-132940,2026-03-25,2025-26,2026-03,Digital Government,V0028,Supplier 028,Equipment,Sole Source,PO-24807,2496.09,Yes,EFT,False,False,False,False,False,False,True,False,1,Routine,False,Fiscal year-end activity
PAY-000132,INV-496419,2026-03-25,2025-26,2026-03,Transportation & Infrastructure,V0007,Supplier 007,Software & Licensing,Invitational,PO-42380,1686.99,Yes,EFT,False,False,False,False,False,False,True,False,1,Routine,False,Fiscal year-end activity
PAY-001212,INV-965404,2026-03-26,2025-26,2026-03,Health Services,V0032,Supplier 032,Construction Services,Standing Offer,PO-82672,562.09,Yes,EFT,False,False,False,False,False,False,True,False,1,Routine,False,Fiscal year-end activity
PAY-000927,INV-256164,2026-03-26,2025-26,2026-03,Health Services,V0031,Supplier 031,Construction Services,Standing Offer,PO-13984,3338.27,Yes,EFT,False,False,False,False,False,False,True,False,1,Routine,False,Fiscal year-end activity
PAY-000014,INV-575859,2026-03-26,2025-26,2026-03,Natural Resources,V0042,Supplier 042,Construction Services,Open Competition,PO-70874,3402.85,Yes,EFT,False,False,False,False,False,False,True,False,1,Routine,False,Fiscal year-end activity
PAY-000923,INV-985375,2026-03-26,2025-26,2026-03,Municipal Services,V0003,Supplier 003,Transportation Services,Open Competition,PO-75738,278.72,Yes,EFT,False,False,False,False,False,False,True,False,1,Routine,False,Fiscal year-end activity
PAY-000252,INV-281789,2026-03-26,2025-26,2026-03,Health Services,V0063,Supplier 063,Professional Services,Open Competition,PO-93254,914.31,Yes,EFT,False,False,False,False,False,False,True,False,1,Routine,False,Fiscal year-end activity
PAY-000905,INV-260185,2026-03-26,2025-26,2026-03,Transportation & Infrastructure,V0021,Supplier 021,Office Supplies,Open Competition,PO-33593,2556.04,Yes,EFT,False,False,False,False,False,False,True,False,1,Routine,False,Fiscal year-end activity
PAY-000914,INV-682124,2026-03-26,2025-26,2026-03,Transportation & Infrastructure,V0049,Supplier 049,IT Hardware,Open Competition,PO-60773,2084.54,Yes,EFT,False,False,False,False,False,False,True,False,1,Routine,False,Fiscal year-end activity
PAY-000959,INV-512289,2026-03-26,2025-26,2026-03,Digital Government,V0062,Supplier 062,Professional Services,Open Competition,PO-26017,1245.66,Yes,EFT,False,False,False,False,False,False,True,False,1,Routine,False,Fiscal year-end activity
PAY-001126,INV-128477,2026-03-26,2025-26,2026-03,Natural Resources,V0047,Supplier 047,Transportation Services,Open Competition,PO-13763,1431.86,Yes,EFT,False,False,False,False,False,False,True,False,1,Routine,False,Fiscal year-end activity
PAY-000953,INV-213034,2026-03-26,2025-26,2026-03,Natural Resources,V0053,Supplier 053,Transportation Services,Open Competition,PO-32234,3923.99,Yes,EFT,False,False,False,False,False,False,True,False,1,Routine,False,Fiscal year-end activity
PAY-001841,INV-398073,2026-03-26,2025-26,2026-03,Natural Resources,V0066,Supplier 066,Training,Open Competition,PO-42229,2472.89,Yes,EFT,False,False,False,False,False,False,True,False,1,Routine,False,Fiscal year-end activity
PAY-002332,INV-111017,2026-03-26,2025-26,2026-03,Digital Government,V0071,Supplier 071,Training,Open Competition,PO-22464,2638.54,Yes,EFT,False,False,False,False,False,False,True,False,1,Routine,False,Fiscal year-end activity
PAY-000359,INV-585287,2026-03-26,2025-26,2026-03,Health Services,V0059,Supplier 059,Construction Services,Open Competition,PO-19642,175000.0,Yes,EFT,False,False,False,False,True,False,True,False,3,Moderate,True,Statistical amount outlier; Fiscal year-end activity
PAY-000063,INV-930819,2026-03-26,2025-26,2026-03,Education,V0009,Supplier 009,Professional Services,Open Competition,PO-26550,1681.33,Yes,EFT,False,False,False,False,False,False,True,False,1,Routine,False,Fiscal year-end activity
PAY-000830,INV-766980,2026-03-26,2025-26,2026-03,Education,V0069,Supplier 069,Office Supplies,Invitational,PO-23490,433.23,Yes,EFT,False,False,False,False,False,False,True,False,1,Routine,False,Fiscal year-end activity
PAY-000122,INV-100882,2026-03-26,2025-26,2026-03,Health Services,V0045,Supplier 045,IT Hardware,Invitational,PO-20722,3908.8,Yes,EFT,False,False,False,False,False,False,True,False,1,Routine,False,Fiscal year-end activity
PAY-000954,INV-534044,2026-03-26,2025-26,2026-03,Education,V0053,Supplier 053,Transportation Services,Invitational,PO-40975,1965.0,Yes,EFT,False,False,False,False,False,False,True,False,1,Routine,False,Fiscal year-end activity
PAY-000937,INV-926954,2026-03-26,2025-26,2026-03,Digital Government,V0003,Supplier 003,Office Supplies,Open Competition,PO-81273,3157.27,Yes,EFT,False,False,False,False,False,False,True,False,1,Routine,False,Fiscal year-end activity
PAY-000957,INV-153997,2026-03-26,2025-26,2026-03,Transportation & Infrastructure,V0058,Supplier 058,Office Supplies,Open Competition,PO-60510,654.07,Yes,Cheque,False,False,False,False,False,False,True,False,1,Routine,False,Fiscal year-end activity
PAY-001677,INV-886460,2026-03-26,2025-26,2026-03,Digital Government,V0010,Supplier 010,Professional Services,Standing Offer,PO-68817,510.98,Yes,EFT,False,False,False,False,False,False,True,False,1,Routine,False,Fiscal year-end activity
PAY-000951,INV-543942,2026-03-27,2025-26,2026-03,Natural Resources,V0020,Supplier 020,Equipment,Open Competition,PO-36503,778.33,Yes,EFT,False,False,False,False,False,False,True,False,1,Routine,False,Fiscal year-end activity
PAY-000903,INV-748002,2026-03-27,2025-26,2026-03,Justice & Public Safety,V0002,Supplier 002,Transportation Services,Standing Offer,PO-59108,2497.15,Yes,EFT,False,False,False,False,False,False,True,False,1,Routine,False,Fiscal year-end activity
PAY-001982,INV-358480,2026-03-27,2025-26,2026-03,Health Services,V0048,Supplier 048,Software & Licensing,Standing Offer,PO-11017,411.74,Yes,EFT,False,False,False,False,False,False,True,False,1,Routine,False,Fiscal year-end activity
PAY-000931,INV-126505,2026-03-27,2025-26,2026-03,Natural Resources,V0075,Supplier 075,IT Hardware,Open Competition,PO-41342,2865.36,Yes,EFT,False,False,False,False,False,False,True,False,1,Routine,False,Fiscal year-end activity
PAY-000942,INV-985829,2026-03-27,2025-26,2026-03,Natural Resources,V0023,Supplier 023,Professional Services,Standing Offer,PO-98720,5232.69,Yes,EFT,False,False,False,False,False,False,True,False,1,Routine,False,Fiscal year-end activity
PAY-002352,INV-791750,2026-03-27,2025-26,2026-03,Justice & Public Safety,V0064,Supplier 064,Training,Open Competition,PO-92926,513.34,Yes,EFT,False,False,False,False,False,False,True,False,1,Routine,False,Fiscal year-end activity
PAY-000907,INV-425188,2026-03-27,2025-26,2026-03,Education,V0043,Supplier 043,Construction Services,Open Competition,PO-15307,4048.5,Yes,EFT,False,False,False,False,False,False,True,False,1,Routine,False,Fiscal year-end activity
PAY-001205,INV-469792,2026-03-27,2025-26,2026-03,Transportation & Infrastructure,V0044,Supplier 044,Training,Invitational,PO-87467,6888.5,Yes,Cheque,False,False,False,False,False,False,True,False,1,Routine,False,Fiscal year-end activity
PAY-001037,INV-708434,2026-03-27,2025-26,2026-03,Justice & Public Safety,V0080,Supplier 080,Professional Services,Open Competition,PO-65627,667.77,Yes,EFT,False,False,False,False,False,False,True,False,1,Routine,False,Fiscal year-end activity
PAY-000559,INV-996972,2026-03-27,2025-26,2026-03,Municipal Services,V0012,Supplier 012,Construction Services,Open Competition,PO-24040,2536.66,Yes,Corporate Card,False,False,False,False,False,False,True,False,1,Routine,False,Fiscal year-end activity
PAY-000966,INV-513532,2026-03-27,2025-26,2026-03,Natural Resources,V0015,Supplier 015,Office Supplies,Open Competition,PO-10348,4568.23,Yes,EFT,False,False,False,False,False,False,True,False,1,Routine,False,Fiscal year-end activity
PAY-001896,INV-649308,2026-03-27,2025-26,2026-03,Justice & Public Safety,V0014,Supplier 014,Training,Open Competition,PO-20301,4108.35,No,EFT,False,False,False,False,False,False,True,True,4,Higher,True,Fiscal year-end activity; Approval exception
PAY-002078,INV-725675,2026-03-27,2025-26,2026-03,Municipal Services,V0029,Supplier 029,Construction Services,Open Competition,PO-32474,4776.56,Yes,EFT,False,False,False,False,False,False,True,False,1,Routine,False,Fiscal year-end activity
PAY-000648,INV-646774,2026-03-27,2025-26,2026-03,Transportation & Infrastructure,V0051,Supplier 051,Construction Services,Open Competition,PO-80388,1911.82,Yes,EFT,False,False,False,False,False,False,True,False,1,Routine,False,Fiscal year-end activity
PAY-000944,INV-536670,2026-03-27,2025-26,2026-03,Municipal Services,V0010,Supplier 010,Equipment,Open Competition,PO-97743,6973.8,Yes,EFT,False,False,False,False,False,False,True,False,1,Routine,False,Fiscal year-end activity
PAY-000969,INV-648912,2026-03-28,2025-26,2026-03,Justice & Public Safety,V0060,Supplier 060,Equipment,Open Competition,PO-75538,3302.27,Yes,EFT,False,False,False,False,False,False,True,False,1,Routine,False,Fiscal year-end activity
PAY-000917,INV-957033,2026-03-28,2025-26,2026-03,Natural Resources,V0055,Supplier 055,Software & Licensing,Open Competition,PO-24418,4133.03,Yes,EFT,False,False,False,False,False,False,True,False,1,Routine,False,Fiscal year-end activity
PAY-001351,INV-195419,2026-03-28,2025-26,2026-03,Justice & Public Safety,V0050,Supplier 050,Office Supplies,Open Competition,PO-97943,1779.44,Yes,EFT,False,False,False,False,False,False,True,False,1,Routine,False,Fiscal year-end activity
PAY-001869,INV-728151,2026-03-28,2025-26,2026-03,Transportation & Infrastructure,V0001,Supplier 001,Equipment,Open Competition,PO-35078,1514.48,Yes,Cheque,False,False,False,False,False,False,True,False,1,Routine,False,Fiscal year-end activity
PAY-000941,INV-858849,2026-03-28,2025-26,2026-03,Digital Government,V0026,Supplier 026,Training,Open Competition,PO-94104,622.8,Yes,EFT,False,False,False,False,False,False,True,False,1,Routine,False,Fiscal year-end activity
PAY-000925,INV-629954,2026-03-28,2025-26,2026-03,Justice & Public Safety,V0003,Supplier 003,Building Maintenance,Open Competition,PO-51849,1572.97,Yes,EFT,False,False,False,False,False,False,True,False,1,Routine,False,Fiscal year-end activity
PAY-002196,INV-490447,2026-03-28,2025-26,2026-03,Justice & Public Safety,V0027,Supplier 027,Professional Services,Open Competition,PO-72775,1350.83,Yes,EFT,False,False,False,False,False,False,True,False,1,Routine,False,Fiscal year-end activity
PAY-000899,INV-495797,2026-03-29,2025-26,2026-03,Transportation & Infrastructure,V0075,Supplier 075,Building Maintenance,Open Competition,PO-44058,4268.37,Yes,EFT,False,False,False,False,False,False,True,False,1,Routine,False,Fiscal year-end activity
PAY-000918,INV-581632,2026-03-29,2025-26,2026-03,Municipal Services,V0023,Supplier 023,Transportation Services,Invitational,PO-19498,5825.28,Yes,EFT,False,False,False,False,False,False,True,False,1,Routine,False,Fiscal year-end activity
PAY-000922,INV-758767,2026-03-29,2025-26,2026-03,Natural Resources,V0047,Supplier 047,Equipment,Open Competition,PO-23638,415.58,Yes,EFT,False,False,False,False,False,False,True,False,1,Routine,False,Fiscal year-end activity
PAY-001660,INV-237821,2026-03-29,2025-26,2026-03,Health Services,V0065,Supplier 065,Building Maintenance,Open Competition,PO-94942,856.14,Yes,EFT,False,False,False,False,False,False,True,False,1,Routine,False,Fiscal year-end activity
PAY-001134,INV-243988,2026-03-29,2025-26,2026-03,Justice & Public Safety,V0067,Supplier 067,Professional Services,Standing Offer,PO-28141,1439.88,Yes,EFT,False,False,False,False,False,False,True,False,1,Routine,False,Fiscal year-end activity
PAY-001642,INV-755337,2026-03-29,2025-26,2026-03,Natural Resources,V0065,Supplier 065,Training,Open Competition,PO-20622,1722.49,Yes,EFT,False,False,False,False,False,False,True,False,1,Routine,False,Fiscal year-end activity
PAY-000956,INV-154362,2026-03-29,2025-26,2026-03,Justice & Public Safety,V0002,Supplier 002,Training,Standing Offer,PO-77778,1886.32,Yes,EFT,False,False,False,False,False,False,True,False,1,Routine,False,Fiscal year-end activity
PAY-000955,INV-824886,2026-03-29,2025-26,2026-03,Digital Government,V0001,Supplier 001,Equipment,Open Competition,PO-98104,5206.72,Yes,Corporate Card,False,False,False,False,False,False,True,False,1,Routine,False,Fiscal year-end activity
PAY-001370,INV-271236,2026-03-29,2025-26,2026-03,Digital Government,V0080,Supplier 080,Equipment,Open Competition,PO-57207,1146.69,Yes,EFT,False,False,False,False,False,False,True,False,1,Routine,False,Fiscal year-end activity
PAY-000949,INV-607800,2026-03-30,2025-26,2026-03,Health Services,V0056,Supplier 056,Equipment,Standing Offer,PO-20872,1257.19,Yes,EFT,False,False,False,False,False,False,True,False,1,Routine,False,Fiscal year-end activity
PAY-002334,INV-886167,2026-03-30,2025-26,2026-03,Digital Government,V0011,Supplier 011,Equipment,Open Competition,PO-79285,1665.0,Yes,EFT,False,False,False,False,False,False,True,False,1,Routine,False,Fiscal year-end activity
PAY-000952,INV-148784,2026-03-30,2025-26,2026-03,Health Services,V0047,Supplier 047,Office Supplies,Open Competition,PO-62268,1526.22,Yes,EFT,False,False,False,False,False,False,True,False,1,Routine,False,Fiscal year-end activity
PAY-001484,INV-887199,2026-03-30,2025-26,2026-03,Education,V0048,Supplier 048,Building Maintenance,Standing Offer,,849.8,Yes,Corporate Card,False,False,True,False,False,False,True,False,2,Moderate,True,Missing purchase order; Fiscal year-end activity
PAY-000038,INV-319222,2026-03-30,2025-26,2026-03,Justice & Public Safety,V0040,Supplier 040,Building Maintenance,Sole Source,PO-84423,1074.08,Yes,EFT,False,False,False,False,False,False,True,False,1,Routine,False,Fiscal year-end activity
PAY-000933,INV-547603,2026-03-30,2025-26,2026-03,Justice & Public Safety,V0065,Supplier 065,Equipment,Invitational,PO-88132,304.02,Yes,EFT,False,False,False,False,False,False,True,False,1,Routine,False,Fiscal year-end activity
PAY-000943,INV-628168,2026-03-30,2025-26,2026-03,Education,V0030,Supplier 030,Construction Services,Sole Source,PO-58481,2220.54,No,EFT,False,False,False,False,False,False,True,True,4,Higher,True,Fiscal year-end activity; Approval exception
PAY-001914,INV-830896,2026-03-30,2025-26,2026-03,Municipal Services,V0009,Supplier 009,Building Maintenance,Open Competition,PO-45303,4200.77,Yes,EFT,False,False,False,False,False,False,True,False,1,Routine,False,Fiscal year-end activity
PAY-002145,INV-392926,2026-03-30,2025-26,2026-03,Health Services,V0044,Supplier 044,Construction Services,Invitational,PO-72347,1622.39,Yes,EFT,False,False,False,False,False,False,True,False,1,Routine,False,Fiscal year-end activity
PAY-000926,INV-399266,2026-03-30,2025-26,2026-03,Health Services,V0004,Supplier 004,Construction Services,Standing Offer,PO-82721,2849.43,Yes,Cheque,False,False,False,False,False,False,True,False,1,Routine,False,Fiscal year-end activity
PAY-001186,INV-740816,2026-03-30,2025-26,2026-03,Health Services,V0058,Supplier 058,Software & Licensing,Open Competition,PO-95953,2039.44,Yes,EFT,False,False,False,False,False,False,True,False,1,Routine,False,Fiscal year-end activity
PAY-000935,INV-304354,2026-03-30,2025-26,2026-03,Health Services,V0017,Supplier 017,Office Supplies,Sole Source,PO-65713,1893.82,Yes,EFT,False,False,False,False,False,False,True,False,1,Routine,False,Fiscal year-end activity
PAY-001306,INV-414368,2026-03-30,2025-26,2026-03,Transportation & Infrastructure,V0072,Supplier 072,Software & Licensing,Open Competition,PO-57092,1633.21,Yes,Cheque,False,False,False,False,False,False,True,False,1,Routine,False,Fiscal year-end activity
PAY-000631,INV-841652,2026-03-30,2025-26,2026-03,Transportation & Infrastructure,V0041,Supplier 041,Training,Invitational,PO-56323,4027.07,Yes,EFT,False,False,False,False,False,False,True,False,1,Routine,False,Fiscal year-end activity
PAY-000720,INV-805611,2026-03-31,2025-26,2026-03,Transportation & Infrastructure,V0007,Supplier 007,Transportation Services,Open Competition,PO-54420,23165.58,Yes,EFT,False,False,False,False,True,False,True,False,3,Moderate,True,Statistical amount outlier; Fiscal year-end activity
PAY-000950,INV-204843,2026-03-31,2025-26,2026-03,Education,V0074,Supplier 074,Training,Standing Offer,PO-82673,1448.29,Yes,Cheque,False,False,False,False,False,False,True,False,1,Routine,False,Fiscal year-end activity
PAY-000619,INV-665403,2026-03-31,2025-26,2026-03,Municipal Services,V0072,Supplier 072,Transportation Services,Standing Offer,,258.54,Yes,EFT,False,False,True,False,False,False,True,False,2,Moderate,True,Missing purchase order; Fiscal year-end activity
PAY-000945,INV-667827,2026-03-31,2025-26,2026-03,Health Services,V0072,Supplier 072,Training,Open Competition,PO-58603,1854.97,Yes,EFT,False,False,False,False,False,False,True,False,1,Routine,False,Fiscal year-end activity
PAY-000890,INV-201121,2026-03-31,2025-26,2026-03,Digital Government,V0053,Supplier 053,Training,Standing Offer,PO-44604,1096.14,Yes,EFT,False,False,False,False,False,False,True,False,1,Routine,False,Fiscal year-end activity
PAY-000939,INV-350694,2026-03-31,2025-26,2026-03,Municipal Services,V0053,Supplier 053,Equipment,Open Competition,PO-75942,3615.72,Yes,EFT,False,False,False,False,False,False,True,False,1,Routine,False,Fiscal year-end activity
PAY-000936,INV-701799,2026-03-31,2025-26,2026-03,Education,V0065,Supplier 065,Transportation Services,Standing Offer,PO-80344,421.54,Yes,EFT,False,False,False,False,False,False,True,False,1,Routine,False,Fiscal year-end activity
PAY-001450,INV-121058,2026-03-31,2025-26,2026-03,Transportation & Infrastructure,V0023,Supplier 023,Building Maintenance,Standing Offer,PO-28032,2467.32,Yes,EFT,False,False,False,False,False,False,True,False,1,Routine,False,Fiscal year-end activity
PAY-000967,INV-257255,2026-03-31,2025-26,2026-03,Justice & Public Safety,V0046,Supplier 046,IT Hardware,Open Competition,PO-21857,2763.53,Yes,EFT,False,False,False,False,False,False,True,False,1,Routine,False,Fiscal year-end activity
PAY-000961,INV-900981,2026-03-31,2025-26,2026-03,Justice & Public Safety,V0072,Supplier 072,IT Hardware,Open Competition,PO-41116,6322.92,Yes,EFT,False,False,False,False,False,False,True,False,1,Routine,False,Fiscal year-end activity
PAY-000313,INV-931769,2026-03-31,2025-26,2026-03,Digital Government,V0065,Supplier 065,IT Hardware,Invitational,PO-54561,1457.2,Yes,EFT,False,False,False,False,False,False,True,False,1,Routine,False,Fiscal year-end activity
PAY-001682,INV-934089,2026-03-31,2025-26,2026-03,Health Services,V0062,Supplier 062,Training,Sole Source,PO-79912,5126.11,Yes,EFT,False,False,False,False,False,False,True,False,1,Routine,False,Fiscal year-end activity
PAY-000911,INV-372168,2026-03-31,2025-26,2026-03,Transportation & Infrastructure,V0026,Supplier 026,Training,Open Competition,PO-53944,1748.87,Yes,EFT,False,False,False,False,False,False,True,False,1,Routine,False,Fiscal year-end activity
PAY-000968,INV-980292,2026-03-31,2025-26,2026-03,Justice & Public Safety,V0001,Supplier 001,IT Hardware,Sole Source,PO-95914,1625.68,Yes,EFT,False,False,False,False,False,False,True,False,1,Routine,False,Fiscal year-end activity
PAY-000963,INV-840686,2026-03-31,2025-26,2026-03,Natural Resources,V0026,Supplier 026,Professional Services,Open Competition,PO-30856,2540.29,Yes,EFT,False,False,False,False,False,False,True,False,1,Routine,False,Fiscal year-end activity
PAY-000420,INV-604655,2026-03-31,2025-26,2026-03,Natural Resources,V0033,Supplier 033,Equipment,Standing Offer,PO-48938,4245.28,Yes,EFT,False,False,False,False,False,False,True,False,1,Routine,False,Fiscal year-end activity
PAY-001101,INV-245364,2026-03-31,2025-26,2026-03,Natural Resources,V0072,Supplier 072,Equipment,Sole Source,PO-95647,39431.24,Yes,EFT,False,False,False,False,True,True,True,False,5,Higher,True,Statistical amount outlier; Fiscal year-end activity; Higher-value sole-source transaction
PAY-001403,INV-543049,2026-03-31,2025-26,2026-03,Health Services,V0074,Supplier 074,Transportation Services,Invitational,PO-93780,2239.63,Yes,EFT,False,False,False,False,False,False,True,False,1,Routine,False,Fiscal year-end activity
PAY-002102,INV-241002,2026-03-31,2025-26,2026-03,Health Services,V0073,Supplier 073,IT Hardware,Open Competition,PO-92131,8830.75,Yes,EFT,False,False,False,False,False,False,True,False,1,Routine,False,Fiscal year-end activity
