transaction_id,invoice_number,payment_date,fiscal_year,payment_month,department,vendor_id,vendor_name,category,procurement_method,purchase_order,amount,approved,payment_method,duplicate_risk,missing_vendor,missing_po,near_threshold,amount_outlier,high_value_sole_source,year_end_activity,approval_exception,risk_score,risk_classification,flagged_for_review,risk_reason
PAY-001988,INV-706603,4/1/2025,2025-26,2025-04,Health Services,V0023,Supplier 023,Building Maintenance,Invitational,PO-72473,"$3,952.55",Yes,EFT,FALSE,FALSE,FALSE,FALSE,FALSE,FALSE,FALSE,FALSE,0,Routine,FALSE,No predefined exception
PAY-001029,INV-803023,4/1/2025,2025-26,2025-04,Justice & Public Safety,V0010,Supplier 010,Office Supplies,Standing Offer,PO-18487,$978.43,Yes,EFT,FALSE,FALSE,FALSE,FALSE,FALSE,FALSE,FALSE,FALSE,0,Routine,FALSE,No predefined exception
PAY-000992,INV-913071,4/1/2025,2025-26,2025-04,Natural Resources,V0073,Supplier 073,Office Supplies,Invitational,PO-54086,"$10,829.88",Yes,EFT,FALSE,FALSE,FALSE,FALSE,TRUE,FALSE,FALSE,FALSE,2,Moderate,TRUE,Statistical amount outlier
PAY-000447,INV-565483,4/1/2025,2025-26,2025-04,Municipal Services,V0001,Supplier 001,Building Maintenance,Open Competition,PO-81102,"$2,639.71",Yes,EFT,FALSE,FALSE,FALSE,FALSE,FALSE,FALSE,FALSE,FALSE,0,Routine,FALSE,No predefined exception
PAY-000849,INV-861062,4/1/2025,2025-26,2025-04,Justice & Public Safety,V0043,Supplier 043,Professional Services,Invitational,PO-55580,"$3,876.53",Yes,EFT,FALSE,FALSE,FALSE,FALSE,FALSE,FALSE,FALSE,FALSE,0,Routine,FALSE,No predefined exception
PAY-002071,INV-598782,4/1/2025,2025-26,2025-04,Health Services,V0031,Supplier 031,Building Maintenance,Open Competition,PO-17413,"$1,673.24",Yes,EFT,FALSE,FALSE,FALSE,FALSE,FALSE,FALSE,FALSE,FALSE,0,Routine,FALSE,No predefined exception
PAY-000756,INV-245338,4/1/2025,2025-26,2025-04,Justice & Public Safety,V0007,Supplier 007,Transportation Services,Open Competition,PO-20796,"$21,412.31",Yes,EFT,FALSE,FALSE,FALSE,FALSE,TRUE,FALSE,FALSE,FALSE,2,Moderate,TRUE,Statistical amount outlier
PAY-002011,INV-502935,4/1/2025,2025-26,2025-04,Education,V0036,Supplier 036,Office Supplies,Open Competition,PO-21775,"$1,281.34",Yes,EFT,FALSE,FALSE,FALSE,FALSE,FALSE,FALSE,FALSE,FALSE,0,Routine,FALSE,No predefined exception
PAY-000649,INV-473957,4/1/2025,2025-26,2025-04,Digital Government,V0065,Supplier 065,Professional Services,Open Competition,PO-71083,"$1,168.15",Yes,Corporate Card,FALSE,FALSE,FALSE,FALSE,FALSE,FALSE,FALSE,FALSE,0,Routine,FALSE,No predefined exception
PAY-001165,INV-752694,4/1/2025,2025-26,2025-04,Justice & Public Safety,V0044,Supplier 044,IT Hardware,Standing Offer,PO-91711,"$1,760.11",Yes,Cheque,FALSE,FALSE,FALSE,FALSE,FALSE,FALSE,FALSE,FALSE,0,Routine,FALSE,No predefined exception
PAY-000678,INV-240021,4/1/2025,2025-26,2025-04,Municipal Services,V0036,Supplier 036,Training,Invitational,PO-63164,"$3,594.51",Yes,EFT,FALSE,FALSE,FALSE,FALSE,FALSE,FALSE,FALSE,FALSE,0,Routine,FALSE,No predefined exception
PAY-000207,INV-935002,4/2/2025,2025-26,2025-04,Digital Government,V0013,Supplier 013,Training,Open Competition,PO-68486,"$9,990.00",Yes,Corporate Card,FALSE,FALSE,FALSE,TRUE,TRUE,FALSE,FALSE,FALSE,4,Higher,TRUE,Near hypothetical threshold; Statistical amount outlier
PAY-001824,INV-492575,4/2/2025,2025-26,2025-04,Education,V0038,Supplier 038,Transportation Services,Open Competition,PO-68612,"$1,706.00",Yes,Cheque,FALSE,FALSE,FALSE,FALSE,FALSE,FALSE,FALSE,FALSE,0,Routine,FALSE,No predefined exception
PAY-000064,INV-103089,4/2/2025,2025-26,2025-04,Natural Resources,V0076,Supplier 076,Office Supplies,Invitational,PO-83839,"$2,203.47",Yes,EFT,FALSE,FALSE,FALSE,FALSE,FALSE,FALSE,FALSE,FALSE,0,Routine,FALSE,No predefined exception
PAY-002174,INV-719330,4/2/2025,2025-26,2025-04,Health Services,V0021,Supplier 021,Construction Services,Open Competition,PO-61305,"$7,770.52",Yes,Cheque,FALSE,FALSE,FALSE,FALSE,FALSE,FALSE,FALSE,FALSE,0,Routine,FALSE,No predefined exception
PAY-000264,INV-858284,4/2/2025,2025-26,2025-04,Municipal Services,V0068,Supplier 068,Equipment,Standing Offer,PO-83180,"$5,452.71",Yes,EFT,FALSE,FALSE,FALSE,FALSE,FALSE,FALSE,FALSE,FALSE,0,Routine,FALSE,No predefined exception
PAY-001949,INV-929151,4/2/2025,2025-26,2025-04,Transportation & Infrastructure,V0048,Supplier 048,Software & Licensing,Standing Offer,,$322.20,Yes,EFT,FALSE,FALSE,TRUE,FALSE,FALSE,FALSE,FALSE,FALSE,1,Routine,FALSE,Missing purchase order
PAY-001290,INV-974340,4/2/2025,2025-26,2025-04,Digital Government,V0062,Supplier 062,Training,Open Competition,PO-70161,"$3,125.55",Yes,EFT,FALSE,FALSE,FALSE,FALSE,FALSE,FALSE,FALSE,FALSE,0,Routine,FALSE,No predefined exception
PAY-001865,INV-733619,4/3/2025,2025-26,2025-04,Health Services,V0009,Supplier 009,Professional Services,Invitational,PO-36477,$829.36,Yes,EFT,FALSE,FALSE,FALSE,FALSE,FALSE,FALSE,FALSE,FALSE,0,Routine,FALSE,No predefined exception
PAY-002322,INV-869032,4/3/2025,2025-26,2025-04,Transportation & Infrastructure,V0061,Supplier 061,IT Hardware,Open Competition,PO-59408,"$1,826.77",Yes,EFT,FALSE,FALSE,FALSE,FALSE,FALSE,FALSE,FALSE,FALSE,0,Routine,FALSE,No predefined exception
PAY-002125,INV-631661,4/3/2025,2025-26,2025-04,Municipal Services,V0005,Supplier 005,Construction Services,Open Competition,PO-41604,"$2,325.73",Yes,EFT,FALSE,FALSE,FALSE,FALSE,FALSE,FALSE,FALSE,FALSE,0,Routine,FALSE,No predefined exception
PAY-001578,INV-791150,4/3/2025,2025-26,2025-04,Digital Government,V0047,Supplier 047,Office Supplies,Invitational,PO-56205,$386.93,Yes,EFT,FALSE,FALSE,FALSE,FALSE,FALSE,FALSE,FALSE,FALSE,0,Routine,FALSE,No predefined exception
PAY-000896,INV-177994,4/3/2025,2025-26,2025-04,Digital Government,V0004,Supplier 004,Office Supplies,Sole Source,PO-99839,$478.40,Yes,EFT,FALSE,FALSE,FALSE,FALSE,FALSE,FALSE,FALSE,FALSE,0,Routine,FALSE,No predefined exception
PAY-001519,INV-329991,4/3/2025,2025-26,2025-04,Natural Resources,V0037,Supplier 037,Training,Open Competition,PO-70207,"$11,513.41",Yes,EFT,FALSE,FALSE,FALSE,FALSE,TRUE,FALSE,FALSE,FALSE,2,Moderate,TRUE,Statistical amount outlier
PAY-000497,INV-565806,4/4/2025,2025-26,2025-04,Digital Government,V0003,Supplier 003,Equipment,Open Competition,PO-14069,"$2,457.47",Yes,EFT,FALSE,FALSE,FALSE,FALSE,FALSE,FALSE,FALSE,FALSE,0,Routine,FALSE,No predefined exception
PAY-001487,INV-667256,4/4/2025,2025-26,2025-04,Health Services,V0067,Supplier 067,Professional Services,Standing Offer,PO-44354,"$2,673.44",Yes,EFT,FALSE,FALSE,FALSE,FALSE,FALSE,FALSE,FALSE,FALSE,0,Routine,FALSE,No predefined exception
PAY-001329,INV-585443,4/4/2025,2025-26,2025-04,Education,V0014,Supplier 014,IT Hardware,Standing Offer,PO-46759,"$2,650.18",Yes,EFT,FALSE,FALSE,FALSE,FALSE,FALSE,FALSE,FALSE,FALSE,0,Routine,FALSE,No predefined exception
PAY-000326,INV-439273,4/4/2025,2025-26,2025-04,Transportation & Infrastructure,V0016,Supplier 016,Equipment,Open Competition,PO-92494,"$4,165.44",Yes,EFT,FALSE,FALSE,FALSE,FALSE,FALSE,FALSE,FALSE,FALSE,0,Routine,FALSE,No predefined exception
PAY-001724,INV-509675,4/4/2025,2025-26,2025-04,Education,V0041,Supplier 041,IT Hardware,Standing Offer,PO-93650,"$1,107.35",Yes,EFT,FALSE,FALSE,FALSE,FALSE,FALSE,FALSE,FALSE,FALSE,0,Routine,FALSE,No predefined exception
PAY-001912,INV-749443,4/4/2025,2025-26,2025-04,Health Services,V0049,Supplier 049,IT Hardware,Standing Offer,PO-56314,"$1,920.66",Yes,EFT,FALSE,FALSE,FALSE,FALSE,FALSE,FALSE,FALSE,FALSE,0,Routine,FALSE,No predefined exception
PAY-000843,INV-612656,4/5/2025,2025-26,2025-04,Transportation & Infrastructure,V0031,Supplier 031,Training,Open Competition,PO-49875,"$1,892.19",Yes,EFT,FALSE,FALSE,FALSE,FALSE,FALSE,FALSE,FALSE,FALSE,0,Routine,FALSE,No predefined exception
PAY-000129,INV-563956,4/5/2025,2025-26,2025-04,Health Services,V0002,Supplier 002,Equipment,Standing Offer,PO-32713,"$10,130.77",Yes,EFT,FALSE,FALSE,FALSE,FALSE,TRUE,FALSE,FALSE,FALSE,2,Moderate,TRUE,Statistical amount outlier
PAY-000721,INV-820531,4/5/2025,2025-26,2025-04,Transportation & Infrastructure,V0007,Supplier 007,Software & Licensing,Open Competition,PO-69278,"$8,029.08",Yes,EFT,FALSE,FALSE,FALSE,FALSE,FALSE,FALSE,FALSE,FALSE,0,Routine,FALSE,No predefined exception
PAY-000614,INV-830070,4/5/2025,2025-26,2025-04,Digital Government,V0080,Supplier 080,Building Maintenance,Standing Offer,,"$3,118.70",Yes,EFT,FALSE,FALSE,TRUE,FALSE,FALSE,FALSE,FALSE,FALSE,1,Routine,FALSE,Missing purchase order
PAY-002282,INV-429457,4/5/2025,2025-26,2025-04,Municipal Services,V0020,Supplier 020,IT Hardware,Open Competition,PO-51378,"$2,953.13",Yes,Cheque,FALSE,FALSE,FALSE,FALSE,FALSE,FALSE,FALSE,FALSE,0,Routine,FALSE,No predefined exception
PAY-002331,INV-711524,4/5/2025,2025-26,2025-04,Health Services,V0036,Supplier 036,Professional Services,Open Competition,PO-55779,"$1,214.43",Yes,EFT,FALSE,FALSE,FALSE,FALSE,FALSE,FALSE,FALSE,FALSE,0,Routine,FALSE,No predefined exception
PAY-001045,INV-820394,4/5/2025,2025-26,2025-04,Health Services,V0013,Supplier 013,Building Maintenance,Standing Offer,PO-26699,$467.15,Yes,EFT,FALSE,FALSE,FALSE,FALSE,FALSE,FALSE,FALSE,FALSE,0,Routine,FALSE,No predefined exception
PAY-001092,INV-513166,4/5/2025,2025-26,2025-04,Municipal Services,V0051,Supplier 051,IT Hardware,Open Competition,PO-88908,"$7,567.94",Yes,EFT,FALSE,FALSE,FALSE,FALSE,FALSE,FALSE,FALSE,FALSE,0,Routine,FALSE,No predefined exception
PAY-002432,INV-476460,4/5/2025,2025-26,2025-04,Municipal Services,V0038,Supplier 038,IT Hardware,Invitational,PO-95573,"$3,975.73",Yes,EFT,FALSE,FALSE,FALSE,FALSE,FALSE,FALSE,FALSE,FALSE,0,Routine,FALSE,No predefined exception
PAY-001562,INV-309124,4/5/2025,2025-26,2025-04,Digital Government,V0070,Supplier 070,Professional Services,Standing Offer,PO-98483,"$3,131.36",Yes,EFT,FALSE,FALSE,FALSE,FALSE,FALSE,FALSE,FALSE,FALSE,0,Routine,FALSE,No predefined exception
PAY-000416,INV-993941,4/5/2025,2025-26,2025-04,Transportation & Infrastructure,V0064,Supplier 064,Equipment,Open Competition,PO-33074,"$1,337.11",Yes,EFT,FALSE,FALSE,FALSE,FALSE,FALSE,FALSE,FALSE,FALSE,0,Routine,FALSE,No predefined exception
PAY-002052,INV-420580,4/5/2025,2025-26,2025-04,Municipal Services,V0006,Supplier 006,Office Supplies,Open Competition,PO-94622,"$3,375.74",Yes,EFT,FALSE,FALSE,FALSE,FALSE,FALSE,FALSE,FALSE,FALSE,0,Routine,FALSE,No predefined exception
PAY-000335,INV-429478,4/6/2025,2025-26,2025-04,Justice & Public Safety,V0073,Supplier 073,Construction Services,Open Competition,PO-45571,"$1,601.98",Yes,EFT,FALSE,FALSE,FALSE,FALSE,FALSE,FALSE,FALSE,FALSE,0,Routine,FALSE,No predefined exception
PAY-000742,INV-312986,4/6/2025,2025-26,2025-04,Digital Government,V0007,Supplier 007,Construction Services,Open Competition,PO-87658,"$26,181.28",Yes,EFT,FALSE,FALSE,FALSE,FALSE,TRUE,FALSE,FALSE,FALSE,2,Moderate,TRUE,Statistical amount outlier
PAY-000895,INV-244179,4/7/2025,2025-26,2025-04,Digital Government,V0042,Supplier 042,Office Supplies,Invitational,PO-29728,$737.68,Yes,Cheque,FALSE,FALSE,FALSE,FALSE,FALSE,FALSE,FALSE,FALSE,0,Routine,FALSE,No predefined exception
PAY-001715,INV-710682,4/7/2025,2025-26,2025-04,Natural Resources,V0056,Supplier 056,IT Hardware,Standing Offer,PO-54121,"$1,995.45",Yes,EFT,FALSE,FALSE,FALSE,FALSE,FALSE,FALSE,FALSE,FALSE,0,Routine,FALSE,No predefined exception
PAY-002468,INV-714653,4/7/2025,2025-26,2025-04,Municipal Services,V0018,Supplier 018,Software & Licensing,Open Competition,PO-65833,"$3,180.99",Yes,EFT,FALSE,FALSE,FALSE,FALSE,FALSE,FALSE,FALSE,FALSE,0,Routine,FALSE,No predefined exception
PAY-001278,INV-340617,4/7/2025,2025-26,2025-04,Transportation & Infrastructure,V0077,Supplier 077,Office Supplies,Sole Source,PO-89669,"$5,622.16",Yes,EFT,FALSE,FALSE,FALSE,FALSE,FALSE,FALSE,FALSE,FALSE,0,Routine,FALSE,No predefined exception
PAY-001860,INV-487128,4/7/2025,2025-26,2025-04,Natural Resources,V0070,Supplier 070,Construction Services,Open Competition,PO-23603,"$1,690.09",Yes,EFT,FALSE,FALSE,FALSE,FALSE,FALSE,FALSE,FALSE,FALSE,0,Routine,FALSE,No predefined exception
PAY-000606,INV-628313,4/7/2025,2025-26,2025-04,Justice & Public Safety,V0004,Supplier 004,IT Hardware,Open Competition,,"$1,651.43",Yes,EFT,FALSE,FALSE,TRUE,FALSE,FALSE,FALSE,FALSE,FALSE,1,Routine,FALSE,Missing purchase order
PAY-001463,INV-724152,4/7/2025,2025-26,2025-04,Transportation & Infrastructure,V0050,Supplier 050,Construction Services,Open Competition,PO-35212,"$10,984.45",Yes,Corporate Card,FALSE,FALSE,FALSE,FALSE,TRUE,FALSE,FALSE,FALSE,2,Moderate,TRUE,Statistical amount outlier
PAY-002382,INV-549542,4/7/2025,2025-26,2025-04,Education,V0074,Supplier 074,Software & Licensing,Open Competition,PO-38800,"$2,211.61",Yes,EFT,FALSE,FALSE,FALSE,FALSE,FALSE,FALSE,FALSE,FALSE,0,Routine,FALSE,No predefined exception
PAY-001651,INV-561122,4/7/2025,2025-26,2025-04,Transportation & Infrastructure,V0003,Supplier 003,Training,Open Competition,PO-60762,"$1,212.25",Yes,EFT,FALSE,FALSE,FALSE,FALSE,FALSE,FALSE,FALSE,FALSE,0,Routine,FALSE,No predefined exception
PAY-001251,INV-663739,4/8/2025,2025-26,2025-04,Transportation & Infrastructure,V0037,Supplier 037,Equipment,Open Competition,PO-66270,"$2,973.24",No,EFT,FALSE,FALSE,FALSE,FALSE,FALSE,FALSE,FALSE,TRUE,3,Moderate,TRUE,Approval exception
PAY-000688,INV-296292,4/8/2025,2025-26,2025-04,Transportation & Infrastructure,V0014,Supplier 014,Transportation Services,Open Competition,PO-89693,"$1,695.71",Yes,EFT,FALSE,FALSE,FALSE,FALSE,FALSE,FALSE,FALSE,FALSE,0,Routine,FALSE,No predefined exception
PAY-001942,INV-217369,4/8/2025,2025-26,2025-04,Education,V0076,Supplier 076,Building Maintenance,Standing Offer,PO-41254,"$2,092.54",Yes,EFT,FALSE,FALSE,FALSE,FALSE,FALSE,FALSE,FALSE,FALSE,0,Routine,FALSE,No predefined exception
PAY-000829,INV-370001,4/8/2025,2025-26,2025-04,Transportation & Infrastructure,V0015,Supplier 015,Transportation Services,Open Competition,PO-86925,"$6,361.28",Yes,EFT,FALSE,FALSE,FALSE,FALSE,FALSE,FALSE,FALSE,FALSE,0,Routine,FALSE,No predefined exception
PAY-001765,INV-230364,4/8/2025,2025-26,2025-04,Municipal Services,V0048,Supplier 048,Professional Services,Open Competition,PO-23515,"$5,526.15",Yes,EFT,FALSE,FALSE,FALSE,FALSE,FALSE,FALSE,FALSE,FALSE,0,Routine,FALSE,No predefined exception
PAY-000876,INV-538744,4/8/2025,2025-26,2025-04,Education,V0049,Supplier 049,Transportation Services,Standing Offer,PO-52428,"$1,380.95",Yes,EFT,FALSE,FALSE,FALSE,FALSE,FALSE,FALSE,FALSE,FALSE,0,Routine,FALSE,No predefined exception
PAY-002045,INV-707317,4/8/2025,2025-26,2025-04,Health Services,V0071,Supplier 071,Professional Services,Open Competition,PO-16462,"$4,793.43",Yes,EFT,FALSE,FALSE,FALSE,FALSE,FALSE,FALSE,FALSE,FALSE,0,Routine,FALSE,No predefined exception
PAY-001320,INV-710610,4/9/2025,2025-26,2025-04,Digital Government,V0029,Supplier 029,Construction Services,Sole Source,PO-99306,"$2,086.31",Yes,EFT,FALSE,FALSE,FALSE,FALSE,FALSE,FALSE,FALSE,FALSE,0,Routine,FALSE,No predefined exception
PAY-001568,INV-488742,4/9/2025,2025-26,2025-04,Digital Government,V0067,Supplier 067,IT Hardware,Open Competition,PO-25637,"$1,277.37",Yes,EFT,FALSE,FALSE,FALSE,FALSE,FALSE,FALSE,FALSE,FALSE,0,Routine,FALSE,No predefined exception
PAY-001784,INV-317912,4/9/2025,2025-26,2025-04,Education,V0080,Supplier 080,Construction Services,Open Competition,PO-51371,"$2,437.94",Yes,EFT,FALSE,FALSE,FALSE,FALSE,FALSE,FALSE,FALSE,FALSE,0,Routine,FALSE,No predefined exception
PAY-000602,INV-679678,4/9/2025,2025-26,2025-04,Education,V0014,Supplier 014,Software & Licensing,Standing Offer,,"$1,159.89",Yes,EFT,FALSE,FALSE,TRUE,FALSE,FALSE,FALSE,FALSE,FALSE,1,Routine,FALSE,Missing purchase order
PAY-000270,INV-597873,4/9/2025,2025-26,2025-04,Digital Government,V0066,Supplier 066,Professional Services,Invitational,PO-91658,"$2,579.59",Yes,EFT,FALSE,FALSE,FALSE,FALSE,FALSE,FALSE,FALSE,FALSE,0,Routine,FALSE,No predefined exception
PAY-002204,INV-704019,4/9/2025,2025-26,2025-04,Health Services,V0039,Supplier 039,Training,Standing Offer,PO-65615,"$1,736.82",Yes,EFT,FALSE,FALSE,FALSE,FALSE,FALSE,FALSE,FALSE,FALSE,0,Routine,FALSE,No predefined exception
PAY-000098,INV-426160,4/9/2025,2025-26,2025-04,Health Services,V0001,Supplier 001,Construction Services,Open Competition,PO-26396,"$1,302.81",Yes,EFT,FALSE,FALSE,FALSE,FALSE,FALSE,FALSE,FALSE,FALSE,0,Routine,FALSE,No predefined exception
PAY-001844,INV-418774,4/9/2025,2025-26,2025-04,Education,V0080,Supplier 080,IT Hardware,Open Competition,PO-90911,"$4,642.70",Yes,EFT,FALSE,FALSE,FALSE,FALSE,FALSE,FALSE,FALSE,FALSE,0,Routine,FALSE,No predefined exception
PAY-001598,INV-134160,4/9/2025,2025-26,2025-04,Transportation & Infrastructure,V0010,Supplier 010,Construction Services,Invitational,PO-61928,"$4,203.52",Yes,EFT,FALSE,FALSE,FALSE,FALSE,FALSE,FALSE,FALSE,FALSE,0,Routine,FALSE,No predefined exception
PAY-000715,INV-936002,4/10/2025,2025-26,2025-04,Natural Resources,V0007,Supplier 007,Equipment,Standing Offer,PO-94013,"$13,987.27",Yes,Corporate Card,FALSE,FALSE,FALSE,FALSE,TRUE,FALSE,FALSE,FALSE,2,Moderate,TRUE,Statistical amount outlier
PAY-000485,INV-219975,4/10/2025,2025-26,2025-04,Transportation & Infrastructure,V0018,Supplier 018,Software & Licensing,Open Competition,PO-84655,"$2,261.44",Yes,EFT,FALSE,FALSE,FALSE,FALSE,FALSE,FALSE,FALSE,FALSE,0,Routine,FALSE,No predefined exception
PAY-001973,INV-892425,4/10/2025,2025-26,2025-04,Health Services,V0043,Supplier 043,Office Supplies,Open Competition,PO-86424,"$1,755.72",Yes,EFT,FALSE,FALSE,FALSE,FALSE,FALSE,FALSE,FALSE,FALSE,0,Routine,FALSE,No predefined exception
PAY-001004,INV-709654,4/10/2025,2025-26,2025-04,Municipal Services,V0044,Supplier 044,IT Hardware,Standing Offer,PO-81124,$962.06,Yes,EFT,FALSE,FALSE,FALSE,FALSE,FALSE,FALSE,FALSE,FALSE,0,Routine,FALSE,No predefined exception
PAY-001091,INV-689872,4/10/2025,2025-26,2025-04,Digital Government,V0012,Supplier 012,Software & Licensing,Invitational,PO-39570,$679.78,Yes,Cheque,FALSE,FALSE,FALSE,FALSE,FALSE,FALSE,FALSE,FALSE,0,Routine,FALSE,No predefined exception
PAY-002206,INV-951563,4/10/2025,2025-26,2025-04,Municipal Services,V0047,Supplier 047,Software & Licensing,Open Competition,PO-16343,"$1,908.03",Yes,EFT,FALSE,FALSE,FALSE,FALSE,FALSE,FALSE,FALSE,FALSE,0,Routine,FALSE,No predefined exception
PAY-001380,INV-707337,4/11/2025,2025-26,2025-04,Justice & Public Safety,V0050,Supplier 050,Building Maintenance,Standing Offer,PO-38633,"$2,817.82",Yes,EFT,FALSE,FALSE,FALSE,FALSE,FALSE,FALSE,FALSE,FALSE,0,Routine,FALSE,No predefined exception
PAY-001293,INV-336545,4/11/2025,2025-26,2025-04,Natural Resources,V0044,Supplier 044,Transportation Services,Standing Offer,PO-12948,"$1,690.46",Yes,EFT,FALSE,FALSE,FALSE,FALSE,FALSE,FALSE,FALSE,FALSE,0,Routine,FALSE,No predefined exception
PAY-001802,INV-659319,4/11/2025,2025-26,2025-04,Transportation & Infrastructure,V0057,Supplier 057,Professional Services,Open Competition,PO-32674,$861.05,Yes,EFT,FALSE,FALSE,FALSE,FALSE,FALSE,FALSE,FALSE,FALSE,0,Routine,FALSE,No predefined exception
PAY-001123,INV-143162,4/11/2025,2025-26,2025-04,Transportation & Infrastructure,V0067,Supplier 067,Building Maintenance,Sole Source,PO-67677,"$1,778.25",Yes,EFT,FALSE,FALSE,FALSE,FALSE,FALSE,FALSE,FALSE,FALSE,0,Routine,FALSE,No predefined exception
PAY-002241,INV-647578,4/11/2025,2025-26,2025-04,Municipal Services,V0006,Supplier 006,Transportation Services,Open Competition,PO-13572,"$1,117.17",Yes,EFT,FALSE,FALSE,FALSE,FALSE,FALSE,FALSE,FALSE,FALSE,0,Routine,FALSE,No predefined exception
PAY-001539,INV-240562,4/11/2025,2025-26,2025-04,Health Services,V0024,Supplier 024,Construction Services,Sole Source,PO-25115,"$4,544.44",Yes,EFT,FALSE,FALSE,FALSE,FALSE,FALSE,FALSE,FALSE,FALSE,0,Routine,FALSE,No predefined exception
PAY-002134,INV-492647,4/12/2025,2025-26,2025-04,Justice & Public Safety,V0033,Supplier 033,Software & Licensing,Open Competition,PO-71639,$965.28,Yes,EFT,FALSE,FALSE,FALSE,FALSE,FALSE,FALSE,FALSE,FALSE,0,Routine,FALSE,No predefined exception
PAY-001424,INV-703857,4/12/2025,2025-26,2025-04,Municipal Services,V0040,Supplier 040,Construction Services,Invitational,PO-16285,"$2,552.82",Yes,Cheque,FALSE,FALSE,FALSE,FALSE,FALSE,FALSE,FALSE,FALSE,0,Routine,FALSE,No predefined exception
PAY-000852,INV-804133,4/12/2025,2025-26,2025-04,Digital Government,V0057,Supplier 057,Software & Licensing,Open Competition,PO-22688,"$5,093.29",Yes,EFT,FALSE,FALSE,FALSE,FALSE,FALSE,FALSE,FALSE,FALSE,0,Routine,FALSE,No predefined exception
PAY-002021,INV-329937,4/12/2025,2025-26,2025-04,Natural Resources,V0023,Supplier 023,Training,Open Competition,PO-46655,"$1,559.70",Yes,EFT,FALSE,FALSE,FALSE,FALSE,FALSE,FALSE,FALSE,FALSE,0,Routine,FALSE,No predefined exception
PAY-000682,INV-302278,4/12/2025,2025-26,2025-04,Justice & Public Safety,V0063,Supplier 063,Office Supplies,Standing Offer,PO-98860,"$1,340.27",Yes,EFT,FALSE,FALSE,FALSE,FALSE,FALSE,FALSE,FALSE,FALSE,0,Routine,FALSE,No predefined exception
PAY-000519,INV-374270,4/12/2025,2025-26,2025-04,Education,V0048,Supplier 048,Office Supplies,Open Competition,PO-24787,"$1,417.12",Yes,EFT,FALSE,FALSE,FALSE,FALSE,FALSE,FALSE,FALSE,FALSE,0,Routine,FALSE,No predefined exception
PAY-002319,INV-748565,4/12/2025,2025-26,2025-04,Education,V0076,Supplier 076,Training,Open Competition,PO-63433,$893.25,Yes,EFT,FALSE,FALSE,FALSE,FALSE,FALSE,FALSE,FALSE,FALSE,0,Routine,FALSE,No predefined exception
PAY-001668,INV-635848,4/12/2025,2025-26,2025-04,Municipal Services,V0013,Supplier 013,Transportation Services,Open Competition,PO-64669,$365.60,Yes,EFT,FALSE,FALSE,FALSE,FALSE,FALSE,FALSE,FALSE,FALSE,0,Routine,FALSE,No predefined exception
PAY-002369,INV-329171,4/12/2025,2025-26,2025-04,Municipal Services,V0064,Supplier 064,Professional Services,Invitational,PO-62389,"$4,782.01",Yes,Cheque,FALSE,FALSE,FALSE,FALSE,FALSE,FALSE,FALSE,FALSE,0,Routine,FALSE,No predefined exception
PAY-001873,INV-156096,4/12/2025,2025-26,2025-04,Education,V0051,Supplier 051,Equipment,Sole Source,PO-70267,$843.50,Yes,EFT,FALSE,FALSE,FALSE,FALSE,FALSE,FALSE,FALSE,FALSE,0,Routine,FALSE,No predefined exception
PAY-002413,INV-346222,4/12/2025,2025-26,2025-04,Health Services,V0044,Supplier 044,IT Hardware,Standing Offer,,"$1,134.27",Yes,EFT,FALSE,FALSE,TRUE,FALSE,FALSE,FALSE,FALSE,FALSE,1,Routine,FALSE,Missing purchase order
PAY-001434,INV-246115,4/12/2025,2025-26,2025-04,Justice & Public Safety,V0070,Supplier 070,IT Hardware,Standing Offer,PO-80034,"$10,851.60",Yes,EFT,FALSE,FALSE,FALSE,FALSE,TRUE,FALSE,FALSE,FALSE,2,Moderate,TRUE,Statistical amount outlier
PAY-001871,INV-435510,4/12/2025,2025-26,2025-04,Justice & Public Safety,V0053,Supplier 053,IT Hardware,Standing Offer,PO-91580,"$1,395.19",Yes,EFT,FALSE,FALSE,FALSE,FALSE,FALSE,FALSE,FALSE,FALSE,0,Routine,FALSE,No predefined exception
PAY-001755,INV-854534,4/12/2025,2025-26,2025-04,Digital Government,V0038,Supplier 038,Building Maintenance,Invitational,PO-99853,"$3,457.86",Yes,EFT,FALSE,FALSE,FALSE,FALSE,FALSE,FALSE,FALSE,FALSE,0,Routine,FALSE,No predefined exception
PAY-001701,INV-442808,4/12/2025,2025-26,2025-04,Transportation & Infrastructure,V0013,Supplier 013,Equipment,Open Competition,PO-49484,"$2,020.28",Yes,EFT,FALSE,FALSE,FALSE,FALSE,FALSE,FALSE,FALSE,FALSE,0,Routine,FALSE,No predefined exception
PAY-000379,INV-243029,4/13/2025,2025-26,2025-04,Health Services,V0050,Supplier 050,Equipment,Standing Offer,PO-76219,"$7,268.69",Yes,EFT,FALSE,FALSE,FALSE,FALSE,FALSE,FALSE,FALSE,FALSE,0,Routine,FALSE,No predefined exception
PAY-000555,INV-473513,4/13/2025,2025-26,2025-04,Municipal Services,V0050,Supplier 050,Software & Licensing,Open Competition,PO-30446,"$13,277.17",Yes,EFT,FALSE,FALSE,FALSE,FALSE,TRUE,FALSE,FALSE,FALSE,2,Moderate,TRUE,Statistical amount outlier
PAY-002485,INV-210494,4/13/2025,2025-26,2025-04,Municipal Services,V0080,Supplier 080,Professional Services,Open Competition,PO-11585,"$1,323.09",Yes,EFT,FALSE,FALSE,FALSE,FALSE,FALSE,FALSE,FALSE,FALSE,0,Routine,FALSE,No predefined exception
PAY-001671,INV-787823,4/13/2025,2025-26,2025-04,Municipal Services,V0077,Supplier 077,Software & Licensing,Standing Offer,PO-56924,"$1,576.19",Yes,Corporate Card,FALSE,FALSE,FALSE,FALSE,FALSE,FALSE,FALSE,FALSE,0,Routine,FALSE,No predefined exception
PAY-000152,INV-509337,4/13/2025,2025-26,2025-04,Transportation & Infrastructure,V0026,Supplier 026,Office Supplies,Open Competition,PO-95950,"$4,674.53",Yes,EFT,FALSE,FALSE,FALSE,FALSE,FALSE,FALSE,FALSE,FALSE,0,Routine,FALSE,No predefined exception
PAY-001008,INV-361420,4/13/2025,2025-26,2025-04,Education,V0004,Supplier 004,Construction Services,Invitational,,"$1,442.67",Yes,EFT,FALSE,FALSE,TRUE,FALSE,FALSE,FALSE,FALSE,FALSE,1,Routine,FALSE,Missing purchase order
PAY-001870,INV-299121,4/14/2025,2025-26,2025-04,Health Services,V0057,Supplier 057,IT Hardware,Standing Offer,,"$6,097.80",Yes,EFT,FALSE,FALSE,TRUE,FALSE,FALSE,FALSE,FALSE,FALSE,1,Routine,FALSE,Missing purchase order
PAY-001058,INV-293646,4/14/2025,2025-26,2025-04,Digital Government,V0034,Supplier 034,Office Supplies,Standing Offer,PO-23669,"$1,805.30",Yes,EFT,FALSE,FALSE,FALSE,FALSE,FALSE,FALSE,FALSE,FALSE,0,Routine,FALSE,No predefined exception
PAY-000676,INV-358470,4/14/2025,2025-26,2025-04,Transportation & Infrastructure,V0019,Supplier 019,Office Supplies,Open Competition,PO-50582,"$3,771.22",Yes,EFT,FALSE,FALSE,FALSE,FALSE,FALSE,FALSE,FALSE,FALSE,0,Routine,FALSE,No predefined exception
PAY-002383,INV-852255,4/14/2025,2025-26,2025-04,Municipal Services,V0062,Supplier 062,Professional Services,Standing Offer,PO-66254,"$2,378.16",Yes,EFT,FALSE,FALSE,FALSE,FALSE,FALSE,FALSE,FALSE,FALSE,0,Routine,FALSE,No predefined exception
PAY-001473,INV-882366,4/14/2025,2025-26,2025-04,Education,V0022,Supplier 022,Professional Services,Open Competition,PO-69593,"$4,008.32",Yes,EFT,FALSE,FALSE,FALSE,FALSE,FALSE,FALSE,FALSE,FALSE,0,Routine,FALSE,No predefined exception
PAY-001956,INV-768695,4/14/2025,2025-26,2025-04,Health Services,V0071,Supplier 071,Equipment,Open Competition,PO-36716,"$1,453.52",Yes,Cheque,FALSE,FALSE,FALSE,FALSE,FALSE,FALSE,FALSE,FALSE,0,Routine,FALSE,No predefined exception
PAY-000051,INV-453791,4/14/2025,2025-26,2025-04,Justice & Public Safety,V0031,Supplier 031,Transportation Services,Open Competition,PO-41708,"$16,466.58",Yes,EFT,FALSE,FALSE,FALSE,FALSE,TRUE,FALSE,FALSE,FALSE,2,Moderate,TRUE,Statistical amount outlier
PAY-002471,INV-401075,4/14/2025,2025-26,2025-04,Digital Government,V0016,Supplier 016,Transportation Services,Open Competition,PO-89309,"$9,143.93",Yes,EFT,FALSE,FALSE,FALSE,FALSE,TRUE,FALSE,FALSE,FALSE,2,Moderate,TRUE,Statistical amount outlier
PAY-001947,INV-353724,4/14/2025,2025-26,2025-04,Transportation & Infrastructure,V0007,Supplier 007,Equipment,Standing Offer,PO-45809,"$7,993.17",Yes,EFT,FALSE,FALSE,FALSE,FALSE,FALSE,FALSE,FALSE,FALSE,0,Routine,FALSE,No predefined exception
PAY-001319,INV-212255,4/14/2025,2025-26,2025-04,Natural Resources,V0030,Supplier 030,Transportation Services,Standing Offer,PO-56213,"$3,796.24",Yes,EFT,FALSE,FALSE,FALSE,FALSE,FALSE,FALSE,FALSE,FALSE,0,Routine,FALSE,No predefined exception
PAY-000886,INV-486791,4/14/2025,2025-26,2025-04,Municipal Services,V0053,Supplier 053,Software & Licensing,Open Competition,,"$7,239.60",Yes,EFT,FALSE,FALSE,TRUE,FALSE,FALSE,FALSE,FALSE,FALSE,1,Routine,FALSE,Missing purchase order
PAY-000892,INV-656620,4/14/2025,2025-26,2025-04,Municipal Services,V0052,Supplier 052,Equipment,Standing Offer,PO-85498,"$1,166.24",Yes,Corporate Card,FALSE,FALSE,FALSE,FALSE,FALSE,FALSE,FALSE,FALSE,0,Routine,FALSE,No predefined exception
PAY-000093,INV-922564,4/15/2025,2025-26,2025-04,Natural Resources,V0032,Supplier 032,Construction Services,Open Competition,PO-80160,"$6,821.18",Yes,EFT,FALSE,FALSE,FALSE,FALSE,FALSE,FALSE,FALSE,FALSE,0,Routine,FALSE,No predefined exception
PAY-001486,INV-682314,4/15/2025,2025-26,2025-04,Natural Resources,V0009,Supplier 009,Construction Services,Open Competition,PO-88868,"$1,875.34",Yes,EFT,FALSE,FALSE,FALSE,FALSE,FALSE,FALSE,FALSE,FALSE,0,Routine,FALSE,No predefined exception
PAY-001776,INV-373120,4/15/2025,2025-26,2025-04,Digital Government,V0055,Supplier 055,Office Supplies,Sole Source,PO-64497,$846.13,Yes,EFT,FALSE,FALSE,FALSE,FALSE,FALSE,FALSE,FALSE,FALSE,0,Routine,FALSE,No predefined exception
PAY-001749,INV-910506,4/15/2025,2025-26,2025-04,Municipal Services,V0014,Supplier 014,Training,Sole Source,PO-68271,"$1,992.04",Yes,EFT,FALSE,FALSE,FALSE,FALSE,FALSE,FALSE,FALSE,FALSE,0,Routine,FALSE,No predefined exception
PAY-000135,INV-460466,4/15/2025,2025-26,2025-04,Natural Resources,V0038,Supplier 038,Office Supplies,Invitational,PO-85739,"$18,686.31",Yes,EFT,FALSE,FALSE,FALSE,FALSE,TRUE,FALSE,FALSE,FALSE,2,Moderate,TRUE,Statistical amount outlier
PAY-001078,INV-461417,4/15/2025,2025-26,2025-04,Health Services,V0048,Supplier 048,Professional Services,Open Competition,PO-53420,"$2,374.37",Yes,EFT,FALSE,FALSE,FALSE,FALSE,FALSE,FALSE,FALSE,FALSE,0,Routine,FALSE,No predefined exception
PAY-001104,INV-298910,4/15/2025,2025-26,2025-04,Justice & Public Safety,V0072,Supplier 072,Training,Sole Source,PO-48474,"$56,108.06",Yes,EFT,FALSE,FALSE,FALSE,FALSE,TRUE,TRUE,FALSE,FALSE,4,Higher,TRUE,Statistical amount outlier; Higher-value sole-source transaction
PAY-001455,INV-708952,4/16/2025,2025-26,2025-04,Education,V0068,Supplier 068,Office Supplies,Open Competition,PO-81013,"$1,285.82",Yes,EFT,FALSE,FALSE,FALSE,FALSE,FALSE,FALSE,FALSE,FALSE,0,Routine,FALSE,No predefined exception
PAY-000498,INV-976058,4/16/2025,2025-26,2025-04,Education,V0063,Supplier 063,Professional Services,Open Competition,PO-23386,"$2,181.86",Yes,EFT,FALSE,FALSE,FALSE,FALSE,FALSE,FALSE,FALSE,FALSE,0,Routine,FALSE,No predefined exception
PAY-001491,INV-701158,4/16/2025,2025-26,2025-04,Natural Resources,V0034,Supplier 034,Training,Invitational,PO-85660,"$2,402.48",Yes,EFT,FALSE,FALSE,FALSE,FALSE,FALSE,FALSE,FALSE,FALSE,0,Routine,FALSE,No predefined exception
PAY-001700,INV-439711,4/17/2025,2025-26,2025-04,Transportation & Infrastructure,V0033,Supplier 033,Equipment,Open Competition,PO-34966,"$1,299.40",Yes,EFT,FALSE,FALSE,FALSE,FALSE,FALSE,FALSE,FALSE,FALSE,0,Routine,FALSE,No predefined exception
PAY-000330,INV-621393,4/17/2025,2025-26,2025-04,Digital Government,V0022,Supplier 022,Building Maintenance,Open Competition,PO-77656,"$1,349.69",Yes,EFT,FALSE,FALSE,FALSE,FALSE,FALSE,FALSE,FALSE,FALSE,0,Routine,FALSE,No predefined exception
PAY-001345,INV-494798,4/17/2025,2025-26,2025-04,Municipal Services,V0060,Supplier 060,Professional Services,Open Competition,PO-82442,"$3,214.77",Yes,EFT,FALSE,FALSE,FALSE,FALSE,FALSE,FALSE,FALSE,FALSE,0,Routine,FALSE,No predefined exception
PAY-001676,INV-817997,4/17/2025,2025-26,2025-04,Transportation & Infrastructure,V0052,Supplier 052,Software & Licensing,Open Competition,PO-14852,"$1,552.60",Yes,EFT,FALSE,FALSE,FALSE,FALSE,FALSE,FALSE,FALSE,FALSE,0,Routine,FALSE,No predefined exception
PAY-001429,INV-988943,4/17/2025,2025-26,2025-04,Natural Resources,V0079,Supplier 079,Transportation Services,Open Competition,PO-71594,"$2,151.69",Yes,EFT,FALSE,FALSE,FALSE,FALSE,FALSE,FALSE,FALSE,FALSE,0,Routine,FALSE,No predefined exception
PAY-001184,INV-380092,4/17/2025,2025-26,2025-04,Digital Government,V0066,Supplier 066,Construction Services,Sole Source,PO-23967,$185.56,Yes,EFT,FALSE,FALSE,FALSE,FALSE,FALSE,FALSE,FALSE,FALSE,0,Routine,FALSE,No predefined exception
PAY-001409,INV-530000,4/17/2025,2025-26,2025-04,Health Services,V0044,Supplier 044,Software & Licensing,Invitational,PO-83352,"$1,117.40",Yes,Cheque,FALSE,FALSE,FALSE,FALSE,FALSE,FALSE,FALSE,FALSE,0,Routine,FALSE,No predefined exception
PAY-001936,INV-993164,4/18/2025,2025-26,2025-04,Digital Government,V0063,Supplier 063,Office Supplies,Sole Source,PO-12770,"$2,730.25",Yes,EFT,FALSE,FALSE,FALSE,FALSE,FALSE,FALSE,FALSE,FALSE,0,Routine,FALSE,No predefined exception
PAY-001228,INV-385248,4/18/2025,2025-26,2025-04,Digital Government,V0076,Supplier 076,IT Hardware,Standing Offer,PO-98275,"$2,814.51",Yes,EFT,FALSE,FALSE,FALSE,FALSE,FALSE,FALSE,FALSE,FALSE,0,Routine,FALSE,No predefined exception
PAY-000353,INV-319631,4/18/2025,2025-26,2025-04,Natural Resources,V0002,Supplier 002,Equipment,Standing Offer,PO-56729,"$175,000.00",Yes,EFT,FALSE,FALSE,FALSE,FALSE,TRUE,FALSE,FALSE,FALSE,2,Moderate,TRUE,Statistical amount outlier
PAY-001227,INV-674675,4/19/2025,2025-26,2025-04,Municipal Services,V0051,Supplier 051,IT Hardware,Standing Offer,PO-71441,"$5,317.91",Yes,EFT,FALSE,FALSE,FALSE,FALSE,FALSE,FALSE,FALSE,FALSE,0,Routine,FALSE,No predefined exception
PAY-002220,INV-949662,4/19/2025,2025-26,2025-04,Transportation & Infrastructure,V0079,Supplier 079,Construction Services,Open Competition,PO-73708,"$3,226.41",Yes,EFT,FALSE,FALSE,FALSE,FALSE,FALSE,FALSE,FALSE,FALSE,0,Routine,FALSE,No predefined exception
PAY-000637,INV-481164,4/19/2025,2025-26,2025-04,Justice & Public Safety,V0024,Supplier 024,Training,Open Competition,,"$3,320.33",No,Cheque,FALSE,FALSE,TRUE,FALSE,FALSE,FALSE,FALSE,TRUE,4,Higher,TRUE,Missing purchase order; Approval exception
PAY-002260,INV-544256,4/19/2025,2025-26,2025-04,Digital Government,V0066,Supplier 066,Transportation Services,Invitational,PO-94562,"$5,072.63",Yes,Cheque,FALSE,FALSE,FALSE,FALSE,FALSE,FALSE,FALSE,FALSE,0,Routine,FALSE,No predefined exception
PAY-000567,INV-310047,4/19/2025,2025-26,2025-04,Education,V0062,Supplier 062,Training,Sole Source,PO-54837,"$2,361.73",Yes,EFT,FALSE,FALSE,FALSE,FALSE,FALSE,FALSE,FALSE,FALSE,0,Routine,FALSE,No predefined exception
PAY-002098,INV-579095,4/19/2025,2025-26,2025-04,Education,V0075,Supplier 075,Transportation Services,Invitational,PO-93421,"$2,411.99",Yes,EFT,FALSE,FALSE,FALSE,FALSE,FALSE,FALSE,FALSE,FALSE,0,Routine,FALSE,No predefined exception
PAY-000384,INV-494093,4/20/2025,2025-26,2025-04,Municipal Services,V0052,Supplier 052,Equipment,Standing Offer,PO-81445,"$1,001.00",No,EFT,FALSE,FALSE,FALSE,FALSE,FALSE,FALSE,FALSE,TRUE,3,Moderate,TRUE,Approval exception
PAY-001297,INV-898623,4/20/2025,2025-26,2025-04,Education,V0004,Supplier 004,Building Maintenance,Open Competition,PO-77792,"$1,428.61",Yes,Cheque,FALSE,FALSE,FALSE,FALSE,FALSE,FALSE,FALSE,FALSE,0,Routine,FALSE,No predefined exception
PAY-000672,INV-262403,4/20/2025,2025-26,2025-04,Municipal Services,V0051,Supplier 051,Construction Services,Open Competition,PO-22008,"$6,890.01",Yes,EFT,FALSE,FALSE,FALSE,FALSE,FALSE,FALSE,FALSE,FALSE,0,Routine,FALSE,No predefined exception
PAY-000988,INV-211915,4/20/2025,2025-26,2025-04,Natural Resources,V0024,Supplier 024,Training,Open Competition,PO-31775,$891.84,Yes,EFT,FALSE,FALSE,FALSE,FALSE,FALSE,FALSE,FALSE,FALSE,0,Routine,FALSE,No predefined exception
PAY-001570,INV-742911,4/20/2025,2025-26,2025-04,Transportation & Infrastructure,V0027,Supplier 027,Office Supplies,Open Competition,PO-63100,"$10,392.54",Yes,EFT,FALSE,FALSE,FALSE,FALSE,TRUE,FALSE,FALSE,FALSE,2,Moderate,TRUE,Statistical amount outlier
PAY-001915,INV-568255,4/20/2025,2025-26,2025-04,Natural Resources,V0039,Supplier 039,Software & Licensing,Standing Offer,PO-64013,"$1,245.34",Yes,EFT,FALSE,FALSE,FALSE,FALSE,FALSE,FALSE,FALSE,FALSE,0,Routine,FALSE,No predefined exception
PAY-002008,INV-668178,4/20/2025,2025-26,2025-04,Natural Resources,V0033,Supplier 033,Training,Open Competition,PO-83012,"$1,768.90",No,EFT,FALSE,FALSE,FALSE,FALSE,FALSE,FALSE,FALSE,TRUE,3,Moderate,TRUE,Approval exception
PAY-002421,INV-614906,4/20/2025,2025-26,2025-04,Justice & Public Safety,V0072,Supplier 072,Professional Services,Open Competition,PO-63884,"$2,590.85",Yes,EFT,FALSE,FALSE,FALSE,FALSE,FALSE,FALSE,FALSE,FALSE,0,Routine,FALSE,No predefined exception
PAY-001938,INV-895768,4/21/2025,2025-26,2025-04,Digital Government,V0010,Supplier 010,Construction Services,Standing Offer,PO-13606,$494.83,Yes,EFT,FALSE,FALSE,FALSE,FALSE,FALSE,FALSE,FALSE,FALSE,0,Routine,FALSE,No predefined exception
PAY-002146,INV-366926,4/21/2025,2025-26,2025-04,Transportation & Infrastructure,V0016,Supplier 016,Construction Services,Standing Offer,PO-68935,"$1,381.84",Yes,EFT,FALSE,FALSE,FALSE,FALSE,FALSE,FALSE,FALSE,FALSE,0,Routine,FALSE,No predefined exception
PAY-000007,INV-315705,4/21/2025,2025-26,2025-04,Natural Resources,V0054,Supplier 054,Office Supplies,Standing Offer,PO-52255,"$2,829.15",Yes,EFT,FALSE,FALSE,FALSE,FALSE,FALSE,FALSE,FALSE,FALSE,0,Routine,FALSE,No predefined exception
PAY-001741,INV-567616,4/21/2025,2025-26,2025-04,Transportation & Infrastructure,V0047,Supplier 047,Equipment,Open Competition,PO-34795,"$2,491.19",Yes,EFT,FALSE,FALSE,FALSE,FALSE,FALSE,FALSE,FALSE,FALSE,0,Routine,FALSE,No predefined exception
PAY-000045,INV-232371,4/21/2025,2025-26,2025-04,Justice & Public Safety,V0004,Supplier 004,IT Hardware,Invitational,PO-16639,"$1,136.98",Yes,Cheque,FALSE,FALSE,FALSE,FALSE,FALSE,FALSE,FALSE,FALSE,0,Routine,FALSE,No predefined exception
PAY-000308,INV-504427,4/22/2025,2025-26,2025-04,Natural Resources,V0003,Supplier 003,IT Hardware,Open Competition,PO-38385,"$12,242.23",Yes,EFT,FALSE,FALSE,FALSE,FALSE,TRUE,FALSE,FALSE,FALSE,2,Moderate,TRUE,Statistical amount outlier
PAY-000026,INV-907641,4/22/2025,2025-26,2025-04,Justice & Public Safety,V0057,Supplier 057,Office Supplies,Open Competition,PO-72099,"$2,392.40",Yes,EFT,FALSE,FALSE,FALSE,FALSE,FALSE,FALSE,FALSE,FALSE,0,Routine,FALSE,No predefined exception
PAY-001735,INV-236260,4/22/2025,2025-26,2025-04,Municipal Services,V0020,Supplier 020,IT Hardware,Open Competition,PO-11672,$822.51,Yes,EFT,FALSE,FALSE,FALSE,FALSE,FALSE,FALSE,FALSE,FALSE,0,Routine,FALSE,No predefined exception
PAY-001864,INV-290861,4/22/2025,2025-26,2025-04,Natural Resources,V0059,Supplier 059,Office Supplies,Open Competition,PO-29628,"$1,672.00",Yes,Cheque,FALSE,FALSE,FALSE,FALSE,FALSE,FALSE,FALSE,FALSE,0,Routine,FALSE,No predefined exception
PAY-001703,INV-885216,4/22/2025,2025-26,2025-04,Justice & Public Safety,V0032,Supplier 032,Equipment,Open Competition,PO-23014,"$2,588.37",Yes,EFT,FALSE,FALSE,FALSE,FALSE,FALSE,FALSE,FALSE,FALSE,0,Routine,FALSE,No predefined exception
PAY-000847,INV-128481,4/22/2025,2025-26,2025-04,Natural Resources,V0035,Supplier 035,Construction Services,Standing Offer,PO-98383,"$1,688.23",Yes,EFT,FALSE,FALSE,FALSE,FALSE,FALSE,FALSE,FALSE,FALSE,0,Routine,FALSE,No predefined exception
PAY-000748,INV-781543,4/23/2025,2025-26,2025-04,Transportation & Infrastructure,V0007,Supplier 007,Equipment,Open Competition,PO-40382,"$2,186.29",Yes,EFT,FALSE,FALSE,FALSE,FALSE,FALSE,FALSE,FALSE,FALSE,0,Routine,FALSE,No predefined exception
PAY-001130,INV-818730,4/23/2025,2025-26,2025-04,Transportation & Infrastructure,V0078,Supplier 078,Construction Services,Open Competition,PO-51620,"$1,128.41",Yes,EFT,FALSE,FALSE,FALSE,FALSE,FALSE,FALSE,FALSE,FALSE,0,Routine,FALSE,No predefined exception
PAY-000483,INV-469566,4/23/2025,2025-26,2025-04,Transportation & Infrastructure,V0062,Supplier 062,Office Supplies,Standing Offer,PO-56861,"$8,001.96",Yes,EFT,FALSE,FALSE,FALSE,FALSE,FALSE,FALSE,FALSE,FALSE,0,Routine,FALSE,No predefined exception
PAY-001063,INV-856322,4/23/2025,2025-26,2025-04,Transportation & Infrastructure,V0002,Supplier 002,Construction Services,Open Competition,PO-34928,"$3,057.74",Yes,EFT,FALSE,FALSE,FALSE,FALSE,FALSE,FALSE,FALSE,FALSE,0,Routine,FALSE,No predefined exception
PAY-001658,INV-500010,4/23/2025,2025-26,2025-04,Justice & Public Safety,V0048,Supplier 048,Professional Services,Standing Offer,PO-25456,"$2,804.66",Yes,EFT,FALSE,FALSE,FALSE,FALSE,FALSE,FALSE,FALSE,FALSE,0,Routine,FALSE,No predefined exception
PAY-001773,INV-886885,4/24/2025,2025-26,2025-04,Digital Government,V0069,Supplier 069,Building Maintenance,Open Competition,PO-76314,"$2,802.69",Yes,EFT,FALSE,FALSE,FALSE,FALSE,FALSE,FALSE,FALSE,FALSE,0,Routine,FALSE,No predefined exception
PAY-001910,INV-898385,4/24/2025,2025-26,2025-04,Transportation & Infrastructure,V0051,Supplier 051,Professional Services,Standing Offer,PO-21215,"$2,125.91",Yes,EFT,FALSE,FALSE,FALSE,FALSE,FALSE,FALSE,FALSE,FALSE,0,Routine,FALSE,No predefined exception
PAY-002393,INV-928396,4/25/2025,2025-26,2025-04,Justice & Public Safety,V0041,Supplier 041,Construction Services,Standing Offer,,"$9,754.99",Yes,EFT,FALSE,FALSE,TRUE,TRUE,TRUE,FALSE,FALSE,FALSE,5,Higher,TRUE,Missing purchase order; Near hypothetical threshold; Statistical amount outlier
PAY-001415,INV-388642,4/25/2025,2025-26,2025-04,Justice & Public Safety,V0051,Supplier 051,Equipment,Open Competition,PO-22493,"$4,849.29",Yes,EFT,FALSE,FALSE,FALSE,FALSE,FALSE,FALSE,FALSE,FALSE,0,Routine,FALSE,No predefined exception
PAY-002409,INV-448058,4/25/2025,2025-26,2025-04,Transportation & Infrastructure,V0031,Supplier 031,Training,Open Competition,PO-93182,$303.89,No,EFT,FALSE,FALSE,FALSE,FALSE,FALSE,FALSE,FALSE,TRUE,3,Moderate,TRUE,Approval exception
PAY-001445,INV-998628,4/25/2025,2025-26,2025-04,Justice & Public Safety,V0013,Supplier 013,Construction Services,Sole Source,PO-46195,"$18,960.82",Yes,EFT,FALSE,FALSE,FALSE,FALSE,TRUE,TRUE,FALSE,FALSE,4,Higher,TRUE,Statistical amount outlier; Higher-value sole-source transaction
PAY-001191,INV-846716,4/25/2025,2025-26,2025-04,Municipal Services,V0020,Supplier 020,Professional Services,Open Competition,PO-47879,"$1,503.16",Yes,Cheque,FALSE,FALSE,FALSE,FALSE,FALSE,FALSE,FALSE,FALSE,0,Routine,FALSE,No predefined exception
PAY-001874,INV-763270,4/25/2025,2025-26,2025-04,Education,V0075,Supplier 075,Software & Licensing,Open Competition,PO-24245,"$2,094.25",Yes,EFT,FALSE,FALSE,FALSE,FALSE,FALSE,FALSE,FALSE,FALSE,0,Routine,FALSE,No predefined exception
PAY-000581,INV-414941,4/25/2025,2025-26,2025-04,Municipal Services,V0013,Supplier 013,Training,Invitational,PO-69866,"$2,971.42",Yes,EFT,FALSE,FALSE,FALSE,FALSE,FALSE,FALSE,FALSE,FALSE,0,Routine,FALSE,No predefined exception
PAY-001600,INV-258253,4/25/2025,2025-26,2025-04,Transportation & Infrastructure,V0028,Supplier 028,Building Maintenance,Invitational,PO-26651,"$1,484.07",Yes,EFT,FALSE,FALSE,FALSE,FALSE,FALSE,FALSE,FALSE,FALSE,0,Routine,FALSE,No predefined exception
PAY-001178,INV-121576,4/25/2025,2025-26,2025-04,Transportation & Infrastructure,V0005,Supplier 005,Construction Services,Sole Source,PO-40796,"$2,050.59",Yes,EFT,FALSE,FALSE,FALSE,FALSE,FALSE,FALSE,FALSE,FALSE,0,Routine,FALSE,No predefined exception
PAY-002406,INV-436497,4/25/2025,2025-26,2025-04,Digital Government,V0057,Supplier 057,IT Hardware,Invitational,PO-43748,"$2,235.72",Yes,EFT,FALSE,FALSE,FALSE,FALSE,FALSE,FALSE,FALSE,FALSE,0,Routine,FALSE,No predefined exception
PAY-001451,INV-346301,4/26/2025,2025-26,2025-04,Natural Resources,V0010,Supplier 010,Building Maintenance,Standing Offer,PO-39272,$719.51,Yes,EFT,FALSE,FALSE,FALSE,FALSE,FALSE,FALSE,FALSE,FALSE,0,Routine,FALSE,No predefined exception
PAY-002203,INV-330168,4/26/2025,2025-26,2025-04,Justice & Public Safety,V0024,Supplier 024,Software & Licensing,Open Competition,PO-91059,"$4,610.35",Yes,EFT,FALSE,FALSE,FALSE,FALSE,FALSE,FALSE,FALSE,FALSE,0,Routine,FALSE,No predefined exception
PAY-002062,INV-493145,4/26/2025,2025-26,2025-04,Transportation & Infrastructure,V0037,Supplier 037,Construction Services,Open Competition,PO-10645,"$2,321.11",Yes,EFT,FALSE,FALSE,FALSE,FALSE,FALSE,FALSE,FALSE,FALSE,0,Routine,FALSE,No predefined exception
PAY-000978,INV-301893,4/26/2025,2025-26,2025-04,Education,V0072,Supplier 072,Software & Licensing,Standing Offer,PO-16258,"$3,036.04",Yes,EFT,FALSE,FALSE,FALSE,FALSE,FALSE,FALSE,FALSE,FALSE,0,Routine,FALSE,No predefined exception
PAY-000873,INV-180674,4/26/2025,2025-26,2025-04,Municipal Services,V0012,Supplier 012,Office Supplies,Standing Offer,PO-14789,"$17,310.09",Yes,Cheque,FALSE,FALSE,FALSE,FALSE,TRUE,FALSE,FALSE,FALSE,2,Moderate,TRUE,Statistical amount outlier
PAY-000376,INV-955876,4/26/2025,2025-26,2025-04,Health Services,V0063,Supplier 063,Training,Open Competition,PO-64354,"$1,482.83",Yes,EFT,FALSE,FALSE,FALSE,FALSE,FALSE,FALSE,FALSE,FALSE,0,Routine,FALSE,No predefined exception
PAY-001721,INV-162119,4/26/2025,2025-26,2025-04,Education,V0011,Supplier 011,Construction Services,Standing Offer,PO-69617,"$3,193.28",Yes,Cheque,FALSE,FALSE,FALSE,FALSE,FALSE,FALSE,FALSE,FALSE,0,Routine,FALSE,No predefined exception
PAY-001767,INV-510259,4/27/2025,2025-26,2025-04,Transportation & Infrastructure,V0069,Supplier 069,Training,Sole Source,PO-62515,$735.28,Yes,EFT,FALSE,FALSE,FALSE,FALSE,FALSE,FALSE,FALSE,FALSE,0,Routine,FALSE,No predefined exception
PAY-002164,INV-505123,4/27/2025,2025-26,2025-04,Municipal Services,V0068,Supplier 068,Transportation Services,Invitational,PO-99843,$689.68,Yes,EFT,FALSE,FALSE,FALSE,FALSE,FALSE,FALSE,FALSE,FALSE,0,Routine,FALSE,No predefined exception
PAY-002283,INV-281446,4/27/2025,2025-26,2025-04,Municipal Services,V0050,Supplier 050,Professional Services,Standing Offer,PO-22022,"$2,048.18",Yes,EFT,FALSE,FALSE,FALSE,FALSE,FALSE,FALSE,FALSE,FALSE,0,Routine,FALSE,No predefined exception
PAY-001736,INV-338178,4/27/2025,2025-26,2025-04,Education,V0011,Supplier 011,Software & Licensing,Open Competition,PO-25322,"$1,698.38",Yes,EFT,FALSE,FALSE,FALSE,FALSE,FALSE,FALSE,FALSE,FALSE,0,Routine,FALSE,No predefined exception
PAY-001759,INV-921939,4/27/2025,2025-26,2025-04,Education,V0003,Supplier 003,Transportation Services,Standing Offer,PO-48635,$908.79,Yes,Cheque,FALSE,FALSE,FALSE,FALSE,FALSE,FALSE,FALSE,FALSE,0,Routine,FALSE,No predefined exception
PAY-000317,INV-353078,4/27/2025,2025-26,2025-04,Health Services,V0072,Supplier 072,Construction Services,Sole Source,PO-23594,"$4,617.78",Yes,EFT,FALSE,FALSE,FALSE,FALSE,FALSE,FALSE,FALSE,FALSE,0,Routine,FALSE,No predefined exception
PAY-001353,INV-596712,4/27/2025,2025-26,2025-04,Justice & Public Safety,V0040,Supplier 040,Training,Open Competition,PO-31555,"$3,964.07",Yes,Corporate Card,FALSE,FALSE,FALSE,FALSE,FALSE,FALSE,FALSE,FALSE,0,Routine,FALSE,No predefined exception
PAY-000697,INV-318168,4/28/2025,2025-26,2025-04,Transportation & Infrastructure,V0001,Supplier 001,Transportation Services,Standing Offer,PO-47952,"$3,866.78",Yes,EFT,FALSE,FALSE,FALSE,FALSE,FALSE,FALSE,FALSE,FALSE,0,Routine,FALSE,No predefined exception
PAY-000887,INV-591874,4/28/2025,2025-26,2025-04,Digital Government,V0052,Supplier 052,Construction Services,Sole Source,PO-50943,"$1,068.65",Yes,EFT,FALSE,FALSE,FALSE,FALSE,FALSE,FALSE,FALSE,FALSE,0,Routine,FALSE,No predefined exception
PAY-001964,INV-218637,4/28/2025,2025-26,2025-04,Justice & Public Safety,V0025,Supplier 025,Building Maintenance,Open Competition,PO-88802,"$4,779.47",Yes,EFT,FALSE,FALSE,FALSE,FALSE,FALSE,FALSE,FALSE,FALSE,0,Routine,FALSE,No predefined exception
PAY-000165,INV-713332,4/28/2025,2025-26,2025-04,Transportation & Infrastructure,V0069,Supplier 069,Building Maintenance,Standing Offer,PO-26722,"$1,344.93",Yes,EFT,FALSE,FALSE,FALSE,FALSE,FALSE,FALSE,FALSE,FALSE,0,Routine,FALSE,No predefined exception
PAY-DUP-010,INV-733609,4/28/2025,2025-26,2025-04,Transportation & Infrastructure,V0061,Supplier 061,Transportation Services,Open Competition,PO-83721,"$2,699.88",Yes,EFT,TRUE,FALSE,FALSE,FALSE,FALSE,FALSE,FALSE,FALSE,3,Moderate,TRUE,Potential duplicate
PAY-000110,INV-733609,4/28/2025,2025-26,2025-04,Transportation & Infrastructure,V0061,Supplier 061,Transportation Services,Open Competition,PO-83721,"$2,699.88",Yes,EFT,TRUE,FALSE,FALSE,FALSE,FALSE,FALSE,FALSE,FALSE,3,Moderate,TRUE,Potential duplicate
PAY-001331,INV-242003,4/29/2025,2025-26,2025-04,Education,V0061,Supplier 061,Construction Services,Standing Offer,PO-78568,"$3,222.54",Yes,EFT,FALSE,FALSE,FALSE,FALSE,FALSE,FALSE,FALSE,FALSE,0,Routine,FALSE,No predefined exception
PAY-001376,INV-392706,4/29/2025,2025-26,2025-04,Transportation & Infrastructure,V0068,Supplier 068,Equipment,Standing Offer,PO-51163,"$5,579.58",Yes,EFT,FALSE,FALSE,FALSE,FALSE,FALSE,FALSE,FALSE,FALSE,0,Routine,FALSE,No predefined exception
PAY-000615,INV-907827,4/29/2025,2025-26,2025-04,Municipal Services,V0033,Supplier 033,Building Maintenance,Open Competition,,"$6,671.68",Yes,EFT,FALSE,FALSE,TRUE,FALSE,FALSE,FALSE,FALSE,FALSE,1,Routine,FALSE,Missing purchase order
PAY-000150,INV-850593,4/29/2025,2025-26,2025-04,Justice & Public Safety,V0029,Supplier 029,Software & Licensing,Open Competition,PO-18652,$724.39,Yes,EFT,FALSE,FALSE,FALSE,FALSE,FALSE,FALSE,FALSE,FALSE,0,Routine,FALSE,No predefined exception
PAY-001506,INV-755152,4/29/2025,2025-26,2025-04,Justice & Public Safety,V0053,Supplier 053,Construction Services,Standing Offer,PO-49007,$941.33,Yes,EFT,FALSE,FALSE,FALSE,FALSE,FALSE,FALSE,FALSE,FALSE,0,Routine,FALSE,No predefined exception
PAY-001592,INV-381504,4/29/2025,2025-26,2025-04,Municipal Services,V0068,Supplier 068,Building Maintenance,Open Competition,PO-58968,"$3,044.14",Yes,EFT,FALSE,FALSE,FALSE,FALSE,FALSE,FALSE,FALSE,FALSE,0,Routine,FALSE,No predefined exception
PAY-001153,INV-161192,4/29/2025,2025-26,2025-04,Justice & Public Safety,V0047,Supplier 047,Construction Services,Standing Offer,PO-53758,"$5,289.82",Yes,EFT,FALSE,FALSE,FALSE,FALSE,FALSE,FALSE,FALSE,FALSE,0,Routine,FALSE,No predefined exception
PAY-001716,INV-561823,4/29/2025,2025-26,2025-04,Digital Government,V0036,Supplier 036,Office Supplies,Open Competition,PO-83584,"$2,786.54",Yes,EFT,FALSE,FALSE,FALSE,FALSE,FALSE,FALSE,FALSE,FALSE,0,Routine,FALSE,No predefined exception
PAY-002324,INV-372827,4/30/2025,2025-26,2025-04,Digital Government,V0009,Supplier 009,Equipment,Sole Source,PO-69588,"$4,268.50",Yes,EFT,FALSE,FALSE,FALSE,FALSE,FALSE,FALSE,FALSE,FALSE,0,Routine,FALSE,No predefined exception
PAY-000802,INV-768779,4/30/2025,2025-26,2025-04,Natural Resources,V0007,Supplier 007,Construction Services,Standing Offer,PO-40375,"$3,461.48",Yes,EFT,FALSE,FALSE,FALSE,FALSE,FALSE,FALSE,FALSE,FALSE,0,Routine,FALSE,No predefined exception
PAY-002419,INV-894335,5/1/2025,2025-26,2025-05,Health Services,V0036,Supplier 036,Software & Licensing,Open Competition,PO-43095,"$11,009.30",Yes,EFT,FALSE,FALSE,FALSE,FALSE,TRUE,FALSE,FALSE,FALSE,2,Moderate,TRUE,Statistical amount outlier
PAY-001657,INV-670178,5/1/2025,2025-26,2025-05,Transportation & Infrastructure,V0013,Supplier 013,Software & Licensing,Sole Source,PO-35251,"$1,394.20",Yes,Corporate Card,FALSE,FALSE,FALSE,FALSE,FALSE,FALSE,FALSE,FALSE,0,Routine,FALSE,No predefined exception
PAY-001801,INV-728935,5/2/2025,2025-26,2025-05,Transportation & Infrastructure,V0079,Supplier 079,Software & Licensing,Open Competition,PO-16959,"$3,532.22",Yes,EFT,FALSE,FALSE,FALSE,FALSE,FALSE,FALSE,FALSE,FALSE,0,Routine,FALSE,No predefined exception
PAY-001221,INV-364395,5/2/2025,2025-26,2025-05,Education,V0075,Supplier 075,Transportation Services,Standing Offer,PO-35343,"$1,168.67",Yes,EFT,FALSE,FALSE,FALSE,FALSE,FALSE,FALSE,FALSE,FALSE,0,Routine,FALSE,No predefined exception
PAY-000115,INV-565417,5/3/2025,2025-26,2025-05,Health Services,V0023,Supplier 023,Office Supplies,Open Competition,PO-67254,"$2,017.97",Yes,EFT,FALSE,FALSE,FALSE,FALSE,FALSE,FALSE,FALSE,FALSE,0,Routine,FALSE,No predefined exception
PAY-000508,INV-771088,5/3/2025,2025-26,2025-05,Education,,,Office Supplies,Open Competition,PO-86516,"$5,255.00",Yes,EFT,FALSE,TRUE,FALSE,FALSE,FALSE,FALSE,FALSE,FALSE,2,Moderate,TRUE,Missing vendor information
PAY-001717,INV-116939,5/3/2025,2025-26,2025-05,Municipal Services,V0054,Supplier 054,Building Maintenance,Invitational,PO-54659,"$1,023.36",Yes,EFT,FALSE,FALSE,FALSE,FALSE,FALSE,FALSE,FALSE,FALSE,0,Routine,FALSE,No predefined exception
PAY-000306,INV-409732,5/3/2025,2025-26,2025-05,Justice & Public Safety,V0026,Supplier 026,Training,Open Competition,PO-28262,"$3,704.65",Yes,EFT,FALSE,FALSE,FALSE,FALSE,FALSE,FALSE,FALSE,FALSE,0,Routine,FALSE,No predefined exception
PAY-001344,INV-408838,5/4/2025,2025-26,2025-05,Municipal Services,V0023,Supplier 023,Software & Licensing,Standing Offer,PO-34379,"$8,929.69",Yes,EFT,FALSE,FALSE,FALSE,FALSE,FALSE,FALSE,FALSE,FALSE,0,Routine,FALSE,No predefined exception
PAY-000815,INV-591638,5/4/2025,2025-26,2025-05,Transportation & Infrastructure,V0022,Supplier 022,Equipment,Open Competition,PO-14953,"$7,183.18",Yes,EFT,FALSE,FALSE,FALSE,FALSE,FALSE,FALSE,FALSE,FALSE,0,Routine,FALSE,No predefined exception
PAY-000762,INV-762727,5/4/2025,2025-26,2025-05,Digital Government,V0007,Supplier 007,Training,Open Competition,PO-69937,"$4,794.15",Yes,EFT,FALSE,FALSE,FALSE,FALSE,FALSE,FALSE,FALSE,FALSE,0,Routine,FALSE,No predefined exception
PAY-001496,INV-661548,5/4/2025,2025-26,2025-05,Education,V0054,Supplier 054,Software & Licensing,Open Competition,PO-89544,"$2,570.36",Yes,EFT,FALSE,FALSE,FALSE,FALSE,FALSE,FALSE,FALSE,FALSE,0,Routine,FALSE,No predefined exception
PAY-000855,INV-847465,5/4/2025,2025-26,2025-05,Education,V0061,Supplier 061,Construction Services,Open Competition,PO-53781,"$4,163.81",Yes,Cheque,FALSE,FALSE,FALSE,FALSE,FALSE,FALSE,FALSE,FALSE,0,Routine,FALSE,No predefined exception
PAY-000524,INV-407124,5/5/2025,2025-26,2025-05,Natural Resources,V0076,Supplier 076,IT Hardware,Invitational,PO-55048,$795.62,Yes,EFT,FALSE,FALSE,FALSE,FALSE,FALSE,FALSE,FALSE,FALSE,0,Routine,FALSE,No predefined exception
PAY-000709,INV-717736,5/5/2025,2025-26,2025-05,Digital Government,V0007,Supplier 007,Office Supplies,Open Competition,PO-37279,"$4,127.84",No,EFT,FALSE,FALSE,FALSE,FALSE,FALSE,FALSE,FALSE,TRUE,3,Moderate,TRUE,Approval exception
PAY-000124,INV-991659,5/5/2025,2025-26,2025-05,Digital Government,V0044,Supplier 044,IT Hardware,Open Competition,PO-87042,"$1,049.67",Yes,EFT,FALSE,FALSE,FALSE,FALSE,FALSE,FALSE,FALSE,FALSE,0,Routine,FALSE,No predefined exception
PAY-001901,INV-658086,5/5/2025,2025-26,2025-05,Justice & Public Safety,V0040,Supplier 040,IT Hardware,Standing Offer,PO-22304,"$2,802.01",Yes,EFT,FALSE,FALSE,FALSE,FALSE,FALSE,FALSE,FALSE,FALSE,0,Routine,FALSE,No predefined exception
PAY-001028,INV-728889,5/5/2025,2025-26,2025-05,Municipal Services,V0026,Supplier 026,Software & Licensing,Invitational,PO-39577,"$3,494.04",Yes,EFT,FALSE,FALSE,FALSE,FALSE,FALSE,FALSE,FALSE,FALSE,0,Routine,FALSE,No predefined exception
PAY-002013,INV-108314,5/5/2025,2025-26,2025-05,Justice & Public Safety,V0004,Supplier 004,Transportation Services,Standing Offer,PO-74236,"$1,152.35",Yes,EFT,FALSE,FALSE,FALSE,FALSE,FALSE,FALSE,FALSE,FALSE,0,Routine,FALSE,No predefined exception
PAY-000059,INV-321421,5/5/2025,2025-26,2025-05,Natural Resources,V0035,Supplier 035,Construction Services,Open Competition,PO-72309,"$1,429.77",Yes,EFT,FALSE,FALSE,FALSE,FALSE,FALSE,FALSE,FALSE,FALSE,0,Routine,FALSE,No predefined exception
PAY-000327,INV-383816,5/5/2025,2025-26,2025-05,Transportation & Infrastructure,V0054,Supplier 054,Office Supplies,Open Competition,PO-55530,"$1,599.70",Yes,EFT,FALSE,FALSE,FALSE,FALSE,FALSE,FALSE,FALSE,FALSE,0,Routine,FALSE,No predefined exception
PAY-002268,INV-513151,5/6/2025,2025-26,2025-05,Natural Resources,V0042,Supplier 042,Training,Sole Source,PO-48126,"$3,895.24",Yes,Cheque,FALSE,FALSE,FALSE,FALSE,FALSE,FALSE,FALSE,FALSE,0,Routine,FALSE,No predefined exception
PAY-001397,INV-992017,5/6/2025,2025-26,2025-05,Transportation & Infrastructure,V0007,Supplier 007,Construction Services,Open Competition,PO-82714,$833.96,Yes,EFT,FALSE,FALSE,FALSE,FALSE,FALSE,FALSE,FALSE,FALSE,0,Routine,FALSE,No predefined exception
PAY-001286,INV-360102,5/6/2025,2025-26,2025-05,Health Services,V0047,Supplier 047,Construction Services,Open Competition,PO-91085,"$1,912.61",Yes,Cheque,FALSE,FALSE,FALSE,FALSE,FALSE,FALSE,FALSE,FALSE,0,Routine,FALSE,No predefined exception
PAY-000546,INV-599730,5/6/2025,2025-26,2025-05,Digital Government,V0006,Supplier 006,Office Supplies,Standing Offer,PO-94293,$766.79,Yes,EFT,FALSE,FALSE,FALSE,FALSE,FALSE,FALSE,FALSE,FALSE,0,Routine,FALSE,No predefined exception
PAY-002190,INV-626701,5/6/2025,2025-26,2025-05,Transportation & Infrastructure,V0051,Supplier 051,Software & Licensing,Standing Offer,PO-83058,"$1,928.63",Yes,EFT,FALSE,FALSE,FALSE,FALSE,FALSE,FALSE,FALSE,FALSE,0,Routine,FALSE,No predefined exception
PAY-002309,INV-468987,5/6/2025,2025-26,2025-05,Municipal Services,V0051,Supplier 051,Equipment,Open Competition,PO-96352,"$3,988.60",Yes,EFT,FALSE,FALSE,FALSE,FALSE,FALSE,FALSE,FALSE,FALSE,0,Routine,FALSE,No predefined exception
PAY-000151,INV-495783,5/6/2025,2025-26,2025-05,Education,V0026,Supplier 026,Professional Services,Open Competition,PO-40530,"$4,260.47",Yes,EFT,FALSE,FALSE,FALSE,FALSE,FALSE,FALSE,FALSE,FALSE,0,Routine,FALSE,No predefined exception
PAY-000382,INV-747364,5/6/2025,2025-26,2025-05,Justice & Public Safety,V0032,Supplier 032,Office Supplies,Open Competition,PO-71338,"$1,440.56",Yes,EFT,FALSE,FALSE,FALSE,FALSE,FALSE,FALSE,FALSE,FALSE,0,Routine,FALSE,No predefined exception
PAY-001692,INV-349495,5/7/2025,2025-26,2025-05,Education,V0078,Supplier 078,Building Maintenance,Invitational,,"$1,905.91",Yes,EFT,FALSE,FALSE,TRUE,FALSE,FALSE,FALSE,FALSE,FALSE,1,Routine,FALSE,Missing purchase order
PAY-000338,INV-653375,5/7/2025,2025-26,2025-05,Transportation & Infrastructure,V0054,Supplier 054,IT Hardware,Open Competition,PO-67805,"$2,085.40",Yes,EFT,FALSE,FALSE,FALSE,FALSE,FALSE,FALSE,FALSE,FALSE,0,Routine,FALSE,No predefined exception
PAY-001893,INV-821754,5/7/2025,2025-26,2025-05,Natural Resources,V0060,Supplier 060,Professional Services,Standing Offer,PO-35673,"$2,441.09",Yes,EFT,FALSE,FALSE,FALSE,FALSE,FALSE,FALSE,FALSE,FALSE,0,Routine,FALSE,No predefined exception
PAY-000552,INV-615578,5/7/2025,2025-26,2025-05,Digital Government,V0012,Supplier 012,IT Hardware,Open Competition,PO-83693,"$1,089.23",Yes,EFT,FALSE,FALSE,FALSE,FALSE,FALSE,FALSE,FALSE,FALSE,0,Routine,FALSE,No predefined exception
PAY-000268,INV-258761,5/7/2025,2025-26,2025-05,Justice & Public Safety,V0021,Supplier 021,Professional Services,Invitational,PO-93176,"$6,654.79",Yes,EFT,FALSE,FALSE,FALSE,FALSE,FALSE,FALSE,FALSE,FALSE,0,Routine,FALSE,No predefined exception
PAY-001609,INV-506491,5/7/2025,2025-26,2025-05,Education,V0074,Supplier 074,Equipment,Open Competition,PO-17186,$807.01,Yes,EFT,FALSE,FALSE,FALSE,FALSE,FALSE,FALSE,FALSE,FALSE,0,Routine,FALSE,No predefined exception
PAY-001084,INV-481116,5/8/2025,2025-26,2025-05,Municipal Services,V0036,Supplier 036,Building Maintenance,Open Competition,PO-82176,$408.38,Yes,EFT,FALSE,FALSE,FALSE,FALSE,FALSE,FALSE,FALSE,FALSE,0,Routine,FALSE,No predefined exception
PAY-001604,INV-930679,5/8/2025,2025-26,2025-05,Natural Resources,V0048,Supplier 048,Equipment,Open Competition,PO-98641,"$2,864.05",Yes,Corporate Card,FALSE,FALSE,FALSE,FALSE,FALSE,FALSE,FALSE,FALSE,0,Routine,FALSE,No predefined exception
PAY-002344,INV-660139,5/8/2025,2025-26,2025-05,Health Services,V0026,Supplier 026,Construction Services,Invitational,PO-83983,"$5,191.65",Yes,EFT,FALSE,FALSE,FALSE,FALSE,FALSE,FALSE,FALSE,FALSE,0,Routine,FALSE,No predefined exception
PAY-000996,INV-173313,5/8/2025,2025-26,2025-05,Justice & Public Safety,V0071,Supplier 071,Training,Open Competition,PO-47345,"$4,974.02",Yes,EFT,FALSE,FALSE,FALSE,FALSE,FALSE,FALSE,FALSE,FALSE,0,Routine,FALSE,No predefined exception
PAY-001018,INV-165030,5/8/2025,2025-26,2025-05,Transportation & Infrastructure,V0008,Supplier 008,Training,Sole Source,PO-57032,$854.04,Yes,EFT,FALSE,FALSE,FALSE,FALSE,FALSE,FALSE,FALSE,FALSE,0,Routine,FALSE,No predefined exception
PAY-000311,INV-137860,5/8/2025,2025-26,2025-05,Natural Resources,V0060,Supplier 060,Transportation Services,Open Competition,PO-70992,"$3,180.94",Yes,EFT,FALSE,FALSE,FALSE,FALSE,FALSE,FALSE,FALSE,FALSE,0,Routine,FALSE,No predefined exception
PAY-001127,INV-779930,5/8/2025,2025-26,2025-05,Natural Resources,V0002,Supplier 002,Equipment,Standing Offer,PO-64848,"$1,104.27",Yes,EFT,FALSE,FALSE,FALSE,FALSE,FALSE,FALSE,FALSE,FALSE,0,Routine,FALSE,No predefined exception
PAY-001485,INV-497111,5/9/2025,2025-26,2025-05,Education,V0044,Supplier 044,IT Hardware,Open Competition,PO-22491,"$8,120.24",Yes,EFT,FALSE,FALSE,FALSE,FALSE,FALSE,FALSE,FALSE,FALSE,0,Routine,FALSE,No predefined exception
PAY-000638,INV-985733,5/9/2025,2025-26,2025-05,Municipal Services,V0016,Supplier 016,Software & Licensing,Standing Offer,PO-22029,"$1,904.92",Yes,EFT,FALSE,FALSE,FALSE,FALSE,FALSE,FALSE,FALSE,FALSE,0,Routine,FALSE,No predefined exception
PAY-001504,INV-782171,5/9/2025,2025-26,2025-05,Digital Government,V0039,Supplier 039,Software & Licensing,Sole Source,PO-78300,"$1,263.72",Yes,EFT,FALSE,FALSE,FALSE,FALSE,FALSE,FALSE,FALSE,FALSE,0,Routine,FALSE,No predefined exception
PAY-002033,INV-228692,5/9/2025,2025-26,2025-05,Education,V0065,Supplier 065,Professional Services,Open Competition,PO-21598,$536.38,Yes,EFT,FALSE,FALSE,FALSE,FALSE,FALSE,FALSE,FALSE,FALSE,0,Routine,FALSE,No predefined exception
PAY-000586,INV-654661,5/9/2025,2025-26,2025-05,Justice & Public Safety,V0055,Supplier 055,Training,Open Competition,PO-61090,"$5,058.34",Yes,EFT,FALSE,FALSE,FALSE,FALSE,FALSE,FALSE,FALSE,FALSE,0,Routine,FALSE,No predefined exception
PAY-000766,INV-413732,5/9/2025,2025-26,2025-05,Health Services,V0007,Supplier 007,Transportation Services,Open Competition,PO-96704,"$2,491.48",Yes,EFT,FALSE,FALSE,FALSE,FALSE,FALSE,FALSE,FALSE,FALSE,0,Routine,FALSE,No predefined exception
PAY-001416,INV-820882,5/9/2025,2025-26,2025-05,Natural Resources,V0064,Supplier 064,Transportation Services,Sole Source,PO-26035,"$2,268.82",Yes,EFT,FALSE,FALSE,FALSE,FALSE,FALSE,FALSE,FALSE,FALSE,0,Routine,FALSE,No predefined exception
PAY-001072,INV-176478,5/9/2025,2025-26,2025-05,Digital Government,V0037,Supplier 037,Office Supplies,Open Competition,PO-40601,$279.87,Yes,EFT,FALSE,FALSE,FALSE,FALSE,FALSE,FALSE,FALSE,FALSE,0,Routine,FALSE,No predefined exception
PAY-000373,INV-286720,5/9/2025,2025-26,2025-05,Digital Government,V0063,Supplier 063,Equipment,Invitational,PO-21391,$852.05,Yes,EFT,FALSE,FALSE,FALSE,FALSE,FALSE,FALSE,FALSE,FALSE,0,Routine,FALSE,No predefined exception
PAY-002184,INV-625122,5/9/2025,2025-26,2025-05,Health Services,V0061,Supplier 061,Professional Services,Open Competition,PO-19382,"$2,491.14",Yes,EFT,FALSE,FALSE,FALSE,FALSE,FALSE,FALSE,FALSE,FALSE,0,Routine,FALSE,No predefined exception
PAY-001662,INV-907040,5/9/2025,2025-26,2025-05,Digital Government,V0031,Supplier 031,Training,Open Competition,PO-90823,"$1,256.75",Yes,EFT,FALSE,FALSE,FALSE,FALSE,FALSE,FALSE,FALSE,FALSE,0,Routine,FALSE,No predefined exception
PAY-000250,INV-237799,5/9/2025,2025-26,2025-05,Natural Resources,V0057,Supplier 057,Equipment,Standing Offer,PO-69347,"$6,164.21",Yes,EFT,FALSE,FALSE,FALSE,FALSE,FALSE,FALSE,FALSE,FALSE,0,Routine,FALSE,No predefined exception
PAY-001726,INV-367201,5/9/2025,2025-26,2025-05,Health Services,V0003,Supplier 003,IT Hardware,Standing Offer,PO-93857,"$7,336.23",Yes,EFT,FALSE,FALSE,FALSE,FALSE,FALSE,FALSE,FALSE,FALSE,0,Routine,FALSE,No predefined exception
PAY-000477,INV-701648,5/9/2025,2025-26,2025-05,Transportation & Infrastructure,V0021,Supplier 021,Equipment,Open Competition,PO-87737,$299.74,Yes,EFT,FALSE,FALSE,FALSE,FALSE,FALSE,FALSE,FALSE,FALSE,0,Routine,FALSE,No predefined exception
PAY-001626,INV-195335,5/10/2025,2025-26,2025-05,Natural Resources,V0047,Supplier 047,IT Hardware,Standing Offer,PO-47924,"$3,124.50",Yes,EFT,FALSE,FALSE,FALSE,FALSE,FALSE,FALSE,FALSE,FALSE,0,Routine,FALSE,No predefined exception
PAY-001321,INV-930997,5/10/2025,2025-26,2025-05,Transportation & Infrastructure,V0008,Supplier 008,Office Supplies,Standing Offer,PO-29612,"$2,549.65",Yes,EFT,FALSE,FALSE,FALSE,FALSE,FALSE,FALSE,FALSE,FALSE,0,Routine,FALSE,No predefined exception
PAY-002453,INV-805321,5/10/2025,2025-26,2025-05,Digital Government,V0014,Supplier 014,Software & Licensing,Standing Offer,PO-69234,"$1,684.40",Yes,EFT,FALSE,FALSE,FALSE,FALSE,FALSE,FALSE,FALSE,FALSE,0,Routine,FALSE,No predefined exception
PAY-001937,INV-115385,5/10/2025,2025-26,2025-05,Transportation & Infrastructure,V0031,Supplier 031,Office Supplies,Sole Source,PO-47948,"$4,252.32",Yes,EFT,FALSE,FALSE,FALSE,FALSE,FALSE,FALSE,FALSE,FALSE,0,Routine,FALSE,No predefined exception
PAY-001624,INV-628269,5/10/2025,2025-26,2025-05,Digital Government,V0075,Supplier 075,Building Maintenance,Open Competition,PO-62546,$654.20,Yes,EFT,FALSE,FALSE,FALSE,FALSE,FALSE,FALSE,FALSE,FALSE,0,Routine,FALSE,No predefined exception
PAY-001615,INV-302821,5/10/2025,2025-26,2025-05,Justice & Public Safety,V0062,Supplier 062,Training,Open Competition,PO-41358,"$1,708.70",Yes,EFT,FALSE,FALSE,FALSE,FALSE,FALSE,FALSE,FALSE,FALSE,0,Routine,FALSE,No predefined exception
PAY-001599,INV-368933,5/10/2025,2025-26,2025-05,Municipal Services,V0046,Supplier 046,Equipment,Sole Source,PO-64984,"$2,252.58",Yes,EFT,FALSE,FALSE,FALSE,FALSE,FALSE,FALSE,FALSE,FALSE,0,Routine,FALSE,No predefined exception
PAY-000109,INV-129709,5/11/2025,2025-26,2025-05,Natural Resources,V0029,Supplier 029,Building Maintenance,Standing Offer,PO-43469,"$2,687.30",Yes,EFT,TRUE,FALSE,FALSE,FALSE,FALSE,FALSE,FALSE,FALSE,3,Moderate,TRUE,Potential duplicate
PAY-000091,INV-362678,5/11/2025,2025-26,2025-05,Education,V0071,Supplier 071,Training,Standing Offer,PO-34717,$800.97,Yes,EFT,FALSE,FALSE,FALSE,FALSE,FALSE,FALSE,FALSE,FALSE,0,Routine,FALSE,No predefined exception
PAY-001849,INV-711868,5/11/2025,2025-26,2025-05,Natural Resources,V0038,Supplier 038,Transportation Services,Standing Offer,PO-70388,"$1,809.02",Yes,EFT,FALSE,FALSE,FALSE,FALSE,FALSE,FALSE,FALSE,FALSE,0,Routine,FALSE,No predefined exception
PAY-001952,INV-573319,5/11/2025,2025-26,2025-05,Education,V0002,Supplier 002,Construction Services,Open Competition,PO-46645,$800.70,Yes,EFT,FALSE,FALSE,FALSE,FALSE,FALSE,FALSE,FALSE,FALSE,0,Routine,FALSE,No predefined exception
PAY-000700,INV-211825,5/11/2025,2025-26,2025-05,Digital Government,V0047,Supplier 047,Office Supplies,Open Competition,PO-78334,$986.16,Yes,EFT,FALSE,FALSE,FALSE,FALSE,FALSE,FALSE,FALSE,FALSE,0,Routine,FALSE,No predefined exception
PAY-DUP-009,INV-129709,5/11/2025,2025-26,2025-05,Natural Resources,V0029,Supplier 029,Building Maintenance,Standing Offer,PO-43469,"$2,687.30",Yes,EFT,TRUE,FALSE,FALSE,FALSE,FALSE,FALSE,FALSE,FALSE,3,Moderate,TRUE,Potential duplicate
PAY-001811,INV-157196,5/11/2025,2025-26,2025-05,Justice & Public Safety,V0031,Supplier 031,Equipment,Standing Offer,PO-91839,"$5,921.94",Yes,EFT,FALSE,FALSE,FALSE,FALSE,FALSE,FALSE,FALSE,FALSE,0,Routine,FALSE,No predefined exception
PAY-001343,INV-124363,5/11/2025,2025-26,2025-05,Digital Government,V0006,Supplier 006,Equipment,Open Competition,PO-94436,"$4,487.69",Yes,EFT,FALSE,FALSE,FALSE,FALSE,FALSE,FALSE,FALSE,FALSE,0,Routine,FALSE,No predefined exception
PAY-002264,INV-908062,5/12/2025,2025-26,2025-05,Justice & Public Safety,V0074,Supplier 074,Professional Services,Open Competition,PO-14983,"$4,019.51",Yes,EFT,FALSE,FALSE,FALSE,FALSE,FALSE,FALSE,FALSE,FALSE,0,Routine,FALSE,No predefined exception
PAY-001077,INV-594527,5/12/2025,2025-26,2025-05,Education,V0060,Supplier 060,Building Maintenance,Invitational,PO-69131,"$7,821.00",Yes,EFT,FALSE,FALSE,FALSE,FALSE,FALSE,FALSE,FALSE,FALSE,0,Routine,FALSE,No predefined exception
PAY-001341,INV-277763,5/12/2025,2025-26,2025-05,Health Services,V0043,Supplier 043,Professional Services,Open Competition,PO-79745,$678.61,Yes,EFT,FALSE,FALSE,FALSE,FALSE,FALSE,FALSE,FALSE,FALSE,0,Routine,FALSE,No predefined exception
PAY-002253,INV-297345,5/12/2025,2025-26,2025-05,Natural Resources,V0010,Supplier 010,Training,Invitational,PO-92307,"$2,686.17",Yes,EFT,FALSE,FALSE,FALSE,FALSE,FALSE,FALSE,FALSE,FALSE,0,Routine,FALSE,No predefined exception
PAY-001414,INV-879533,5/12/2025,2025-26,2025-05,Health Services,V0029,Supplier 029,Professional Services,Open Competition,PO-96967,"$9,289.60",Yes,EFT,FALSE,FALSE,FALSE,FALSE,TRUE,FALSE,FALSE,FALSE,2,Moderate,TRUE,Statistical amount outlier
PAY-001052,INV-418174,5/12/2025,2025-26,2025-05,Municipal Services,V0054,Supplier 054,Professional Services,Open Competition,PO-49550,"$7,702.72",Yes,EFT,FALSE,FALSE,FALSE,FALSE,FALSE,FALSE,FALSE,FALSE,0,Routine,FALSE,No predefined exception
PAY-000589,INV-332931,5/12/2025,2025-26,2025-05,Digital Government,V0052,Supplier 052,Software & Licensing,Open Competition,PO-77002,"$5,609.63",Yes,EFT,FALSE,FALSE,FALSE,FALSE,FALSE,FALSE,FALSE,FALSE,0,Routine,FALSE,No predefined exception
PAY-002372,INV-396412,5/12/2025,2025-26,2025-05,Municipal Services,V0077,Supplier 077,Training,Sole Source,PO-42291,"$3,222.85",Yes,EFT,FALSE,FALSE,FALSE,FALSE,FALSE,FALSE,FALSE,FALSE,0,Routine,FALSE,No predefined exception
PAY-000137,INV-121584,5/12/2025,2025-26,2025-05,Health Services,V0080,Supplier 080,Software & Licensing,Open Competition,PO-86803,"$1,702.07",Yes,EFT,FALSE,FALSE,FALSE,FALSE,FALSE,FALSE,FALSE,FALSE,0,Routine,FALSE,No predefined exception
PAY-000516,INV-711796,5/13/2025,2025-26,2025-05,Transportation & Infrastructure,V0059,Supplier 059,Construction Services,Open Competition,PO-38735,"$6,445.75",Yes,EFT,FALSE,FALSE,FALSE,FALSE,FALSE,FALSE,FALSE,FALSE,0,Routine,FALSE,No predefined exception
PAY-002426,INV-766220,5/13/2025,2025-26,2025-05,Health Services,V0045,Supplier 045,IT Hardware,Standing Offer,PO-68204,"$2,888.45",No,EFT,FALSE,FALSE,FALSE,FALSE,FALSE,FALSE,FALSE,TRUE,3,Moderate,TRUE,Approval exception
PAY-000821,INV-440281,5/13/2025,2025-26,2025-05,Justice & Public Safety,V0071,Supplier 071,Construction Services,Open Competition,PO-31529,"$2,194.87",Yes,EFT,FALSE,FALSE,FALSE,FALSE,FALSE,FALSE,FALSE,FALSE,0,Routine,FALSE,No predefined exception
PAY-002141,INV-617473,5/13/2025,2025-26,2025-05,Natural Resources,V0011,Supplier 011,IT Hardware,Open Competition,,"$2,630.12",Yes,Cheque,FALSE,FALSE,TRUE,FALSE,FALSE,FALSE,FALSE,FALSE,1,Routine,FALSE,Missing purchase order
PAY-000071,INV-447186,5/14/2025,2025-26,2025-05,Health Services,V0077,Supplier 077,IT Hardware,Open Competition,PO-73389,$735.44,Yes,Cheque,FALSE,FALSE,FALSE,FALSE,FALSE,FALSE,FALSE,FALSE,0,Routine,FALSE,No predefined exception
PAY-001999,INV-260014,5/14/2025,2025-26,2025-05,Health Services,V0040,Supplier 040,Transportation Services,Standing Offer,PO-11660,$593.34,Yes,EFT,FALSE,FALSE,FALSE,FALSE,FALSE,FALSE,FALSE,FALSE,0,Routine,FALSE,No predefined exception
PAY-000517,INV-839127,5/14/2025,2025-26,2025-05,Digital Government,V0058,Supplier 058,Professional Services,Open Competition,PO-86195,"$2,833.51",Yes,EFT,FALSE,FALSE,FALSE,FALSE,FALSE,FALSE,FALSE,FALSE,0,Routine,FALSE,No predefined exception
PAY-000657,INV-700338,5/14/2025,2025-26,2025-05,Digital Government,V0027,Supplier 027,Construction Services,Open Competition,PO-81774,"$1,348.91",Yes,EFT,FALSE,FALSE,FALSE,FALSE,FALSE,FALSE,FALSE,FALSE,0,Routine,FALSE,No predefined exception
PAY-001427,INV-552115,5/14/2025,2025-26,2025-05,Digital Government,V0058,Supplier 058,Office Supplies,Open Competition,PO-80509,"$1,836.76",Yes,Corporate Card,FALSE,FALSE,FALSE,FALSE,FALSE,FALSE,FALSE,FALSE,0,Routine,FALSE,No predefined exception
PAY-000167,INV-382260,5/14/2025,2025-26,2025-05,Justice & Public Safety,V0008,Supplier 008,Transportation Services,Sole Source,PO-58311,$671.71,Yes,EFT,FALSE,FALSE,FALSE,FALSE,FALSE,FALSE,FALSE,FALSE,0,Routine,FALSE,No predefined exception
PAY-001643,INV-962839,5/15/2025,2025-26,2025-05,Health Services,V0053,Supplier 053,IT Hardware,Open Competition,PO-65636,"$4,796.35",Yes,EFT,FALSE,FALSE,FALSE,FALSE,FALSE,FALSE,FALSE,FALSE,0,Routine,FALSE,No predefined exception
PAY-001654,INV-296936,5/15/2025,2025-26,2025-05,Transportation & Infrastructure,V0051,Supplier 051,Training,Standing Offer,PO-97284,"$2,313.41",Yes,EFT,FALSE,FALSE,FALSE,FALSE,FALSE,FALSE,FALSE,FALSE,0,Routine,FALSE,No predefined exception
PAY-000161,INV-503708,5/15/2025,2025-26,2025-05,Municipal Services,V0041,Supplier 041,Equipment,Open Competition,PO-69053,"$4,065.50",Yes,EFT,FALSE,FALSE,FALSE,FALSE,FALSE,FALSE,FALSE,FALSE,0,Routine,FALSE,No predefined exception
PAY-001672,INV-551989,5/16/2025,2025-26,2025-05,Education,V0001,Supplier 001,Equipment,Open Competition,PO-89429,"$1,761.80",Yes,EFT,FALSE,FALSE,FALSE,FALSE,FALSE,FALSE,FALSE,FALSE,0,Routine,FALSE,No predefined exception
PAY-000708,INV-815003,5/16/2025,2025-26,2025-05,Justice & Public Safety,V0007,Supplier 007,Training,Standing Offer,PO-97705,"$12,352.63",Yes,EFT,FALSE,FALSE,FALSE,FALSE,TRUE,FALSE,FALSE,FALSE,2,Moderate,TRUE,Statistical amount outlier
PAY-001775,INV-711650,5/16/2025,2025-26,2025-05,Health Services,V0016,Supplier 016,Construction Services,Invitational,PO-59572,"$2,494.50",Yes,EFT,FALSE,FALSE,FALSE,FALSE,FALSE,FALSE,FALSE,FALSE,0,Routine,FALSE,No predefined exception
PAY-001366,INV-625825,5/16/2025,2025-26,2025-05,Municipal Services,V0051,Supplier 051,Building Maintenance,Open Competition,PO-40352,"$7,059.87",Yes,EFT,FALSE,FALSE,FALSE,FALSE,FALSE,FALSE,FALSE,FALSE,0,Routine,FALSE,No predefined exception
PAY-001813,INV-944326,5/16/2025,2025-26,2025-05,Health Services,V0027,Supplier 027,Transportation Services,Open Competition,PO-43218,$761.78,Yes,EFT,FALSE,FALSE,FALSE,FALSE,FALSE,FALSE,FALSE,FALSE,0,Routine,FALSE,No predefined exception
PAY-000854,INV-149476,5/16/2025,2025-26,2025-05,Education,V0047,Supplier 047,Office Supplies,Open Competition,PO-10063,"$1,125.76",Yes,EFT,FALSE,FALSE,FALSE,FALSE,FALSE,FALSE,FALSE,FALSE,0,Routine,FALSE,No predefined exception
PAY-000334,INV-680222,5/16/2025,2025-26,2025-05,Education,V0039,Supplier 039,Transportation Services,Standing Offer,PO-44902,"$1,602.49",Yes,EFT,FALSE,FALSE,FALSE,FALSE,FALSE,FALSE,FALSE,FALSE,0,Routine,FALSE,No predefined exception
PAY-000862,INV-693411,5/17/2025,2025-26,2025-05,Natural Resources,V0020,Supplier 020,Office Supplies,Open Competition,PO-46036,"$5,318.09",Yes,EFT,FALSE,FALSE,FALSE,FALSE,FALSE,FALSE,FALSE,FALSE,0,Routine,FALSE,No predefined exception
PAY-001109,INV-109472,5/17/2025,2025-26,2025-05,Natural Resources,V0002,Supplier 002,Software & Licensing,Sole Source,PO-84783,"$55,445.96",Yes,EFT,FALSE,FALSE,FALSE,FALSE,TRUE,TRUE,FALSE,FALSE,4,Higher,TRUE,Statistical amount outlier; Higher-value sole-source transaction
PAY-001565,INV-567310,5/17/2025,2025-26,2025-05,Education,V0050,Supplier 050,Software & Licensing,Open Competition,PO-18484,"$2,897.17",Yes,EFT,FALSE,FALSE,FALSE,FALSE,FALSE,FALSE,FALSE,FALSE,0,Routine,FALSE,No predefined exception
PAY-000471,INV-829520,5/17/2025,2025-26,2025-05,Transportation & Infrastructure,V0025,Supplier 025,IT Hardware,Open Competition,,"$7,241.02",Yes,EFT,FALSE,FALSE,TRUE,FALSE,FALSE,FALSE,FALSE,FALSE,1,Routine,FALSE,Missing purchase order
PAY-001452,INV-397073,5/17/2025,2025-26,2025-05,Justice & Public Safety,V0051,Supplier 051,Office Supplies,Open Competition,PO-45109,"$1,317.17",Yes,EFT,FALSE,FALSE,FALSE,FALSE,FALSE,FALSE,FALSE,FALSE,0,Routine,FALSE,No predefined exception
PAY-002197,INV-600850,5/17/2025,2025-26,2025-05,Natural Resources,V0065,Supplier 065,Professional Services,Open Competition,PO-85885,"$3,307.61",Yes,EFT,FALSE,FALSE,FALSE,FALSE,FALSE,FALSE,FALSE,FALSE,0,Routine,FALSE,No predefined exception
PAY-000991,INV-204672,5/17/2025,2025-26,2025-05,Health Services,V0013,Supplier 013,Transportation Services,Open Competition,PO-26104,"$1,570.42",Yes,EFT,FALSE,FALSE,FALSE,FALSE,FALSE,FALSE,FALSE,FALSE,0,Routine,FALSE,No predefined exception
PAY-000673,INV-801458,5/17/2025,2025-26,2025-05,Natural Resources,V0007,Supplier 007,Construction Services,Open Competition,PO-18012,"$1,089.53",Yes,EFT,FALSE,FALSE,FALSE,FALSE,FALSE,FALSE,FALSE,FALSE,0,Routine,FALSE,No predefined exception
PAY-000422,INV-915907,5/17/2025,2025-26,2025-05,Transportation & Infrastructure,V0017,Supplier 017,Office Supplies,Open Competition,PO-35236,$820.06,Yes,EFT,FALSE,FALSE,FALSE,FALSE,FALSE,FALSE,FALSE,FALSE,0,Routine,FALSE,No predefined exception
PAY-000453,INV-823807,5/18/2025,2025-26,2025-05,Municipal Services,V0080,Supplier 080,Training,Sole Source,PO-68835,"$1,885.21",Yes,EFT,FALSE,FALSE,FALSE,FALSE,FALSE,FALSE,FALSE,FALSE,0,Routine,FALSE,No predefined exception
PAY-000116,INV-145689,5/18/2025,2025-26,2025-05,Digital Government,V0010,Supplier 010,IT Hardware,Invitational,PO-12214,"$6,239.76",Yes,Cheque,FALSE,FALSE,FALSE,FALSE,FALSE,FALSE,FALSE,FALSE,0,Routine,FALSE,No predefined exception
PAY-000870,INV-813895,5/18/2025,2025-26,2025-05,Education,V0015,Supplier 015,Professional Services,Open Competition,PO-92667,"$1,895.84",Yes,EFT,FALSE,FALSE,FALSE,FALSE,FALSE,FALSE,FALSE,FALSE,0,Routine,FALSE,No predefined exception
PAY-002371,INV-267558,5/19/2025,2025-26,2025-05,Health Services,V0078,Supplier 078,Building Maintenance,Open Competition,PO-75509,"$2,692.24",Yes,EFT,FALSE,FALSE,FALSE,FALSE,FALSE,FALSE,FALSE,FALSE,0,Routine,FALSE,No predefined exception
PAY-002279,INV-386305,5/19/2025,2025-26,2025-05,Transportation & Infrastructure,V0030,Supplier 030,Professional Services,Open Competition,PO-24066,"$4,210.04",Yes,EFT,FALSE,FALSE,FALSE,FALSE,FALSE,FALSE,FALSE,FALSE,0,Routine,FALSE,No predefined exception
PAY-002213,INV-574650,5/19/2025,2025-26,2025-05,Digital Government,V0014,Supplier 014,Equipment,Open Competition,PO-97659,"$1,605.86",Yes,EFT,FALSE,FALSE,FALSE,FALSE,FALSE,FALSE,FALSE,FALSE,0,Routine,FALSE,No predefined exception
PAY-001202,INV-983784,5/19/2025,2025-26,2025-05,Natural Resources,V0027,Supplier 027,Equipment,Sole Source,PO-65910,"$10,370.22",Yes,EFT,FALSE,FALSE,FALSE,FALSE,TRUE,TRUE,FALSE,FALSE,4,Higher,TRUE,Statistical amount outlier; Higher-value sole-source transaction
PAY-000030,INV-135709,5/19/2025,2025-26,2025-05,Municipal Services,V0018,Supplier 018,Professional Services,Open Competition,PO-77963,$320.18,Yes,EFT,FALSE,FALSE,FALSE,FALSE,FALSE,FALSE,FALSE,FALSE,0,Routine,FALSE,No predefined exception
PAY-002231,INV-609698,5/19/2025,2025-26,2025-05,Justice & Public Safety,V0040,Supplier 040,Equipment,Open Competition,,"$4,285.99",Yes,EFT,FALSE,FALSE,TRUE,FALSE,FALSE,FALSE,FALSE,FALSE,1,Routine,FALSE,Missing purchase order
PAY-001213,INV-558818,5/19/2025,2025-26,2025-05,Transportation & Infrastructure,V0067,Supplier 067,Building Maintenance,Open Competition,PO-87336,"$1,458.08",Yes,EFT,FALSE,FALSE,FALSE,FALSE,FALSE,FALSE,FALSE,FALSE,0,Routine,FALSE,No predefined exception
PAY-000329,INV-327693,5/19/2025,2025-26,2025-05,Education,V0042,Supplier 042,Equipment,Open Competition,PO-41772,$722.98,Yes,EFT,FALSE,FALSE,FALSE,FALSE,FALSE,FALSE,FALSE,FALSE,0,Routine,FALSE,No predefined exception
PAY-002289,INV-732088,5/20/2025,2025-26,2025-05,Natural Resources,V0013,Supplier 013,Transportation Services,Open Competition,PO-70850,"$1,248.36",Yes,Corporate Card,FALSE,FALSE,FALSE,FALSE,FALSE,FALSE,FALSE,FALSE,0,Routine,FALSE,No predefined exception
PAY-002218,INV-410258,5/20/2025,2025-26,2025-05,Natural Resources,V0064,Supplier 064,Construction Services,Open Competition,PO-12039,"$2,295.66",Yes,EFT,FALSE,FALSE,FALSE,FALSE,FALSE,FALSE,FALSE,FALSE,0,Routine,FALSE,No predefined exception
PAY-001917,INV-967461,5/20/2025,2025-26,2025-05,Transportation & Infrastructure,V0071,Supplier 071,Office Supplies,Open Competition,PO-85547,"$9,288.28",Yes,EFT,FALSE,FALSE,FALSE,FALSE,TRUE,FALSE,FALSE,FALSE,2,Moderate,TRUE,Statistical amount outlier
PAY-001769,INV-502968,5/20/2025,2025-26,2025-05,Municipal Services,V0014,Supplier 014,Transportation Services,Open Competition,PO-68677,"$1,180.53",Yes,EFT,FALSE,FALSE,FALSE,FALSE,FALSE,FALSE,FALSE,FALSE,0,Routine,FALSE,No predefined exception
PAY-000062,INV-875359,5/20/2025,2025-26,2025-05,Education,V0028,Supplier 028,Equipment,Open Competition,PO-84607,"$3,413.95",Yes,EFT,FALSE,FALSE,FALSE,FALSE,FALSE,FALSE,FALSE,FALSE,0,Routine,FALSE,No predefined exception
PAY-000314,INV-623225,5/21/2025,2025-26,2025-05,Digital Government,V0052,Supplier 052,Training,Invitational,PO-20070,"$2,843.28",Yes,EFT,FALSE,FALSE,FALSE,FALSE,FALSE,FALSE,FALSE,FALSE,0,Routine,FALSE,No predefined exception
PAY-000805,INV-727907,5/21/2025,2025-26,2025-05,Health Services,V0051,Supplier 051,Software & Licensing,Open Competition,,"$7,808.66",Yes,EFT,FALSE,FALSE,TRUE,FALSE,FALSE,FALSE,FALSE,FALSE,1,Routine,FALSE,Missing purchase order
PAY-001152,INV-485007,5/21/2025,2025-26,2025-05,Natural Resources,V0017,Supplier 017,Office Supplies,Open Competition,PO-61450,"$4,058.46",Yes,EFT,FALSE,FALSE,FALSE,FALSE,FALSE,FALSE,FALSE,FALSE,0,Routine,FALSE,No predefined exception
PAY-000037,INV-586121,5/21/2025,2025-26,2025-05,Natural Resources,V0041,Supplier 041,Office Supplies,Invitational,PO-47729,"$2,264.96",Yes,EFT,FALSE,FALSE,FALSE,FALSE,FALSE,FALSE,FALSE,FALSE,0,Routine,FALSE,No predefined exception
PAY-002155,INV-286278,5/21/2025,2025-26,2025-05,Health Services,V0006,Supplier 006,Office Supplies,Standing Offer,PO-45416,$599.26,Yes,EFT,FALSE,FALSE,FALSE,FALSE,FALSE,FALSE,FALSE,FALSE,0,Routine,FALSE,No predefined exception
PAY-000757,INV-925854,5/21/2025,2025-26,2025-05,Digital Government,V0007,Supplier 007,Training,Sole Source,PO-57543,"$5,592.97",Yes,EFT,FALSE,FALSE,FALSE,FALSE,FALSE,FALSE,FALSE,FALSE,0,Routine,FALSE,No predefined exception
PAY-000395,INV-862277,5/21/2025,2025-26,2025-05,Education,V0047,Supplier 047,IT Hardware,Standing Offer,PO-47208,"$15,552.50",Yes,EFT,FALSE,FALSE,FALSE,FALSE,TRUE,FALSE,FALSE,FALSE,2,Moderate,TRUE,Statistical amount outlier
PAY-001263,INV-923265,5/21/2025,2025-26,2025-05,Education,V0063,Supplier 063,Building Maintenance,Invitational,PO-27191,"$1,632.44",Yes,EFT,FALSE,FALSE,FALSE,FALSE,FALSE,FALSE,FALSE,FALSE,0,Routine,FALSE,No predefined exception
PAY-000841,INV-750332,5/21/2025,2025-26,2025-05,Natural Resources,V0004,Supplier 004,Professional Services,Open Competition,PO-60660,$468.35,Yes,EFT,FALSE,FALSE,FALSE,FALSE,FALSE,FALSE,FALSE,FALSE,0,Routine,FALSE,No predefined exception
PAY-000143,INV-880594,5/22/2025,2025-26,2025-05,Education,V0024,Supplier 024,Equipment,Open Competition,PO-13646,"$3,534.34",Yes,EFT,FALSE,FALSE,FALSE,FALSE,FALSE,FALSE,FALSE,FALSE,0,Routine,FALSE,No predefined exception
PAY-001545,INV-503666,5/22/2025,2025-26,2025-05,Health Services,V0060,Supplier 060,Professional Services,Open Competition,PO-45860,"$1,869.96",Yes,EFT,FALSE,FALSE,FALSE,FALSE,FALSE,FALSE,FALSE,FALSE,0,Routine,FALSE,No predefined exception
PAY-000576,INV-607656,5/22/2025,2025-26,2025-05,Digital Government,V0080,Supplier 080,Transportation Services,Standing Offer,,"$1,631.08",Yes,EFT,FALSE,FALSE,TRUE,FALSE,FALSE,FALSE,FALSE,FALSE,1,Routine,FALSE,Missing purchase order
PAY-002163,INV-497797,5/22/2025,2025-26,2025-05,Education,V0027,Supplier 027,Equipment,Open Competition,PO-60212,"$12,210.51",Yes,EFT,FALSE,FALSE,FALSE,FALSE,TRUE,FALSE,FALSE,FALSE,2,Moderate,TRUE,Statistical amount outlier
PAY-000198,INV-566836,5/22/2025,2025-26,2025-05,Justice & Public Safety,V0052,Supplier 052,Building Maintenance,Invitational,PO-32247,"$2,483.38",Yes,Cheque,FALSE,FALSE,FALSE,FALSE,FALSE,FALSE,FALSE,FALSE,0,Routine,FALSE,No predefined exception
PAY-000216,INV-675770,5/23/2025,2025-26,2025-05,Justice & Public Safety,V0023,Supplier 023,Equipment,Invitational,PO-74881,"$9,900.00",Yes,EFT,FALSE,FALSE,FALSE,TRUE,TRUE,FALSE,FALSE,FALSE,4,Higher,TRUE,Near hypothetical threshold; Statistical amount outlier
PAY-000413,INV-317394,5/23/2025,2025-26,2025-05,Health Services,V0025,Supplier 025,Construction Services,Open Competition,PO-40519,"$2,607.30",Yes,EFT,FALSE,FALSE,FALSE,FALSE,FALSE,FALSE,FALSE,FALSE,0,Routine,FALSE,No predefined exception
PAY-001303,INV-282047,5/23/2025,2025-26,2025-05,Health Services,V0032,Supplier 032,Transportation Services,Open Competition,PO-50573,"$2,220.60",Yes,EFT,FALSE,FALSE,FALSE,FALSE,FALSE,FALSE,FALSE,FALSE,0,Routine,FALSE,No predefined exception
PAY-000749,INV-520661,5/23/2025,2025-26,2025-05,Transportation & Infrastructure,V0007,Supplier 007,Professional Services,Open Competition,PO-29589,"$4,947.47",Yes,EFT,FALSE,FALSE,FALSE,FALSE,FALSE,FALSE,FALSE,FALSE,0,Routine,FALSE,No predefined exception
PAY-000817,INV-657765,5/23/2025,2025-26,2025-05,Digital Government,V0051,Supplier 051,Equipment,Standing Offer,PO-32016,"$1,077.06",Yes,EFT,FALSE,FALSE,FALSE,FALSE,FALSE,FALSE,FALSE,FALSE,0,Routine,FALSE,No predefined exception
PAY-000055,INV-472050,5/23/2025,2025-26,2025-05,Natural Resources,V0079,Supplier 079,Office Supplies,Open Competition,PO-27341,"$1,803.07",Yes,EFT,FALSE,FALSE,FALSE,FALSE,FALSE,FALSE,FALSE,FALSE,0,Routine,FALSE,No predefined exception
PAY-000086,INV-860330,5/23/2025,2025-26,2025-05,Justice & Public Safety,V0049,Supplier 049,Equipment,Standing Offer,PO-78089,"$4,556.64",Yes,EFT,FALSE,FALSE,FALSE,FALSE,FALSE,FALSE,FALSE,FALSE,0,Routine,FALSE,No predefined exception
PAY-002075,INV-405218,5/23/2025,2025-26,2025-05,Education,V0061,Supplier 061,Equipment,Open Competition,PO-63411,"$7,680.86",Yes,EFT,FALSE,FALSE,FALSE,FALSE,FALSE,FALSE,FALSE,FALSE,0,Routine,FALSE,No predefined exception
PAY-000582,INV-921726,5/23/2025,2025-26,2025-05,Health Services,V0058,Supplier 058,Office Supplies,Invitational,PO-49992,"$3,906.44",No,EFT,FALSE,FALSE,FALSE,FALSE,FALSE,FALSE,FALSE,TRUE,3,Moderate,TRUE,Approval exception
PAY-000679,INV-676250,5/24/2025,2025-26,2025-05,Education,V0040,Supplier 040,Equipment,Invitational,PO-60281,"$3,912.58",Yes,EFT,FALSE,FALSE,FALSE,FALSE,FALSE,FALSE,FALSE,FALSE,0,Routine,FALSE,No predefined exception
PAY-000410,INV-960380,5/24/2025,2025-26,2025-05,Transportation & Infrastructure,V0001,Supplier 001,Construction Services,Open Competition,PO-13960,"$4,562.64",Yes,EFT,FALSE,FALSE,FALSE,FALSE,FALSE,FALSE,FALSE,FALSE,0,Routine,FALSE,No predefined exception
PAY-000210,INV-758139,5/24/2025,2025-26,2025-05,Health Services,V0066,Supplier 066,Software & Licensing,Sole Source,PO-92138,"$9,850.00",Yes,EFT,FALSE,FALSE,FALSE,TRUE,TRUE,FALSE,FALSE,FALSE,4,Higher,TRUE,Near hypothetical threshold; Statistical amount outlier
PAY-000356,INV-969360,5/24/2025,2025-26,2025-05,Natural Resources,V0069,Supplier 069,Office Supplies,Standing Offer,PO-13345,"$175,000.00",Yes,EFT,FALSE,FALSE,FALSE,FALSE,TRUE,FALSE,FALSE,FALSE,2,Moderate,TRUE,Statistical amount outlier
PAY-001564,INV-730368,5/24/2025,2025-26,2025-05,Education,V0060,Supplier 060,Software & Licensing,Open Competition,PO-18545,"$2,137.90",Yes,EFT,FALSE,FALSE,FALSE,FALSE,FALSE,FALSE,FALSE,FALSE,0,Routine,FALSE,No predefined exception
PAY-001258,INV-982930,5/24/2025,2025-26,2025-05,Natural Resources,V0078,Supplier 078,Transportation Services,Standing Offer,,$623.81,No,EFT,FALSE,FALSE,TRUE,FALSE,FALSE,FALSE,FALSE,TRUE,4,Higher,TRUE,Missing purchase order; Approval exception
PAY-000774,INV-513083,5/24/2025,2025-26,2025-05,Education,V0007,Supplier 007,Training,Open Competition,PO-96462,"$1,293.62",Yes,Corporate Card,FALSE,FALSE,FALSE,FALSE,FALSE,FALSE,FALSE,FALSE,0,Routine,FALSE,No predefined exception
PAY-000065,INV-985259,5/24/2025,2025-26,2025-05,Digital Government,V0015,Supplier 015,Training,Standing Offer,PO-45409,"$4,164.12",Yes,EFT,FALSE,FALSE,FALSE,FALSE,FALSE,FALSE,FALSE,FALSE,0,Routine,FALSE,No predefined exception
PAY-000278,INV-449903,5/24/2025,2025-26,2025-05,Digital Government,V0033,Supplier 033,Training,Open Competition,PO-16453,"$1,392.56",Yes,EFT,FALSE,FALSE,FALSE,FALSE,FALSE,FALSE,FALSE,FALSE,0,Routine,FALSE,No predefined exception
PAY-001167,INV-169351,5/25/2025,2025-26,2025-05,Justice & Public Safety,V0052,Supplier 052,IT Hardware,Open Competition,PO-98816,"$1,588.39",Yes,EFT,FALSE,FALSE,FALSE,FALSE,FALSE,FALSE,FALSE,FALSE,0,Routine,FALSE,No predefined exception
PAY-001879,INV-306354,5/25/2025,2025-26,2025-05,Digital Government,V0058,Supplier 058,Construction Services,Open Competition,PO-94740,"$1,768.82",Yes,EFT,FALSE,FALSE,FALSE,FALSE,FALSE,FALSE,FALSE,FALSE,0,Routine,FALSE,No predefined exception
PAY-002318,INV-413651,5/25/2025,2025-26,2025-05,Justice & Public Safety,V0046,Supplier 046,Building Maintenance,Standing Offer,PO-16909,$948.96,Yes,EFT,FALSE,FALSE,FALSE,FALSE,FALSE,FALSE,FALSE,FALSE,0,Routine,FALSE,No predefined exception
PAY-001389,INV-956035,5/25/2025,2025-26,2025-05,Justice & Public Safety,V0068,Supplier 068,Professional Services,Standing Offer,PO-16704,$881.95,Yes,EFT,FALSE,FALSE,FALSE,FALSE,FALSE,FALSE,FALSE,FALSE,0,Routine,FALSE,No predefined exception
PAY-001247,INV-946334,5/25/2025,2025-26,2025-05,Natural Resources,V0018,Supplier 018,Office Supplies,Open Competition,PO-39917,"$4,738.80",Yes,EFT,FALSE,FALSE,FALSE,FALSE,FALSE,FALSE,FALSE,FALSE,0,Routine,FALSE,No predefined exception
PAY-000039,INV-813806,5/25/2025,2025-26,2025-05,Municipal Services,V0003,Supplier 003,Training,Standing Offer,PO-88871,"$2,560.39",Yes,EFT,FALSE,FALSE,FALSE,FALSE,FALSE,FALSE,FALSE,FALSE,0,Routine,FALSE,No predefined exception
PAY-001240,INV-568298,5/25/2025,2025-26,2025-05,Digital Government,V0034,Supplier 034,Equipment,Open Competition,PO-35698,"$17,271.67",Yes,Cheque,FALSE,FALSE,FALSE,FALSE,TRUE,FALSE,FALSE,FALSE,2,Moderate,TRUE,Statistical amount outlier
PAY-002439,INV-334975,5/26/2025,2025-26,2025-05,Education,V0078,Supplier 078,Training,Open Competition,PO-17053,"$2,930.89",Yes,Corporate Card,FALSE,FALSE,FALSE,FALSE,FALSE,FALSE,FALSE,FALSE,0,Routine,FALSE,No predefined exception
PAY-001623,INV-944898,5/26/2025,2025-26,2025-05,Digital Government,V0045,Supplier 045,Office Supplies,Invitational,PO-98894,"$10,521.47",Yes,EFT,FALSE,FALSE,FALSE,FALSE,TRUE,FALSE,FALSE,FALSE,2,Moderate,TRUE,Statistical amount outlier
PAY-000884,INV-950181,5/26/2025,2025-26,2025-05,Digital Government,V0068,Supplier 068,IT Hardware,Standing Offer,PO-31799,"$10,314.85",Yes,EFT,FALSE,FALSE,FALSE,FALSE,TRUE,FALSE,FALSE,FALSE,2,Moderate,TRUE,Statistical amount outlier
PAY-000866,INV-481186,5/26/2025,2025-26,2025-05,Natural Resources,V0036,Supplier 036,Construction Services,Invitational,PO-36965,"$6,726.61",Yes,EFT,FALSE,FALSE,FALSE,FALSE,FALSE,FALSE,FALSE,FALSE,0,Routine,FALSE,No predefined exception
PAY-000585,INV-250823,5/27/2025,2025-26,2025-05,Health Services,V0003,Supplier 003,Equipment,Open Competition,PO-44611,$976.67,Yes,Corporate Card,FALSE,FALSE,FALSE,FALSE,FALSE,FALSE,FALSE,FALSE,0,Routine,FALSE,No predefined exception
PAY-001431,INV-426968,5/27/2025,2025-26,2025-05,Education,V0061,Supplier 061,Software & Licensing,Standing Offer,PO-47484,"$4,537.13",Yes,EFT,FALSE,FALSE,FALSE,FALSE,FALSE,FALSE,FALSE,FALSE,0,Routine,FALSE,No predefined exception
PAY-000437,INV-370561,5/28/2025,2025-26,2025-05,Digital Government,V0080,Supplier 080,Office Supplies,Open Competition,PO-31307,"$1,411.84",Yes,EFT,FALSE,FALSE,FALSE,FALSE,FALSE,FALSE,FALSE,FALSE,0,Routine,FALSE,No predefined exception
PAY-000445,INV-914107,5/28/2025,2025-26,2025-05,Natural Resources,V0074,Supplier 074,Construction Services,Standing Offer,PO-70464,"$3,241.81",Yes,Cheque,FALSE,FALSE,FALSE,FALSE,FALSE,FALSE,FALSE,FALSE,0,Routine,FALSE,No predefined exception
PAY-001748,INV-763582,5/28/2025,2025-26,2025-05,Justice & Public Safety,V0021,Supplier 021,Training,Standing Offer,PO-40029,"$3,434.46",Yes,EFT,FALSE,FALSE,FALSE,FALSE,FALSE,FALSE,FALSE,FALSE,0,Routine,FALSE,No predefined exception
PAY-000357,INV-251770,5/28/2025,2025-26,2025-05,Education,V0052,Supplier 052,Training,Open Competition,PO-66366,"$125,000.00",Yes,EFT,FALSE,FALSE,FALSE,FALSE,TRUE,FALSE,FALSE,FALSE,2,Moderate,TRUE,Statistical amount outlier
PAY-000645,INV-325121,5/28/2025,2025-26,2025-05,Transportation & Infrastructure,V0041,Supplier 041,Training,Open Competition,PO-20535,"$2,007.21",Yes,EFT,FALSE,FALSE,FALSE,FALSE,FALSE,FALSE,FALSE,FALSE,0,Routine,FALSE,No predefined exception
PAY-002292,INV-862557,5/28/2025,2025-26,2025-05,Natural Resources,V0047,Supplier 047,Professional Services,Open Competition,PO-86521,$284.21,Yes,EFT,FALSE,FALSE,FALSE,FALSE,FALSE,FALSE,FALSE,FALSE,0,Routine,FALSE,No predefined exception
PAY-000403,INV-447236,5/28/2025,2025-26,2025-05,Natural Resources,V0028,Supplier 028,Software & Licensing,Open Competition,PO-34188,"$1,462.32",Yes,EFT,FALSE,FALSE,FALSE,FALSE,FALSE,FALSE,FALSE,FALSE,0,Routine,FALSE,No predefined exception
PAY-001720,INV-299294,5/28/2025,2025-26,2025-05,Health Services,V0012,Supplier 012,Software & Licensing,Open Competition,PO-63797,"$2,160.41",Yes,EFT,FALSE,FALSE,FALSE,FALSE,FALSE,FALSE,FALSE,FALSE,0,Routine,FALSE,No predefined exception
PAY-000656,INV-687073,5/28/2025,2025-26,2025-05,Natural Resources,V0011,Supplier 011,Equipment,Open Competition,PO-78483,"$1,626.15",Yes,EFT,FALSE,FALSE,FALSE,FALSE,FALSE,FALSE,FALSE,FALSE,0,Routine,FALSE,No predefined exception
PAY-001638,INV-453153,5/29/2025,2025-26,2025-05,Education,V0017,Supplier 017,IT Hardware,Invitational,PO-97227,"$3,921.94",Yes,EFT,FALSE,FALSE,FALSE,FALSE,FALSE,FALSE,FALSE,FALSE,0,Routine,FALSE,No predefined exception
PAY-001449,INV-558365,5/29/2025,2025-26,2025-05,Justice & Public Safety,V0006,Supplier 006,Software & Licensing,Sole Source,PO-72208,"$1,347.90",Yes,EFT,FALSE,FALSE,FALSE,FALSE,FALSE,FALSE,FALSE,FALSE,0,Routine,FALSE,No predefined exception
PAY-001637,INV-266963,5/29/2025,2025-26,2025-05,Municipal Services,V0040,Supplier 040,Professional Services,Open Competition,PO-51435,$780.25,Yes,EFT,FALSE,FALSE,FALSE,FALSE,FALSE,FALSE,FALSE,FALSE,0,Routine,FALSE,No predefined exception
PAY-001547,INV-883258,5/29/2025,2025-26,2025-05,Digital Government,V0023,Supplier 023,Building Maintenance,Open Competition,PO-99385,"$1,578.58",Yes,EFT,FALSE,FALSE,FALSE,FALSE,FALSE,FALSE,FALSE,FALSE,0,Routine,FALSE,No predefined exception
PAY-000031,INV-930049,5/29/2025,2025-26,2025-05,Natural Resources,V0068,Supplier 068,Training,Standing Offer,PO-93956,$884.34,Yes,EFT,FALSE,FALSE,FALSE,FALSE,FALSE,FALSE,FALSE,FALSE,0,Routine,FALSE,No predefined exception
PAY-001897,INV-464765,5/29/2025,2025-26,2025-05,Natural Resources,V0053,Supplier 053,IT Hardware,Invitational,PO-65001,"$2,062.18",Yes,EFT,FALSE,FALSE,FALSE,FALSE,FALSE,FALSE,FALSE,FALSE,0,Routine,FALSE,No predefined exception
PAY-001312,INV-612438,5/29/2025,2025-26,2025-05,Justice & Public Safety,V0057,Supplier 057,Transportation Services,Invitational,PO-74403,"$1,168.80",Yes,EFT,FALSE,FALSE,FALSE,FALSE,FALSE,FALSE,FALSE,FALSE,0,Routine,FALSE,No predefined exception
PAY-002016,INV-469802,5/29/2025,2025-26,2025-05,Justice & Public Safety,V0009,Supplier 009,Professional Services,Open Competition,PO-63112,$611.74,Yes,EFT,FALSE,FALSE,FALSE,FALSE,FALSE,FALSE,FALSE,FALSE,0,Routine,FALSE,No predefined exception
PAY-001761,INV-591860,5/30/2025,2025-26,2025-05,Health Services,V0079,Supplier 079,Construction Services,Open Competition,PO-85889,"$2,066.26",Yes,EFT,FALSE,FALSE,FALSE,FALSE,FALSE,FALSE,FALSE,FALSE,0,Routine,FALSE,No predefined exception
PAY-001032,INV-445992,5/30/2025,2025-26,2025-05,Municipal Services,V0055,Supplier 055,Building Maintenance,Invitational,PO-15615,"$3,413.85",Yes,EFT,FALSE,FALSE,FALSE,FALSE,FALSE,FALSE,FALSE,FALSE,0,Routine,FALSE,No predefined exception
PAY-002429,INV-907274,5/30/2025,2025-26,2025-05,Justice & Public Safety,V0045,Supplier 045,Software & Licensing,Open Competition,PO-21881,"$4,300.74",Yes,EFT,FALSE,FALSE,FALSE,FALSE,FALSE,FALSE,FALSE,FALSE,0,Routine,FALSE,No predefined exception
PAY-000414,INV-610473,5/30/2025,2025-26,2025-05,Transportation & Infrastructure,V0047,Supplier 047,Transportation Services,Invitational,PO-69977,"$5,133.75",Yes,Cheque,FALSE,FALSE,FALSE,FALSE,FALSE,FALSE,FALSE,FALSE,0,Routine,FALSE,No predefined exception
PAY-001689,INV-175839,5/30/2025,2025-26,2025-05,Education,V0071,Supplier 071,Professional Services,Open Competition,PO-29870,"$2,780.03",Yes,EFT,FALSE,FALSE,FALSE,FALSE,FALSE,FALSE,FALSE,FALSE,0,Routine,FALSE,No predefined exception
PAY-000263,INV-985678,5/30/2025,2025-26,2025-05,Natural Resources,V0023,Supplier 023,Training,Open Competition,,$211.52,Yes,Cheque,FALSE,FALSE,TRUE,FALSE,FALSE,FALSE,FALSE,FALSE,1,Routine,FALSE,Missing purchase order
PAY-002222,INV-788340,5/30/2025,2025-26,2025-05,Education,V0075,Supplier 075,Construction Services,Open Competition,PO-89864,"$5,396.50",Yes,EFT,FALSE,FALSE,FALSE,FALSE,FALSE,FALSE,FALSE,FALSE,0,Routine,FALSE,No predefined exception
PAY-001572,INV-776935,5/31/2025,2025-26,2025-05,Natural Resources,V0062,Supplier 062,Building Maintenance,Open Competition,PO-67782,$785.83,Yes,EFT,FALSE,FALSE,FALSE,FALSE,FALSE,FALSE,FALSE,FALSE,0,Routine,FALSE,No predefined exception
PAY-000871,INV-330063,5/31/2025,2025-26,2025-05,Digital Government,V0046,Supplier 046,IT Hardware,Open Competition,PO-67079,"$4,964.51",Yes,EFT,FALSE,FALSE,FALSE,FALSE,FALSE,FALSE,FALSE,FALSE,0,Routine,FALSE,No predefined exception
PAY-000839,INV-444572,5/31/2025,2025-26,2025-05,Transportation & Infrastructure,V0008,Supplier 008,Office Supplies,Open Competition,PO-51760,"$3,354.40",Yes,EFT,FALSE,FALSE,FALSE,FALSE,FALSE,FALSE,FALSE,FALSE,0,Routine,FALSE,No predefined exception
PAY-001533,INV-528910,5/31/2025,2025-26,2025-05,Justice & Public Safety,V0058,Supplier 058,Building Maintenance,Standing Offer,PO-36228,"$1,470.28",Yes,EFT,FALSE,FALSE,FALSE,FALSE,FALSE,FALSE,FALSE,FALSE,0,Routine,FALSE,No predefined exception
PAY-001412,INV-821615,5/31/2025,2025-26,2025-05,Education,V0035,Supplier 035,Equipment,Open Competition,PO-54480,"$2,713.06",Yes,EFT,FALSE,FALSE,FALSE,FALSE,FALSE,FALSE,FALSE,FALSE,0,Routine,FALSE,No predefined exception
PAY-001048,INV-138090,6/1/2025,2025-26,2025-06,Transportation & Infrastructure,V0011,Supplier 011,Professional Services,Standing Offer,PO-29099,"$6,816.29",Yes,Cheque,FALSE,FALSE,FALSE,FALSE,FALSE,FALSE,FALSE,FALSE,0,Routine,FALSE,No predefined exception
PAY-002476,INV-118807,6/1/2025,2025-26,2025-06,Health Services,V0028,Supplier 028,Office Supplies,Standing Offer,PO-35258,"$2,200.37",Yes,EFT,FALSE,FALSE,FALSE,FALSE,FALSE,FALSE,FALSE,FALSE,0,Routine,FALSE,No predefined exception
PAY-000562,INV-745513,6/1/2025,2025-26,2025-06,Health Services,V0002,Supplier 002,Transportation Services,Open Competition,PO-44968,"$5,007.17",Yes,EFT,FALSE,FALSE,FALSE,FALSE,FALSE,FALSE,FALSE,FALSE,0,Routine,FALSE,No predefined exception
PAY-001575,INV-553572,6/1/2025,2025-26,2025-06,Health Services,V0059,Supplier 059,Office Supplies,Standing Offer,PO-35443,"$11,069.52",Yes,EFT,FALSE,FALSE,FALSE,FALSE,TRUE,FALSE,FALSE,FALSE,2,Moderate,TRUE,Statistical amount outlier
PAY-000162,INV-548013,6/1/2025,2025-26,2025-06,Natural Resources,V0077,Supplier 077,Equipment,Standing Offer,,"$9,174.79",Yes,EFT,FALSE,FALSE,TRUE,FALSE,TRUE,FALSE,FALSE,FALSE,3,Moderate,TRUE,Missing purchase order; Statistical amount outlier
PAY-001540,INV-252324,6/1/2025,2025-26,2025-06,Health Services,V0018,Supplier 018,IT Hardware,Sole Source,PO-94607,"$2,019.39",Yes,EFT,FALSE,FALSE,FALSE,FALSE,FALSE,FALSE,FALSE,FALSE,0,Routine,FALSE,No predefined exception
PAY-000117,INV-364080,6/1/2025,2025-26,2025-06,Municipal Services,V0054,Supplier 054,Training,Open Competition,PO-84070,$888.41,Yes,EFT,FALSE,FALSE,FALSE,FALSE,FALSE,FALSE,FALSE,FALSE,0,Routine,FALSE,No predefined exception
PAY-002466,INV-941279,6/1/2025,2025-26,2025-06,Transportation & Infrastructure,V0029,Supplier 029,Training,Invitational,PO-61575,"$5,480.15",Yes,EFT,FALSE,FALSE,FALSE,FALSE,FALSE,FALSE,FALSE,FALSE,0,Routine,FALSE,No predefined exception
PAY-000974,INV-713614,6/1/2025,2025-26,2025-06,Natural Resources,V0060,Supplier 060,Transportation Services,Open Competition,,"$2,282.25",Yes,EFT,FALSE,FALSE,TRUE,FALSE,FALSE,FALSE,FALSE,FALSE,1,Routine,FALSE,Missing purchase order
PAY-000398,INV-706752,6/2/2025,2025-26,2025-06,Justice & Public Safety,V0019,Supplier 019,Building Maintenance,Open Competition,PO-77966,$643.90,Yes,EFT,FALSE,FALSE,FALSE,FALSE,FALSE,FALSE,FALSE,FALSE,0,Routine,FALSE,No predefined exception
PAY-000102,INV-848810,6/2/2025,2025-26,2025-06,Education,V0069,Supplier 069,IT Hardware,Open Competition,PO-85593,"$1,064.87",Yes,EFT,TRUE,FALSE,FALSE,FALSE,FALSE,FALSE,FALSE,FALSE,3,Moderate,TRUE,Potential duplicate
PAY-001210,INV-268600,6/2/2025,2025-26,2025-06,Justice & Public Safety,V0036,Supplier 036,Construction Services,Invitational,PO-98309,$866.13,Yes,EFT,FALSE,FALSE,FALSE,FALSE,FALSE,FALSE,FALSE,FALSE,0,Routine,FALSE,No predefined exception
PAY-001064,INV-652226,6/2/2025,2025-26,2025-06,Justice & Public Safety,V0028,Supplier 028,IT Hardware,Invitational,PO-44173,"$1,469.22",Yes,EFT,FALSE,FALSE,FALSE,FALSE,FALSE,FALSE,FALSE,FALSE,0,Routine,FALSE,No predefined exception
PAY-001198,INV-673722,6/2/2025,2025-26,2025-06,Health Services,V0045,Supplier 045,Transportation Services,Sole Source,PO-28788,"$5,400.16",Yes,EFT,FALSE,FALSE,FALSE,FALSE,FALSE,FALSE,FALSE,FALSE,0,Routine,FALSE,No predefined exception
PAY-001176,INV-438144,6/2/2025,2025-26,2025-06,Natural Resources,V0053,Supplier 053,Software & Licensing,Open Competition,PO-36568,$886.69,Yes,EFT,FALSE,FALSE,FALSE,FALSE,FALSE,FALSE,FALSE,FALSE,0,Routine,FALSE,No predefined exception
PAY-DUP-002,INV-848810,6/2/2025,2025-26,2025-06,Education,V0069,Supplier 069,IT Hardware,Open Competition,PO-85593,"$1,064.87",Yes,EFT,TRUE,FALSE,FALSE,FALSE,FALSE,FALSE,FALSE,FALSE,3,Moderate,TRUE,Potential duplicate
PAY-001551,INV-411997,6/2/2025,2025-26,2025-06,Transportation & Infrastructure,V0070,Supplier 070,Professional Services,Invitational,PO-47302,"$6,505.55",Yes,EFT,FALSE,FALSE,FALSE,FALSE,FALSE,FALSE,FALSE,FALSE,0,Routine,FALSE,No predefined exception
PAY-002082,INV-889404,6/2/2025,2025-26,2025-06,Transportation & Infrastructure,V0044,Supplier 044,Professional Services,Invitational,PO-69707,"$9,844.37",Yes,EFT,FALSE,FALSE,FALSE,TRUE,TRUE,FALSE,FALSE,FALSE,4,Higher,TRUE,Near hypothetical threshold; Statistical amount outlier
PAY-000732,INV-866054,6/2/2025,2025-26,2025-06,Municipal Services,V0007,Supplier 007,Equipment,Standing Offer,PO-78109,"$7,862.01",Yes,EFT,FALSE,FALSE,FALSE,FALSE,FALSE,FALSE,FALSE,FALSE,0,Routine,FALSE,No predefined exception
PAY-000139,INV-805377,6/2/2025,2025-26,2025-06,Transportation & Infrastructure,V0071,Supplier 071,Training,Open Competition,PO-88966,"$5,578.82",Yes,EFT,FALSE,FALSE,FALSE,FALSE,FALSE,FALSE,FALSE,FALSE,0,Routine,FALSE,No predefined exception
PAY-002463,INV-171017,6/2/2025,2025-26,2025-06,Transportation & Infrastructure,V0074,Supplier 074,Software & Licensing,Open Competition,PO-34754,$506.88,Yes,EFT,FALSE,FALSE,FALSE,FALSE,FALSE,FALSE,FALSE,FALSE,0,Routine,FALSE,No predefined exception
PAY-001367,INV-510354,6/3/2025,2025-26,2025-06,Justice & Public Safety,V0005,Supplier 005,IT Hardware,Standing Offer,PO-18459,"$2,035.26",Yes,EFT,FALSE,FALSE,FALSE,FALSE,FALSE,FALSE,FALSE,FALSE,0,Routine,FALSE,No predefined exception
PAY-001791,INV-207724,6/3/2025,2025-26,2025-06,Education,V0078,Supplier 078,Office Supplies,Open Competition,PO-23472,"$2,104.75",Yes,Cheque,FALSE,FALSE,FALSE,FALSE,FALSE,FALSE,FALSE,FALSE,0,Routine,FALSE,No predefined exception
PAY-001990,INV-225604,6/3/2025,2025-26,2025-06,Digital Government,V0047,Supplier 047,Software & Licensing,Open Competition,PO-59135,"$1,313.46",Yes,EFT,FALSE,FALSE,FALSE,FALSE,FALSE,FALSE,FALSE,FALSE,0,Routine,FALSE,No predefined exception
PAY-002484,INV-847097,6/4/2025,2025-26,2025-06,Natural Resources,V0032,Supplier 032,Software & Licensing,Open Competition,PO-17240,"$4,451.37",Yes,Corporate Card,FALSE,FALSE,FALSE,FALSE,FALSE,FALSE,FALSE,FALSE,0,Routine,FALSE,No predefined exception
PAY-000095,INV-814114,6/4/2025,2025-26,2025-06,Transportation & Infrastructure,V0051,Supplier 051,Construction Services,Open Competition,PO-60486,"$3,492.11",Yes,EFT,FALSE,FALSE,FALSE,FALSE,FALSE,FALSE,FALSE,FALSE,0,Routine,FALSE,No predefined exception
PAY-000513,INV-745936,6/4/2025,2025-26,2025-06,Health Services,V0008,Supplier 008,Building Maintenance,Standing Offer,PO-35362,$856.21,Yes,EFT,FALSE,FALSE,FALSE,FALSE,FALSE,FALSE,FALSE,FALSE,0,Routine,FALSE,No predefined exception
PAY-001517,INV-207092,6/4/2025,2025-26,2025-06,Justice & Public Safety,V0034,Supplier 034,Construction Services,Invitational,PO-37757,"$1,782.73",No,EFT,FALSE,FALSE,FALSE,FALSE,FALSE,FALSE,FALSE,TRUE,3,Moderate,TRUE,Approval exception
PAY-000724,INV-176208,6/4/2025,2025-26,2025-06,Municipal Services,V0007,Supplier 007,Professional Services,Open Competition,PO-72485,"$9,336.60",Yes,Corporate Card,FALSE,FALSE,FALSE,FALSE,TRUE,FALSE,FALSE,FALSE,2,Moderate,TRUE,Statistical amount outlier
PAY-002110,INV-153915,6/4/2025,2025-26,2025-06,Education,V0060,Supplier 060,IT Hardware,Open Competition,PO-31812,"$9,042.69",Yes,EFT,FALSE,FALSE,FALSE,FALSE,FALSE,FALSE,FALSE,FALSE,0,Routine,FALSE,No predefined exception
PAY-002386,INV-600585,6/5/2025,2025-26,2025-06,Transportation & Infrastructure,V0016,Supplier 016,Transportation Services,Sole Source,PO-76326,"$8,458.69",Yes,EFT,FALSE,FALSE,FALSE,FALSE,FALSE,FALSE,FALSE,FALSE,0,Routine,FALSE,No predefined exception
PAY-000785,INV-327544,6/5/2025,2025-26,2025-06,Transportation & Infrastructure,V0007,Supplier 007,Building Maintenance,Standing Offer,PO-19325,"$7,732.21",Yes,EFT,FALSE,FALSE,FALSE,FALSE,FALSE,FALSE,FALSE,FALSE,0,Routine,FALSE,No predefined exception
PAY-001965,INV-717508,6/5/2025,2025-26,2025-06,Natural Resources,V0060,Supplier 060,Office Supplies,Open Competition,PO-58544,"$1,148.36",Yes,EFT,FALSE,FALSE,FALSE,FALSE,FALSE,FALSE,FALSE,FALSE,0,Routine,FALSE,No predefined exception
PAY-000159,INV-123004,6/5/2025,2025-26,2025-06,Education,V0049,Supplier 049,Building Maintenance,Open Competition,PO-84915,"$2,858.96",Yes,EFT,FALSE,FALSE,FALSE,FALSE,FALSE,FALSE,FALSE,FALSE,0,Routine,FALSE,No predefined exception
PAY-002351,INV-825155,6/5/2025,2025-26,2025-06,Municipal Services,V0063,Supplier 063,Transportation Services,Open Competition,PO-72442,"$2,743.85",Yes,EFT,FALSE,FALSE,FALSE,FALSE,FALSE,FALSE,FALSE,FALSE,0,Routine,FALSE,No predefined exception
PAY-001925,INV-148037,6/5/2025,2025-26,2025-06,Health Services,V0053,Supplier 053,Equipment,Open Competition,PO-51078,"$9,587.43",Yes,EFT,FALSE,FALSE,FALSE,TRUE,TRUE,FALSE,FALSE,FALSE,4,Higher,TRUE,Near hypothetical threshold; Statistical amount outlier
PAY-001262,INV-442776,6/6/2025,2025-26,2025-06,Transportation & Infrastructure,V0019,Supplier 019,Professional Services,Sole Source,PO-80847,"$2,988.44",Yes,EFT,FALSE,FALSE,FALSE,FALSE,FALSE,FALSE,FALSE,FALSE,0,Routine,FALSE,No predefined exception
PAY-001075,INV-456843,6/6/2025,2025-26,2025-06,Health Services,V0079,Supplier 079,Training,Standing Offer,PO-31058,"$2,155.11",Yes,EFT,FALSE,FALSE,FALSE,FALSE,FALSE,FALSE,FALSE,FALSE,0,Routine,FALSE,No predefined exception
PAY-002290,INV-500706,6/6/2025,2025-26,2025-06,Municipal Services,V0003,Supplier 003,Equipment,Sole Source,PO-27447,"$1,978.59",Yes,EFT,FALSE,FALSE,FALSE,FALSE,FALSE,FALSE,FALSE,FALSE,0,Routine,FALSE,No predefined exception
PAY-002380,INV-277254,6/6/2025,2025-26,2025-06,Justice & Public Safety,V0068,Supplier 068,Transportation Services,Invitational,PO-74591,"$2,048.63",Yes,EFT,FALSE,FALSE,FALSE,FALSE,FALSE,FALSE,FALSE,FALSE,0,Routine,FALSE,No predefined exception
PAY-002261,INV-850190,6/7/2025,2025-26,2025-06,Natural Resources,V0006,Supplier 006,Professional Services,Invitational,PO-32378,$780.77,Yes,EFT,FALSE,FALSE,FALSE,FALSE,FALSE,FALSE,FALSE,FALSE,0,Routine,FALSE,No predefined exception
PAY-002217,INV-972771,6/7/2025,2025-26,2025-06,Municipal Services,V0019,Supplier 019,Building Maintenance,Open Competition,PO-57594,"$4,439.23",Yes,EFT,FALSE,FALSE,FALSE,FALSE,FALSE,FALSE,FALSE,FALSE,0,Routine,FALSE,No predefined exception
PAY-001585,INV-765329,6/7/2025,2025-26,2025-06,Health Services,V0077,Supplier 077,Equipment,Open Competition,PO-82364,"$2,596.99",Yes,EFT,FALSE,FALSE,FALSE,FALSE,FALSE,FALSE,FALSE,FALSE,0,Routine,FALSE,No predefined exception
PAY-002411,INV-993150,6/7/2025,2025-26,2025-06,Education,V0014,Supplier 014,Training,Sole Source,PO-19885,"$3,753.18",Yes,EFT,FALSE,FALSE,FALSE,FALSE,FALSE,FALSE,FALSE,FALSE,0,Routine,FALSE,No predefined exception
PAY-000299,INV-502681,6/7/2025,2025-26,2025-06,Municipal Services,V0074,Supplier 074,Office Supplies,Standing Offer,PO-61299,"$1,497.45",Yes,EFT,FALSE,FALSE,FALSE,FALSE,FALSE,FALSE,FALSE,FALSE,0,Routine,FALSE,No predefined exception
PAY-000459,INV-498167,6/8/2025,2025-26,2025-06,Health Services,V0026,Supplier 026,Office Supplies,Standing Offer,PO-36885,"$1,178.70",Yes,EFT,FALSE,FALSE,FALSE,FALSE,FALSE,FALSE,FALSE,FALSE,0,Routine,FALSE,No predefined exception
PAY-002229,INV-487410,6/8/2025,2025-26,2025-06,Digital Government,V0077,Supplier 077,Equipment,Open Competition,PO-88015,"$1,626.90",Yes,EFT,FALSE,FALSE,FALSE,FALSE,FALSE,FALSE,FALSE,FALSE,0,Routine,FALSE,No predefined exception
PAY-000470,INV-488227,6/8/2025,2025-26,2025-06,Justice & Public Safety,V0065,Supplier 065,Building Maintenance,Open Competition,PO-88271,"$1,646.21",Yes,EFT,FALSE,FALSE,FALSE,FALSE,FALSE,FALSE,FALSE,FALSE,0,Routine,FALSE,No predefined exception
PAY-001022,INV-579702,6/8/2025,2025-26,2025-06,Health Services,V0038,Supplier 038,Building Maintenance,Standing Offer,PO-39036,"$1,678.40",Yes,EFT,FALSE,FALSE,FALSE,FALSE,FALSE,FALSE,FALSE,FALSE,0,Routine,FALSE,No predefined exception
PAY-000814,INV-929414,6/8/2025,2025-26,2025-06,Health Services,V0060,Supplier 060,Equipment,Standing Offer,PO-41528,"$3,288.92",Yes,EFT,FALSE,FALSE,FALSE,FALSE,FALSE,FALSE,FALSE,FALSE,0,Routine,FALSE,No predefined exception
PAY-002077,INV-784643,6/8/2025,2025-26,2025-06,Transportation & Infrastructure,V0010,Supplier 010,Software & Licensing,Open Competition,PO-38093,"$1,490.82",Yes,Cheque,FALSE,FALSE,FALSE,FALSE,FALSE,FALSE,FALSE,FALSE,0,Routine,FALSE,No predefined exception
PAY-001393,INV-918749,6/8/2025,2025-26,2025-06,Justice & Public Safety,V0030,Supplier 030,IT Hardware,Open Competition,PO-10944,"$2,133.16",Yes,EFT,FALSE,FALSE,FALSE,FALSE,FALSE,FALSE,FALSE,FALSE,0,Routine,FALSE,No predefined exception
PAY-000579,INV-791257,6/8/2025,2025-26,2025-06,Education,V0042,Supplier 042,Office Supplies,Open Competition,PO-24849,"$3,283.67",Yes,EFT,FALSE,FALSE,FALSE,FALSE,FALSE,FALSE,FALSE,FALSE,0,Routine,FALSE,No predefined exception
PAY-001121,INV-378676,6/8/2025,2025-26,2025-06,Natural Resources,V0052,Supplier 052,Building Maintenance,Open Competition,PO-81986,"$5,716.14",Yes,EFT,FALSE,FALSE,FALSE,FALSE,FALSE,FALSE,FALSE,FALSE,0,Routine,FALSE,No predefined exception
PAY-002276,INV-377255,6/9/2025,2025-26,2025-06,Justice & Public Safety,V0021,Supplier 021,Training,Standing Offer,PO-84838,"$1,849.95",Yes,Cheque,FALSE,FALSE,FALSE,FALSE,FALSE,FALSE,FALSE,FALSE,0,Routine,FALSE,No predefined exception
PAY-000628,INV-158560,6/9/2025,2025-26,2025-06,Municipal Services,V0012,Supplier 012,Transportation Services,Standing Offer,PO-13098,"$4,404.60",Yes,EFT,FALSE,FALSE,FALSE,FALSE,FALSE,FALSE,FALSE,FALSE,0,Routine,FALSE,No predefined exception
PAY-002186,INV-848294,6/10/2025,2025-26,2025-06,Health Services,V0005,Supplier 005,Transportation Services,Open Competition,PO-78462,"$3,917.79",Yes,EFT,FALSE,FALSE,FALSE,FALSE,FALSE,FALSE,FALSE,FALSE,0,Routine,FALSE,No predefined exception
PAY-001794,INV-938018,6/11/2025,2025-26,2025-06,Education,V0056,Supplier 056,Office Supplies,Invitational,PO-97052,"$1,581.98",Yes,EFT,FALSE,FALSE,FALSE,FALSE,FALSE,FALSE,FALSE,FALSE,0,Routine,FALSE,No predefined exception
PAY-001790,INV-607750,6/11/2025,2025-26,2025-06,Health Services,V0029,Supplier 029,Professional Services,Open Competition,PO-11067,"$2,228.95",Yes,EFT,FALSE,FALSE,FALSE,FALSE,FALSE,FALSE,FALSE,FALSE,0,Routine,FALSE,No predefined exception
PAY-000005,INV-666605,6/11/2025,2025-26,2025-06,Natural Resources,V0077,Supplier 077,Training,Standing Offer,PO-20149,"$1,701.00",Yes,EFT,FALSE,FALSE,FALSE,FALSE,FALSE,FALSE,FALSE,FALSE,0,Routine,FALSE,No predefined exception
PAY-001548,INV-948423,6/11/2025,2025-26,2025-06,Education,V0022,Supplier 022,IT Hardware,Invitational,PO-22924,"$3,601.26",Yes,EFT,FALSE,FALSE,FALSE,FALSE,FALSE,FALSE,FALSE,FALSE,0,Routine,FALSE,No predefined exception
PAY-001760,INV-199244,6/11/2025,2025-26,2025-06,Municipal Services,V0010,Supplier 010,Construction Services,Standing Offer,PO-47394,$504.57,Yes,EFT,FALSE,FALSE,FALSE,FALSE,FALSE,FALSE,FALSE,FALSE,0,Routine,FALSE,No predefined exception
PAY-000765,INV-350449,6/11/2025,2025-26,2025-06,Justice & Public Safety,V0007,Supplier 007,Professional Services,Open Competition,PO-29173,"$11,715.90",Yes,EFT,FALSE,FALSE,FALSE,FALSE,TRUE,FALSE,FALSE,FALSE,2,Moderate,TRUE,Statistical amount outlier
PAY-002210,INV-741142,6/11/2025,2025-26,2025-06,Education,V0032,Supplier 032,Equipment,Standing Offer,PO-29476,$906.28,Yes,EFT,FALSE,FALSE,FALSE,FALSE,FALSE,FALSE,FALSE,FALSE,0,Routine,FALSE,No predefined exception
PAY-002384,INV-645786,6/12/2025,2025-26,2025-06,Municipal Services,V0001,Supplier 001,IT Hardware,Standing Offer,PO-46454,"$18,325.37",Yes,EFT,FALSE,FALSE,FALSE,FALSE,TRUE,FALSE,FALSE,FALSE,2,Moderate,TRUE,Statistical amount outlier
PAY-001527,INV-741404,6/12/2025,2025-26,2025-06,Justice & Public Safety,V0023,Supplier 023,IT Hardware,Standing Offer,PO-46536,"$4,549.05",Yes,EFT,FALSE,FALSE,FALSE,FALSE,FALSE,FALSE,FALSE,FALSE,0,Routine,FALSE,No predefined exception
PAY-002089,INV-139339,6/12/2025,2025-26,2025-06,Health Services,V0028,Supplier 028,Training,Standing Offer,PO-60307,"$4,902.83",Yes,EFT,FALSE,FALSE,FALSE,FALSE,FALSE,FALSE,FALSE,FALSE,0,Routine,FALSE,No predefined exception
PAY-001846,INV-586626,6/12/2025,2025-26,2025-06,Digital Government,V0007,Supplier 007,Construction Services,Open Competition,PO-67278,"$5,634.50",Yes,EFT,FALSE,FALSE,FALSE,FALSE,FALSE,FALSE,FALSE,FALSE,0,Routine,FALSE,No predefined exception
PAY-001406,INV-431612,6/12/2025,2025-26,2025-06,Education,V0012,Supplier 012,Construction Services,Invitational,PO-12127,"$1,581.05",Yes,EFT,FALSE,FALSE,FALSE,FALSE,FALSE,FALSE,FALSE,FALSE,0,Routine,FALSE,No predefined exception
PAY-000859,INV-784308,6/12/2025,2025-26,2025-06,Health Services,V0034,Supplier 034,Transportation Services,Standing Offer,PO-74660,$668.55,Yes,EFT,FALSE,FALSE,FALSE,FALSE,FALSE,FALSE,FALSE,FALSE,0,Routine,FALSE,No predefined exception
PAY-002083,INV-773616,6/12/2025,2025-26,2025-06,Municipal Services,V0047,Supplier 047,Equipment,Invitational,PO-35391,"$7,051.27",Yes,EFT,FALSE,FALSE,FALSE,FALSE,FALSE,FALSE,FALSE,FALSE,0,Routine,FALSE,No predefined exception
PAY-002273,INV-167359,6/12/2025,2025-26,2025-06,Transportation & Infrastructure,V0070,Supplier 070,Software & Licensing,Standing Offer,PO-21204,$590.14,Yes,EFT,FALSE,FALSE,FALSE,FALSE,FALSE,FALSE,FALSE,FALSE,0,Routine,FALSE,No predefined exception
PAY-000603,INV-847320,6/13/2025,2025-26,2025-06,Digital Government,V0042,Supplier 042,IT Hardware,Open Competition,,"$1,481.96",Yes,EFT,FALSE,FALSE,TRUE,FALSE,FALSE,FALSE,FALSE,FALSE,1,Routine,FALSE,Missing purchase order
PAY-001685,INV-728431,6/13/2025,2025-26,2025-06,Education,V0067,Supplier 067,Training,Open Competition,PO-36907,$892.74,Yes,EFT,FALSE,FALSE,FALSE,FALSE,FALSE,FALSE,FALSE,FALSE,0,Routine,FALSE,No predefined exception
PAY-002183,INV-305671,6/13/2025,2025-26,2025-06,Natural Resources,V0034,Supplier 034,Training,Invitational,PO-58067,"$2,568.60",Yes,Corporate Card,FALSE,FALSE,FALSE,FALSE,FALSE,FALSE,FALSE,FALSE,0,Routine,FALSE,No predefined exception
PAY-001180,INV-766110,6/14/2025,2025-26,2025-06,Education,V0017,Supplier 017,IT Hardware,Invitational,PO-13810,"$3,275.14",Yes,Corporate Card,FALSE,FALSE,FALSE,FALSE,FALSE,FALSE,FALSE,FALSE,0,Routine,FALSE,No predefined exception
PAY-001336,INV-353608,6/14/2025,2025-26,2025-06,Transportation & Infrastructure,V0059,Supplier 059,Building Maintenance,Sole Source,PO-17120,"$1,084.91",Yes,Cheque,FALSE,FALSE,FALSE,FALSE,FALSE,FALSE,FALSE,FALSE,0,Routine,FALSE,No predefined exception
PAY-001730,INV-250685,6/14/2025,2025-26,2025-06,Digital Government,V0048,Supplier 048,Professional Services,Standing Offer,PO-54857,"$1,201.93",Yes,EFT,FALSE,FALSE,FALSE,FALSE,FALSE,FALSE,FALSE,FALSE,0,Routine,FALSE,No predefined exception
PAY-000786,INV-966304,6/14/2025,2025-26,2025-06,Health Services,V0007,Supplier 007,Office Supplies,Invitational,PO-77166,"$4,414.85",Yes,EFT,FALSE,FALSE,FALSE,FALSE,FALSE,FALSE,FALSE,FALSE,0,Routine,FALSE,No predefined exception
PAY-000282,INV-919745,6/14/2025,2025-26,2025-06,Health Services,V0041,Supplier 041,Construction Services,Open Competition,PO-97498,"$5,988.93",Yes,EFT,FALSE,FALSE,FALSE,FALSE,FALSE,FALSE,FALSE,FALSE,0,Routine,FALSE,No predefined exception
PAY-000536,INV-923628,6/14/2025,2025-26,2025-06,Health Services,V0074,Supplier 074,Training,Open Competition,PO-28043,"$2,355.06",Yes,EFT,FALSE,FALSE,FALSE,FALSE,FALSE,FALSE,FALSE,FALSE,0,Routine,FALSE,No predefined exception
PAY-001812,INV-697993,6/15/2025,2025-26,2025-06,Municipal Services,V0021,Supplier 021,Equipment,Open Competition,,$751.08,Yes,EFT,FALSE,FALSE,TRUE,FALSE,FALSE,FALSE,FALSE,FALSE,1,Routine,FALSE,Missing purchase order
PAY-002066,INV-567186,6/15/2025,2025-26,2025-06,Education,V0078,Supplier 078,Transportation Services,Invitational,PO-22715,"$2,139.41",Yes,EFT,FALSE,FALSE,FALSE,FALSE,FALSE,FALSE,FALSE,FALSE,0,Routine,FALSE,No predefined exception
PAY-000601,INV-308137,6/15/2025,2025-26,2025-06,Health Services,V0069,Supplier 069,Software & Licensing,Standing Offer,,$570.37,Yes,Cheque,FALSE,FALSE,TRUE,FALSE,FALSE,FALSE,FALSE,FALSE,1,Routine,FALSE,Missing purchase order
PAY-000571,INV-682848,6/15/2025,2025-26,2025-06,Transportation & Infrastructure,V0001,Supplier 001,Professional Services,Open Competition,PO-65186,"$1,409.46",Yes,EFT,FALSE,FALSE,FALSE,FALSE,FALSE,FALSE,FALSE,FALSE,0,Routine,FALSE,No predefined exception
PAY-001027,INV-395135,6/15/2025,2025-26,2025-06,Health Services,V0028,Supplier 028,Training,Open Competition,PO-75609,"$11,737.45",Yes,EFT,FALSE,FALSE,FALSE,FALSE,TRUE,FALSE,FALSE,FALSE,2,Moderate,TRUE,Statistical amount outlier
PAY-002111,INV-471687,6/15/2025,2025-26,2025-06,Education,V0063,Supplier 063,Building Maintenance,Standing Offer,PO-17160,"$1,898.37",Yes,EFT,FALSE,FALSE,FALSE,FALSE,FALSE,FALSE,FALSE,FALSE,0,Routine,FALSE,No predefined exception
PAY-001348,INV-101620,6/15/2025,2025-26,2025-06,Digital Government,V0006,Supplier 006,Office Supplies,Standing Offer,PO-82884,"$7,849.58",Yes,EFT,FALSE,FALSE,FALSE,FALSE,FALSE,FALSE,FALSE,FALSE,0,Routine,FALSE,No predefined exception
PAY-000463,INV-665158,6/15/2025,2025-26,2025-06,Education,V0061,Supplier 061,Building Maintenance,Open Competition,PO-51989,$666.31,Yes,EFT,FALSE,FALSE,FALSE,FALSE,FALSE,FALSE,FALSE,FALSE,0,Routine,FALSE,No predefined exception
PAY-001828,INV-254591,6/16/2025,2025-26,2025-06,Municipal Services,V0042,Supplier 042,Equipment,Open Competition,PO-59681,"$2,036.54",Yes,EFT,FALSE,FALSE,FALSE,FALSE,FALSE,FALSE,FALSE,FALSE,0,Routine,FALSE,No predefined exception
PAY-002244,INV-275324,6/16/2025,2025-26,2025-06,Health Services,V0035,Supplier 035,Professional Services,Standing Offer,PO-26151,"$1,977.12",Yes,EFT,FALSE,FALSE,FALSE,FALSE,FALSE,FALSE,FALSE,FALSE,0,Routine,FALSE,No predefined exception
PAY-001667,INV-157676,6/16/2025,2025-26,2025-06,Natural Resources,V0062,Supplier 062,Transportation Services,Invitational,PO-46911,$819.50,Yes,EFT,FALSE,FALSE,FALSE,FALSE,FALSE,FALSE,FALSE,FALSE,0,Routine,FALSE,No predefined exception
PAY-002091,INV-989808,6/16/2025,2025-26,2025-06,Natural Resources,V0057,Supplier 057,Professional Services,Open Competition,PO-19627,"$3,081.18",Yes,EFT,FALSE,FALSE,FALSE,FALSE,FALSE,FALSE,FALSE,FALSE,0,Routine,FALSE,No predefined exception
PAY-002175,INV-899595,6/16/2025,2025-26,2025-06,Education,V0062,Supplier 062,Building Maintenance,Open Competition,PO-64057,"$1,554.57",Yes,Cheque,FALSE,FALSE,FALSE,FALSE,FALSE,FALSE,FALSE,FALSE,0,Routine,FALSE,No predefined exception
PAY-000755,INV-686789,6/17/2025,2025-26,2025-06,Transportation & Infrastructure,V0007,Supplier 007,Equipment,Standing Offer,PO-16242,"$6,275.10",Yes,EFT,FALSE,FALSE,FALSE,FALSE,FALSE,FALSE,FALSE,FALSE,0,Routine,FALSE,No predefined exception
PAY-002243,INV-523915,6/17/2025,2025-26,2025-06,Digital Government,V0021,Supplier 021,Training,Sole Source,PO-76874,"$2,181.57",Yes,EFT,FALSE,FALSE,FALSE,FALSE,FALSE,FALSE,FALSE,FALSE,0,Routine,FALSE,No predefined exception
PAY-001047,INV-769113,6/17/2025,2025-26,2025-06,Transportation & Infrastructure,V0043,Supplier 043,Training,Open Competition,PO-64285,"$1,475.79",Yes,EFT,FALSE,FALSE,FALSE,FALSE,FALSE,FALSE,FALSE,FALSE,0,Routine,FALSE,No predefined exception
PAY-000856,INV-390696,6/17/2025,2025-26,2025-06,Digital Government,V0014,Supplier 014,Software & Licensing,Standing Offer,PO-41280,$554.86,Yes,EFT,FALSE,FALSE,FALSE,FALSE,FALSE,FALSE,FALSE,FALSE,0,Routine,FALSE,No predefined exception
PAY-001230,INV-947056,6/17/2025,2025-26,2025-06,Justice & Public Safety,V0027,Supplier 027,Professional Services,Open Competition,PO-96534,"$3,855.53",Yes,EFT,FALSE,FALSE,FALSE,FALSE,FALSE,FALSE,FALSE,FALSE,0,Routine,FALSE,No predefined exception
PAY-001270,INV-951426,6/17/2025,2025-26,2025-06,Municipal Services,V0014,Supplier 014,Construction Services,Sole Source,PO-50100,"$2,790.39",Yes,EFT,FALSE,FALSE,FALSE,FALSE,FALSE,FALSE,FALSE,FALSE,0,Routine,FALSE,No predefined exception
PAY-000888,INV-675312,6/17/2025,2025-26,2025-06,Digital Government,V0063,Supplier 063,Equipment,Open Competition,PO-32501,"$1,007.27",Yes,EFT,FALSE,FALSE,FALSE,FALSE,FALSE,FALSE,FALSE,FALSE,0,Routine,FALSE,No predefined exception
PAY-002480,INV-639828,6/18/2025,2025-26,2025-06,Transportation & Infrastructure,V0013,Supplier 013,IT Hardware,Sole Source,PO-18882,$673.26,Yes,EFT,FALSE,FALSE,FALSE,FALSE,FALSE,FALSE,FALSE,FALSE,0,Routine,FALSE,No predefined exception
PAY-001766,INV-923333,6/18/2025,2025-26,2025-06,Digital Government,V0005,Supplier 005,Professional Services,Open Competition,PO-68724,"$1,350.10",Yes,EFT,FALSE,FALSE,FALSE,FALSE,FALSE,FALSE,FALSE,FALSE,0,Routine,FALSE,No predefined exception
PAY-001719,INV-406604,6/18/2025,2025-26,2025-06,Education,V0043,Supplier 043,Professional Services,Sole Source,PO-86653,"$1,930.39",Yes,EFT,FALSE,FALSE,FALSE,FALSE,FALSE,FALSE,FALSE,FALSE,0,Routine,FALSE,No predefined exception
PAY-002410,INV-281902,6/18/2025,2025-26,2025-06,Education,V0040,Supplier 040,Office Supplies,Standing Offer,PO-70592,$292.60,Yes,EFT,FALSE,FALSE,FALSE,FALSE,FALSE,FALSE,FALSE,FALSE,0,Routine,FALSE,No predefined exception
PAY-000664,INV-327369,6/19/2025,2025-26,2025-06,Digital Government,V0012,Supplier 012,Building Maintenance,Sole Source,PO-73917,"$2,152.43",Yes,EFT,FALSE,FALSE,FALSE,FALSE,FALSE,FALSE,FALSE,FALSE,0,Routine,FALSE,No predefined exception
PAY-002447,INV-329767,6/19/2025,2025-26,2025-06,Transportation & Infrastructure,V0007,Supplier 007,IT Hardware,Standing Offer,PO-85902,"$1,082.01",Yes,EFT,FALSE,FALSE,FALSE,FALSE,FALSE,FALSE,FALSE,FALSE,0,Routine,FALSE,No predefined exception
PAY-001436,INV-177261,6/19/2025,2025-26,2025-06,Transportation & Infrastructure,V0020,Supplier 020,Professional Services,Open Competition,PO-34479,"$4,877.79",Yes,EFT,FALSE,FALSE,FALSE,FALSE,FALSE,FALSE,FALSE,FALSE,0,Routine,FALSE,No predefined exception
PAY-001815,INV-600653,6/19/2025,2025-26,2025-06,Digital Government,V0062,Supplier 062,Construction Services,Open Competition,PO-61606,$820.50,Yes,EFT,FALSE,FALSE,FALSE,FALSE,FALSE,FALSE,FALSE,FALSE,0,Routine,FALSE,No predefined exception
PAY-001977,INV-152066,6/19/2025,2025-26,2025-06,Transportation & Infrastructure,V0054,Supplier 054,Transportation Services,Open Competition,PO-91757,"$1,676.31",Yes,EFT,FALSE,FALSE,FALSE,FALSE,FALSE,FALSE,FALSE,FALSE,0,Routine,FALSE,No predefined exception
PAY-000204,INV-339654,6/20/2025,2025-26,2025-06,Justice & Public Safety,V0002,Supplier 002,Professional Services,Standing Offer,PO-54863,"$9,950.00",Yes,EFT,FALSE,FALSE,FALSE,TRUE,TRUE,FALSE,FALSE,FALSE,4,Higher,TRUE,Near hypothetical threshold; Statistical amount outlier
PAY-001308,INV-401111,6/20/2025,2025-26,2025-06,Transportation & Infrastructure,V0033,Supplier 033,Software & Licensing,Standing Offer,,"$2,516.00",Yes,EFT,FALSE,FALSE,TRUE,FALSE,FALSE,FALSE,FALSE,FALSE,1,Routine,FALSE,Missing purchase order
PAY-000104,INV-658697,6/20/2025,2025-26,2025-06,Transportation & Infrastructure,V0006,Supplier 006,Software & Licensing,Open Competition,PO-20988,"$6,057.11",Yes,EFT,TRUE,FALSE,FALSE,FALSE,FALSE,FALSE,FALSE,FALSE,3,Moderate,TRUE,Potential duplicate
PAY-000806,INV-438246,6/20/2025,2025-26,2025-06,Transportation & Infrastructure,V0079,Supplier 079,Building Maintenance,Open Competition,PO-82586,"$1,830.81",Yes,EFT,FALSE,FALSE,FALSE,FALSE,FALSE,FALSE,FALSE,FALSE,0,Routine,FALSE,No predefined exception
PAY-DUP-004,INV-658697,6/20/2025,2025-26,2025-06,Transportation & Infrastructure,V0006,Supplier 006,Software & Licensing,Open Competition,PO-20988,"$6,057.11",Yes,EFT,TRUE,FALSE,FALSE,FALSE,FALSE,FALSE,FALSE,FALSE,3,Moderate,TRUE,Potential duplicate
PAY-000061,INV-888428,6/20/2025,2025-26,2025-06,Municipal Services,V0035,Supplier 035,Training,Invitational,PO-33091,"$2,641.19",Yes,EFT,FALSE,FALSE,FALSE,FALSE,FALSE,FALSE,FALSE,FALSE,0,Routine,FALSE,No predefined exception
PAY-001613,INV-940125,6/20/2025,2025-26,2025-06,Municipal Services,V0024,Supplier 024,Construction Services,Open Competition,PO-99854,"$2,472.49",Yes,EFT,FALSE,FALSE,FALSE,FALSE,FALSE,FALSE,FALSE,FALSE,0,Routine,FALSE,No predefined exception
PAY-001441,INV-107265,6/20/2025,2025-26,2025-06,Digital Government,V0078,Supplier 078,Training,Open Competition,PO-25032,$457.38,Yes,EFT,FALSE,FALSE,FALSE,FALSE,FALSE,FALSE,FALSE,FALSE,0,Routine,FALSE,No predefined exception
PAY-001890,INV-424809,6/21/2025,2025-26,2025-06,Digital Government,V0038,Supplier 038,Training,Standing Offer,PO-48551,$949.70,Yes,EFT,FALSE,FALSE,FALSE,FALSE,FALSE,FALSE,FALSE,FALSE,0,Routine,FALSE,No predefined exception
PAY-002099,INV-257541,6/21/2025,2025-26,2025-06,Digital Government,V0048,Supplier 048,Professional Services,Invitational,PO-92635,"$6,566.22",Yes,EFT,FALSE,FALSE,FALSE,FALSE,FALSE,FALSE,FALSE,FALSE,0,Routine,FALSE,No predefined exception
PAY-001289,INV-675648,6/21/2025,2025-26,2025-06,Health Services,V0033,Supplier 033,Building Maintenance,Invitational,,"$1,082.36",Yes,EFT,FALSE,FALSE,TRUE,FALSE,FALSE,FALSE,FALSE,FALSE,1,Routine,FALSE,Missing purchase order
PAY-000711,INV-798267,6/21/2025,2025-26,2025-06,Transportation & Infrastructure,V0007,Supplier 007,Equipment,Open Competition,,"$1,864.76",Yes,EFT,FALSE,FALSE,TRUE,FALSE,FALSE,FALSE,FALSE,FALSE,1,Routine,FALSE,Missing purchase order
PAY-001469,INV-739446,6/21/2025,2025-26,2025-06,Education,V0061,Supplier 061,Equipment,Sole Source,PO-24147,"$5,775.24",Yes,EFT,FALSE,FALSE,FALSE,FALSE,FALSE,FALSE,FALSE,FALSE,0,Routine,FALSE,No predefined exception
PAY-002374,INV-574551,6/21/2025,2025-26,2025-06,Transportation & Infrastructure,V0076,Supplier 076,Professional Services,Sole Source,PO-98672,$798.52,Yes,EFT,FALSE,FALSE,FALSE,FALSE,FALSE,FALSE,FALSE,FALSE,0,Routine,FALSE,No predefined exception
PAY-001663,INV-443130,6/21/2025,2025-26,2025-06,Education,V0026,Supplier 026,IT Hardware,Open Competition,PO-78422,$831.15,Yes,EFT,FALSE,FALSE,FALSE,FALSE,FALSE,FALSE,FALSE,FALSE,0,Routine,FALSE,No predefined exception
PAY-002440,INV-627938,6/22/2025,2025-26,2025-06,Education,V0073,Supplier 073,IT Hardware,Open Competition,PO-20281,$300.90,Yes,EFT,FALSE,FALSE,FALSE,FALSE,FALSE,FALSE,FALSE,FALSE,0,Routine,FALSE,No predefined exception
PAY-000752,INV-514627,6/22/2025,2025-26,2025-06,Natural Resources,V0007,Supplier 007,Office Supplies,Open Competition,PO-50591,"$7,542.96",Yes,EFT,FALSE,FALSE,FALSE,FALSE,FALSE,FALSE,FALSE,FALSE,0,Routine,FALSE,No predefined exception
PAY-001734,INV-579498,6/23/2025,2025-26,2025-06,Natural Resources,V0006,Supplier 006,Construction Services,Open Competition,PO-79272,$863.10,Yes,EFT,FALSE,FALSE,FALSE,FALSE,FALSE,FALSE,FALSE,FALSE,0,Routine,FALSE,No predefined exception
PAY-001011,INV-263004,6/23/2025,2025-26,2025-06,Natural Resources,V0010,Supplier 010,Building Maintenance,Invitational,PO-94695,"$4,008.31",Yes,Corporate Card,FALSE,FALSE,FALSE,FALSE,FALSE,FALSE,FALSE,FALSE,0,Routine,FALSE,No predefined exception
PAY-001856,INV-838456,6/23/2025,2025-26,2025-06,Health Services,V0005,Supplier 005,Office Supplies,Open Competition,PO-18014,"$1,840.79",Yes,EFT,FALSE,FALSE,FALSE,FALSE,FALSE,FALSE,FALSE,FALSE,0,Routine,FALSE,No predefined exception
PAY-001958,INV-204126,6/23/2025,2025-26,2025-06,Transportation & Infrastructure,V0056,Supplier 056,Software & Licensing,Open Competition,PO-96861,$516.51,Yes,EFT,FALSE,FALSE,FALSE,FALSE,FALSE,FALSE,FALSE,FALSE,0,Routine,FALSE,No predefined exception
PAY-001861,INV-782986,6/23/2025,2025-26,2025-06,Justice & Public Safety,V0043,Supplier 043,Construction Services,Invitational,PO-53702,$702.10,Yes,EFT,FALSE,FALSE,FALSE,FALSE,FALSE,FALSE,FALSE,FALSE,0,Routine,FALSE,No predefined exception
PAY-002339,INV-221070,6/23/2025,2025-26,2025-06,Health Services,V0050,Supplier 050,Professional Services,Standing Offer,PO-18072,"$2,037.20",Yes,EFT,FALSE,FALSE,FALSE,FALSE,FALSE,FALSE,FALSE,FALSE,0,Routine,FALSE,No predefined exception
PAY-002191,INV-633793,6/23/2025,2025-26,2025-06,Municipal Services,V0052,Supplier 052,Equipment,Open Competition,PO-95918,"$1,581.48",Yes,EFT,FALSE,FALSE,FALSE,FALSE,FALSE,FALSE,FALSE,FALSE,0,Routine,FALSE,No predefined exception
PAY-000563,INV-572585,6/23/2025,2025-26,2025-06,Transportation & Infrastructure,V0050,Supplier 050,Transportation Services,Invitational,PO-19009,"$1,135.78",Yes,EFT,FALSE,FALSE,FALSE,FALSE,FALSE,FALSE,FALSE,FALSE,0,Routine,FALSE,No predefined exception
PAY-001204,INV-610874,6/23/2025,2025-26,2025-06,Justice & Public Safety,V0078,Supplier 078,Software & Licensing,Open Competition,PO-85696,"$22,870.22",Yes,EFT,FALSE,FALSE,FALSE,FALSE,TRUE,FALSE,FALSE,FALSE,2,Moderate,TRUE,Statistical amount outlier
PAY-001744,INV-630084,6/23/2025,2025-26,2025-06,Health Services,V0018,Supplier 018,Construction Services,Open Competition,PO-77104,$965.86,Yes,EFT,FALSE,FALSE,FALSE,FALSE,FALSE,FALSE,FALSE,FALSE,0,Routine,FALSE,No predefined exception
PAY-002126,INV-790641,6/24/2025,2025-26,2025-06,Health Services,V0050,Supplier 050,IT Hardware,Open Competition,PO-27243,$667.84,Yes,EFT,FALSE,FALSE,FALSE,FALSE,FALSE,FALSE,FALSE,FALSE,0,Routine,FALSE,No predefined exception
PAY-002250,INV-605180,6/24/2025,2025-26,2025-06,Natural Resources,V0008,Supplier 008,Software & Licensing,Invitational,PO-57954,"$3,644.94",Yes,Cheque,FALSE,FALSE,FALSE,FALSE,FALSE,FALSE,FALSE,FALSE,0,Routine,FALSE,No predefined exception
PAY-001283,INV-277190,6/24/2025,2025-26,2025-06,Natural Resources,V0059,Supplier 059,Training,Open Competition,PO-41461,$498.37,Yes,EFT,FALSE,FALSE,FALSE,FALSE,FALSE,FALSE,FALSE,FALSE,0,Routine,FALSE,No predefined exception
PAY-000754,INV-378011,6/24/2025,2025-26,2025-06,Justice & Public Safety,V0007,Supplier 007,Transportation Services,Invitational,PO-97488,"$6,921.93",Yes,EFT,FALSE,FALSE,FALSE,FALSE,FALSE,FALSE,FALSE,FALSE,0,Routine,FALSE,No predefined exception
PAY-002473,INV-924464,6/25/2025,2025-26,2025-06,Education,V0002,Supplier 002,Professional Services,Standing Offer,PO-87413,"$1,953.28",Yes,EFT,FALSE,FALSE,FALSE,FALSE,FALSE,FALSE,FALSE,FALSE,0,Routine,FALSE,No predefined exception
PAY-001089,INV-837781,6/25/2025,2025-26,2025-06,Transportation & Infrastructure,V0076,Supplier 076,Software & Licensing,Open Competition,PO-63100,"$3,558.85",Yes,EFT,FALSE,FALSE,FALSE,FALSE,FALSE,FALSE,FALSE,FALSE,0,Routine,FALSE,No predefined exception
PAY-000466,INV-433245,6/25/2025,2025-26,2025-06,Municipal Services,V0034,Supplier 034,IT Hardware,Invitational,PO-24890,$353.30,Yes,Corporate Card,FALSE,FALSE,FALSE,FALSE,FALSE,FALSE,FALSE,FALSE,0,Routine,FALSE,No predefined exception
PAY-001817,INV-721535,6/25/2025,2025-26,2025-06,Municipal Services,V0066,Supplier 066,Construction Services,Open Competition,PO-92142,"$3,024.50",Yes,EFT,FALSE,FALSE,FALSE,FALSE,FALSE,FALSE,FALSE,FALSE,0,Routine,FALSE,No predefined exception
PAY-002053,INV-207779,6/25/2025,2025-26,2025-06,Education,V0069,Supplier 069,Equipment,Open Competition,PO-10783,"$2,527.65",Yes,EFT,FALSE,FALSE,FALSE,FALSE,FALSE,FALSE,FALSE,FALSE,0,Routine,FALSE,No predefined exception
PAY-001458,INV-892473,6/25/2025,2025-26,2025-06,Natural Resources,V0068,Supplier 068,IT Hardware,Open Competition,PO-27668,"$3,599.31",Yes,EFT,FALSE,FALSE,FALSE,FALSE,FALSE,FALSE,FALSE,FALSE,0,Routine,FALSE,No predefined exception
PAY-000157,INV-764687,6/25/2025,2025-26,2025-06,Transportation & Infrastructure,V0043,Supplier 043,IT Hardware,Open Competition,PO-15378,"$3,509.94",Yes,EFT,FALSE,FALSE,FALSE,FALSE,FALSE,FALSE,FALSE,FALSE,0,Routine,FALSE,No predefined exception
PAY-001246,INV-290912,6/26/2025,2025-26,2025-06,Health Services,V0042,Supplier 042,Building Maintenance,Standing Offer,PO-50685,"$6,613.18",Yes,EFT,FALSE,FALSE,FALSE,FALSE,FALSE,FALSE,FALSE,FALSE,0,Routine,FALSE,No predefined exception
PAY-001945,INV-189402,6/26/2025,2025-26,2025-06,Transportation & Infrastructure,V0020,Supplier 020,Training,Open Competition,PO-86743,"$1,966.70",Yes,EFT,FALSE,FALSE,FALSE,FALSE,FALSE,FALSE,FALSE,FALSE,0,Routine,FALSE,No predefined exception
PAY-001349,INV-424368,6/26/2025,2025-26,2025-06,Transportation & Infrastructure,V0063,Supplier 063,Office Supplies,Open Competition,PO-25748,"$2,726.18",Yes,EFT,FALSE,FALSE,FALSE,FALSE,FALSE,FALSE,FALSE,FALSE,0,Routine,FALSE,No predefined exception
PAY-001872,INV-552333,6/26/2025,2025-26,2025-06,Municipal Services,V0016,Supplier 016,Office Supplies,Open Competition,PO-21621,$703.48,Yes,EFT,FALSE,FALSE,FALSE,FALSE,FALSE,FALSE,FALSE,FALSE,0,Routine,FALSE,No predefined exception
PAY-001269,INV-253412,6/27/2025,2025-26,2025-06,Health Services,V0075,Supplier 075,Building Maintenance,Invitational,PO-89958,"$1,250.06",Yes,EFT,FALSE,FALSE,FALSE,FALSE,FALSE,FALSE,FALSE,FALSE,0,Routine,FALSE,No predefined exception
PAY-000012,INV-152344,6/27/2025,2025-26,2025-06,Transportation & Infrastructure,V0036,Supplier 036,Transportation Services,Open Competition,PO-58671,"$2,514.45",Yes,EFT,FALSE,FALSE,FALSE,FALSE,FALSE,FALSE,FALSE,FALSE,0,Routine,FALSE,No predefined exception
PAY-001810,INV-188780,6/27/2025,2025-26,2025-06,Education,V0033,Supplier 033,IT Hardware,Invitational,PO-69718,"$2,106.68",Yes,EFT,FALSE,FALSE,FALSE,FALSE,FALSE,FALSE,FALSE,FALSE,0,Routine,FALSE,No predefined exception
PAY-001583,INV-843264,6/28/2025,2025-26,2025-06,Transportation & Infrastructure,V0065,Supplier 065,Professional Services,Standing Offer,PO-30028,$657.93,Yes,EFT,FALSE,FALSE,FALSE,FALSE,FALSE,FALSE,FALSE,FALSE,0,Routine,FALSE,No predefined exception
PAY-001446,INV-715326,6/28/2025,2025-26,2025-06,Natural Resources,V0027,Supplier 027,Building Maintenance,Open Competition,PO-17736,"$3,754.67",Yes,EFT,FALSE,FALSE,FALSE,FALSE,FALSE,FALSE,FALSE,FALSE,0,Routine,FALSE,No predefined exception
PAY-001050,INV-945844,6/28/2025,2025-26,2025-06,Justice & Public Safety,V0015,Supplier 015,Equipment,Open Competition,PO-91067,"$2,389.07",Yes,EFT,FALSE,FALSE,FALSE,FALSE,FALSE,FALSE,FALSE,FALSE,0,Routine,FALSE,No predefined exception
PAY-000454,INV-361849,6/28/2025,2025-26,2025-06,Natural Resources,V0037,Supplier 037,Professional Services,Open Competition,PO-96518,"$1,148.96",Yes,EFT,FALSE,FALSE,FALSE,FALSE,FALSE,FALSE,FALSE,FALSE,0,Routine,FALSE,No predefined exception
PAY-002086,INV-249725,6/28/2025,2025-26,2025-06,Justice & Public Safety,V0077,Supplier 077,IT Hardware,Standing Offer,PO-14502,"$2,283.87",Yes,EFT,FALSE,FALSE,FALSE,FALSE,FALSE,FALSE,FALSE,FALSE,0,Routine,FALSE,No predefined exception
PAY-000049,INV-312235,6/28/2025,2025-26,2025-06,Transportation & Infrastructure,V0011,Supplier 011,Transportation Services,Open Competition,PO-18418,"$4,477.79",No,EFT,FALSE,FALSE,FALSE,FALSE,FALSE,FALSE,FALSE,TRUE,3,Moderate,TRUE,Approval exception
PAY-002107,INV-755915,6/28/2025,2025-26,2025-06,Municipal Services,V0036,Supplier 036,Software & Licensing,Standing Offer,PO-30656,"$5,503.05",Yes,EFT,FALSE,FALSE,FALSE,FALSE,FALSE,FALSE,FALSE,FALSE,0,Routine,FALSE,No predefined exception
PAY-001053,INV-641797,6/28/2025,2025-26,2025-06,Health Services,V0050,Supplier 050,Building Maintenance,Invitational,PO-37196,"$3,670.21",Yes,EFT,FALSE,FALSE,FALSE,FALSE,FALSE,FALSE,FALSE,FALSE,0,Routine,FALSE,No predefined exception
PAY-002079,INV-875404,6/29/2025,2025-26,2025-06,Justice & Public Safety,V0048,Supplier 048,Equipment,Open Competition,PO-32064,"$2,429.66",Yes,EFT,FALSE,FALSE,FALSE,FALSE,FALSE,FALSE,FALSE,FALSE,0,Routine,FALSE,No predefined exception
PAY-000530,INV-804676,6/29/2025,2025-26,2025-06,Municipal Services,V0075,Supplier 075,Professional Services,Open Competition,PO-83392,"$4,216.06",Yes,EFT,FALSE,FALSE,FALSE,FALSE,FALSE,FALSE,FALSE,FALSE,0,Routine,FALSE,No predefined exception
PAY-001179,INV-627608,6/29/2025,2025-26,2025-06,Health Services,V0016,Supplier 016,Software & Licensing,Open Competition,PO-65061,"$3,882.01",Yes,EFT,FALSE,FALSE,FALSE,FALSE,FALSE,FALSE,FALSE,FALSE,0,Routine,FALSE,No predefined exception
PAY-001835,INV-713655,6/29/2025,2025-26,2025-06,Municipal Services,V0059,Supplier 059,Professional Services,Open Competition,PO-43855,"$3,064.43",Yes,EFT,FALSE,FALSE,FALSE,FALSE,FALSE,FALSE,FALSE,FALSE,0,Routine,FALSE,No predefined exception
PAY-000527,INV-929590,6/29/2025,2025-26,2025-06,Municipal Services,V0071,Supplier 071,Software & Licensing,Open Competition,PO-11471,"$1,224.41",Yes,Corporate Card,FALSE,FALSE,FALSE,FALSE,FALSE,FALSE,FALSE,FALSE,0,Routine,FALSE,No predefined exception
PAY-001608,INV-871143,6/29/2025,2025-26,2025-06,Municipal Services,V0060,Supplier 060,Software & Licensing,Open Competition,PO-60442,"$2,594.74",Yes,EFT,FALSE,FALSE,FALSE,FALSE,FALSE,FALSE,FALSE,FALSE,0,Routine,FALSE,No predefined exception
PAY-002177,INV-277129,6/29/2025,2025-26,2025-06,Justice & Public Safety,V0013,Supplier 013,Equipment,Invitational,PO-39330,$920.38,Yes,EFT,FALSE,FALSE,FALSE,FALSE,FALSE,FALSE,FALSE,FALSE,0,Routine,FALSE,No predefined exception
PAY-000993,INV-379349,6/29/2025,2025-26,2025-06,Health Services,V0057,Supplier 057,IT Hardware,Open Competition,PO-40753,"$2,434.33",Yes,EFT,FALSE,FALSE,FALSE,FALSE,FALSE,FALSE,FALSE,FALSE,0,Routine,FALSE,No predefined exception
PAY-000692,INV-872291,6/29/2025,2025-26,2025-06,Justice & Public Safety,V0037,Supplier 037,Office Supplies,Sole Source,PO-31526,"$2,407.04",Yes,EFT,FALSE,FALSE,FALSE,FALSE,FALSE,FALSE,FALSE,FALSE,0,Routine,FALSE,No predefined exception
PAY-000634,INV-280775,6/30/2025,2025-26,2025-06,Justice & Public Safety,V0070,Supplier 070,Professional Services,Open Competition,PO-93561,"$2,637.82",Yes,EFT,FALSE,FALSE,FALSE,FALSE,FALSE,FALSE,FALSE,FALSE,0,Routine,FALSE,No predefined exception
PAY-001150,INV-572312,7/1/2025,2025-26,2025-07,Justice & Public Safety,V0046,Supplier 046,Building Maintenance,Open Competition,PO-60852,"$1,538.81",Yes,EFT,FALSE,FALSE,FALSE,FALSE,FALSE,FALSE,FALSE,FALSE,0,Routine,FALSE,No predefined exception
PAY-000844,INV-605350,7/1/2025,2025-26,2025-07,Transportation & Infrastructure,V0021,Supplier 021,Transportation Services,Open Competition,PO-89369,"$2,558.92",Yes,EFT,FALSE,FALSE,FALSE,FALSE,FALSE,FALSE,FALSE,FALSE,0,Routine,FALSE,No predefined exception
PAY-001265,INV-848224,7/1/2025,2025-26,2025-07,Municipal Services,V0071,Supplier 071,Construction Services,Open Competition,PO-74427,"$2,339.73",Yes,EFT,FALSE,FALSE,FALSE,FALSE,FALSE,FALSE,FALSE,FALSE,0,Routine,FALSE,No predefined exception
PAY-001818,INV-804253,7/1/2025,2025-26,2025-07,Education,V0012,Supplier 012,Construction Services,Standing Offer,PO-98956,"$1,223.76",Yes,EFT,FALSE,FALSE,FALSE,FALSE,FALSE,FALSE,FALSE,FALSE,0,Routine,FALSE,No predefined exception
PAY-002470,INV-357137,7/1/2025,2025-26,2025-07,Natural Resources,V0044,Supplier 044,Construction Services,Invitational,PO-80514,"$1,902.39",Yes,EFT,FALSE,FALSE,FALSE,FALSE,FALSE,FALSE,FALSE,FALSE,0,Routine,FALSE,No predefined exception
PAY-002417,INV-932651,7/1/2025,2025-26,2025-07,Natural Resources,V0050,Supplier 050,Construction Services,Open Competition,PO-96949,"$3,493.07",Yes,Cheque,FALSE,FALSE,FALSE,FALSE,FALSE,FALSE,FALSE,FALSE,0,Routine,FALSE,No predefined exception
PAY-001635,INV-191656,7/1/2025,2025-26,2025-07,Natural Resources,V0019,Supplier 019,Transportation Services,Open Competition,PO-82359,"$2,356.19",Yes,EFT,FALSE,FALSE,FALSE,FALSE,FALSE,FALSE,FALSE,FALSE,0,Routine,FALSE,No predefined exception
PAY-001740,INV-464446,7/1/2025,2025-26,2025-07,Education,V0035,Supplier 035,Construction Services,Invitational,PO-12967,"$1,837.27",Yes,EFT,FALSE,FALSE,FALSE,FALSE,FALSE,FALSE,FALSE,FALSE,0,Routine,FALSE,No predefined exception
PAY-000389,INV-445452,7/1/2025,2025-26,2025-07,Natural Resources,V0043,Supplier 043,Transportation Services,Standing Offer,PO-92420,"$2,416.93",Yes,Cheque,FALSE,FALSE,FALSE,FALSE,FALSE,FALSE,FALSE,FALSE,0,Routine,FALSE,No predefined exception
PAY-000057,INV-963787,7/1/2025,2025-26,2025-07,Natural Resources,V0062,Supplier 062,Transportation Services,Standing Offer,PO-33877,$350.44,Yes,EFT,FALSE,FALSE,FALSE,FALSE,FALSE,FALSE,FALSE,FALSE,0,Routine,FALSE,No predefined exception
PAY-000436,INV-308886,7/1/2025,2025-26,2025-07,Justice & Public Safety,V0032,Supplier 032,Training,Open Competition,PO-54782,"$1,030.95",Yes,EFT,FALSE,FALSE,FALSE,FALSE,FALSE,FALSE,FALSE,FALSE,0,Routine,FALSE,No predefined exception
PAY-002115,INV-994932,7/2/2025,2025-26,2025-07,Transportation & Infrastructure,V0019,Supplier 019,Office Supplies,Invitational,PO-29305,"$1,307.69",Yes,EFT,FALSE,FALSE,FALSE,FALSE,FALSE,FALSE,FALSE,FALSE,0,Routine,FALSE,No predefined exception
PAY-001902,INV-732079,7/2/2025,2025-26,2025-07,Health Services,V0042,Supplier 042,Equipment,Open Competition,PO-41403,$615.39,Yes,EFT,FALSE,FALSE,FALSE,FALSE,FALSE,FALSE,FALSE,FALSE,0,Routine,FALSE,No predefined exception
PAY-001978,INV-473994,7/2/2025,2025-26,2025-07,Education,V0045,Supplier 045,IT Hardware,Open Competition,PO-47784,"$4,884.65",Yes,EFT,FALSE,FALSE,FALSE,FALSE,FALSE,FALSE,FALSE,FALSE,0,Routine,FALSE,No predefined exception
PAY-001763,INV-457395,7/2/2025,2025-26,2025-07,Transportation & Infrastructure,V0017,Supplier 017,Training,Open Competition,PO-51817,"$2,883.33",Yes,Cheque,FALSE,FALSE,FALSE,FALSE,FALSE,FALSE,FALSE,FALSE,0,Routine,FALSE,No predefined exception
PAY-000529,INV-540847,7/2/2025,2025-26,2025-07,Education,V0078,Supplier 078,Transportation Services,Open Competition,PO-82025,"$3,251.27",Yes,EFT,FALSE,FALSE,FALSE,FALSE,FALSE,FALSE,FALSE,FALSE,0,Routine,FALSE,No predefined exception
PAY-000837,INV-636114,7/2/2025,2025-26,2025-07,Justice & Public Safety,V0071,Supplier 071,Training,Standing Offer,PO-97165,"$1,619.92",Yes,EFT,FALSE,FALSE,FALSE,FALSE,FALSE,FALSE,FALSE,FALSE,0,Routine,FALSE,No predefined exception
PAY-001019,INV-801865,7/3/2025,2025-26,2025-07,Health Services,V0078,Supplier 078,Construction Services,Invitational,PO-81828,"$9,364.56",Yes,EFT,FALSE,FALSE,FALSE,FALSE,TRUE,FALSE,FALSE,FALSE,2,Moderate,TRUE,Statistical amount outlier
PAY-000472,INV-474842,7/3/2025,2025-26,2025-07,Digital Government,V0059,Supplier 059,Transportation Services,Invitational,PO-89510,"$30,457.33",Yes,EFT,FALSE,FALSE,FALSE,FALSE,TRUE,FALSE,FALSE,FALSE,2,Moderate,TRUE,Statistical amount outlier
PAY-000973,INV-670993,7/3/2025,2025-26,2025-07,Natural Resources,V0052,Supplier 052,Equipment,Invitational,PO-61531,"$3,071.57",Yes,EFT,FALSE,FALSE,FALSE,FALSE,FALSE,FALSE,FALSE,FALSE,0,Routine,FALSE,No predefined exception
PAY-000343,INV-544244,7/4/2025,2025-26,2025-07,Health Services,V0039,Supplier 039,Training,Invitational,PO-52706,"$3,583.00",Yes,EFT,FALSE,FALSE,FALSE,FALSE,FALSE,FALSE,FALSE,FALSE,0,Routine,FALSE,No predefined exception
PAY-000764,INV-659650,7/4/2025,2025-26,2025-07,Justice & Public Safety,V0007,Supplier 007,Transportation Services,Sole Source,PO-36366,"$3,059.98",Yes,EFT,FALSE,FALSE,FALSE,FALSE,FALSE,FALSE,FALSE,FALSE,0,Routine,FALSE,No predefined exception
PAY-001114,INV-786126,7/4/2025,2025-26,2025-07,Municipal Services,V0023,Supplier 023,Transportation Services,Sole Source,PO-96980,"$24,722.19",Yes,EFT,FALSE,FALSE,FALSE,FALSE,TRUE,TRUE,FALSE,FALSE,4,Higher,TRUE,Statistical amount outlier; Higher-value sole-source transaction
PAY-001020,INV-264404,7/4/2025,2025-26,2025-07,Justice & Public Safety,V0010,Supplier 010,Software & Licensing,Invitational,PO-35551,"$2,182.75",No,EFT,FALSE,FALSE,FALSE,FALSE,FALSE,FALSE,FALSE,TRUE,3,Moderate,TRUE,Approval exception
PAY-000520,INV-689214,7/4/2025,2025-26,2025-07,Justice & Public Safety,V0031,Supplier 031,Equipment,Standing Offer,PO-23303,"$3,569.18",Yes,EFT,FALSE,FALSE,FALSE,FALSE,FALSE,FALSE,FALSE,FALSE,0,Routine,FALSE,No predefined exception
PAY-000828,INV-514021,7/4/2025,2025-26,2025-07,Education,V0020,Supplier 020,Construction Services,Invitational,PO-73327,"$1,542.01",Yes,EFT,FALSE,FALSE,FALSE,FALSE,FALSE,FALSE,FALSE,FALSE,0,Routine,FALSE,No predefined exception
PAY-002399,INV-741687,7/4/2025,2025-26,2025-07,Municipal Services,V0055,Supplier 055,Software & Licensing,Open Competition,PO-17797,"$1,239.66",Yes,EFT,FALSE,FALSE,FALSE,FALSE,FALSE,FALSE,FALSE,FALSE,0,Routine,FALSE,No predefined exception
PAY-001799,INV-799495,7/4/2025,2025-26,2025-07,Municipal Services,V0021,Supplier 021,IT Hardware,Standing Offer,PO-31826,"$1,057.57",Yes,Cheque,FALSE,FALSE,FALSE,FALSE,FALSE,FALSE,FALSE,FALSE,0,Routine,FALSE,No predefined exception
PAY-000144,INV-750506,7/5/2025,2025-26,2025-07,Justice & Public Safety,V0039,Supplier 039,Professional Services,Standing Offer,PO-22549,"$1,451.43",Yes,Cheque,FALSE,FALSE,FALSE,FALSE,FALSE,FALSE,FALSE,FALSE,0,Routine,FALSE,No predefined exception
PAY-000193,INV-764471,7/5/2025,2025-26,2025-07,Natural Resources,V0011,Supplier 011,Transportation Services,Open Competition,PO-77370,"$1,913.18",Yes,EFT,FALSE,FALSE,FALSE,FALSE,FALSE,FALSE,FALSE,FALSE,0,Routine,FALSE,No predefined exception
PAY-001502,INV-285541,7/5/2025,2025-26,2025-07,Municipal Services,V0062,Supplier 062,Office Supplies,Standing Offer,PO-41210,"$1,482.84",Yes,EFT,FALSE,FALSE,FALSE,FALSE,FALSE,FALSE,FALSE,FALSE,0,Routine,FALSE,No predefined exception
PAY-001268,INV-150755,7/5/2025,2025-26,2025-07,Justice & Public Safety,V0046,Supplier 046,Software & Licensing,Open Competition,PO-31116,"$8,847.82",Yes,EFT,FALSE,FALSE,FALSE,FALSE,FALSE,FALSE,FALSE,FALSE,0,Routine,FALSE,No predefined exception
PAY-000494,INV-196952,7/5/2025,2025-26,2025-07,Natural Resources,V0003,Supplier 003,Building Maintenance,Invitational,PO-63762,"$5,487.68",Yes,EFT,FALSE,FALSE,FALSE,FALSE,FALSE,FALSE,FALSE,FALSE,0,Routine,FALSE,No predefined exception
PAY-001919,INV-400314,7/5/2025,2025-26,2025-07,Health Services,V0007,Supplier 007,Equipment,Open Competition,PO-65103,$864.29,Yes,EFT,FALSE,FALSE,FALSE,FALSE,FALSE,FALSE,FALSE,FALSE,0,Routine,FALSE,No predefined exception
PAY-000450,INV-879105,7/5/2025,2025-26,2025-07,Justice & Public Safety,V0010,Supplier 010,Office Supplies,Open Competition,PO-98706,"$4,817.03",Yes,EFT,FALSE,FALSE,FALSE,FALSE,FALSE,FALSE,FALSE,FALSE,0,Routine,FALSE,No predefined exception
PAY-002416,INV-802121,7/5/2025,2025-26,2025-07,Natural Resources,V0020,Supplier 020,Office Supplies,Open Competition,PO-39249,"$2,641.14",Yes,EFT,FALSE,FALSE,FALSE,FALSE,FALSE,FALSE,FALSE,FALSE,0,Routine,FALSE,No predefined exception
PAY-000547,INV-919564,7/5/2025,2025-26,2025-07,Digital Government,V0011,Supplier 011,Equipment,Standing Offer,PO-32027,$472.18,Yes,EFT,FALSE,FALSE,FALSE,FALSE,FALSE,FALSE,FALSE,FALSE,0,Routine,FALSE,No predefined exception
PAY-000321,INV-815295,7/6/2025,2025-26,2025-07,Justice & Public Safety,V0010,Supplier 010,Transportation Services,Open Competition,PO-87090,"$7,625.57",Yes,EFT,FALSE,FALSE,FALSE,FALSE,FALSE,FALSE,FALSE,FALSE,0,Routine,FALSE,No predefined exception
PAY-000234,INV-764006,7/6/2025,2025-26,2025-07,Digital Government,V0027,Supplier 027,Construction Services,Open Competition,PO-15094,"$2,140.83",Yes,EFT,FALSE,FALSE,FALSE,FALSE,FALSE,FALSE,FALSE,FALSE,0,Routine,FALSE,No predefined exception
PAY-001085,INV-541758,7/6/2025,2025-26,2025-07,Digital Government,V0021,Supplier 021,Office Supplies,Standing Offer,PO-61696,"$4,577.24",Yes,EFT,FALSE,FALSE,FALSE,FALSE,FALSE,FALSE,FALSE,FALSE,0,Routine,FALSE,No predefined exception
PAY-002449,INV-790778,7/6/2025,2025-26,2025-07,Health Services,V0068,Supplier 068,Training,Open Competition,PO-74441,$655.55,Yes,EFT,FALSE,FALSE,FALSE,FALSE,FALSE,FALSE,FALSE,FALSE,0,Routine,FALSE,No predefined exception
PAY-001264,INV-867754,7/6/2025,2025-26,2025-07,Health Services,V0046,Supplier 046,IT Hardware,Sole Source,PO-11415,"$7,386.75",Yes,EFT,FALSE,FALSE,FALSE,FALSE,FALSE,FALSE,FALSE,FALSE,0,Routine,FALSE,No predefined exception
PAY-000738,INV-165439,7/7/2025,2025-26,2025-07,Education,V0007,Supplier 007,IT Hardware,Open Competition,PO-19109,"$21,923.84",Yes,EFT,FALSE,FALSE,FALSE,FALSE,TRUE,FALSE,FALSE,FALSE,2,Moderate,TRUE,Statistical amount outlier
PAY-001479,INV-838925,7/7/2025,2025-26,2025-07,Justice & Public Safety,V0008,Supplier 008,Transportation Services,Standing Offer,PO-50278,"$4,082.80",Yes,Cheque,FALSE,FALSE,FALSE,FALSE,FALSE,FALSE,FALSE,FALSE,0,Routine,FALSE,No predefined exception
PAY-001388,INV-752192,7/7/2025,2025-26,2025-07,Municipal Services,V0049,Supplier 049,IT Hardware,Open Competition,PO-69658,"$2,001.18",Yes,EFT,FALSE,FALSE,FALSE,FALSE,FALSE,FALSE,FALSE,FALSE,0,Routine,FALSE,No predefined exception
PAY-000793,INV-979401,7/7/2025,2025-26,2025-07,Transportation & Infrastructure,V0036,Supplier 036,Transportation Services,Standing Offer,PO-69888,"$3,480.29",Yes,EFT,FALSE,FALSE,FALSE,FALSE,FALSE,FALSE,FALSE,FALSE,0,Routine,FALSE,No predefined exception
PAY-001587,INV-502205,7/7/2025,2025-26,2025-07,Digital Government,V0010,Supplier 010,Building Maintenance,Open Competition,PO-30129,"$4,693.70",Yes,EFT,FALSE,FALSE,FALSE,FALSE,FALSE,FALSE,FALSE,FALSE,0,Routine,FALSE,No predefined exception
PAY-001333,INV-697457,7/7/2025,2025-26,2025-07,Municipal Services,V0013,Supplier 013,Professional Services,Standing Offer,PO-35836,"$2,554.83",Yes,EFT,FALSE,FALSE,FALSE,FALSE,FALSE,FALSE,FALSE,FALSE,0,Routine,FALSE,No predefined exception
PAY-001359,INV-120655,7/7/2025,2025-26,2025-07,Transportation & Infrastructure,V0060,Supplier 060,Building Maintenance,Open Competition,PO-63709,$398.25,Yes,EFT,FALSE,FALSE,FALSE,FALSE,FALSE,FALSE,FALSE,FALSE,0,Routine,FALSE,No predefined exception
PAY-000230,INV-871965,7/7/2025,2025-26,2025-07,Municipal Services,V0063,Supplier 063,Building Maintenance,Open Competition,PO-55474,"$9,900.00",Yes,EFT,FALSE,FALSE,FALSE,TRUE,TRUE,FALSE,FALSE,FALSE,4,Higher,TRUE,Near hypothetical threshold; Statistical amount outlier
PAY-002094,INV-507922,7/7/2025,2025-26,2025-07,Justice & Public Safety,V0058,Supplier 058,Construction Services,Open Competition,PO-55487,"$12,913.46",Yes,EFT,FALSE,FALSE,FALSE,FALSE,TRUE,FALSE,FALSE,FALSE,2,Moderate,TRUE,Statistical amount outlier
PAY-000336,INV-727751,7/8/2025,2025-26,2025-07,Justice & Public Safety,V0019,Supplier 019,Construction Services,Open Competition,PO-76944,"$2,177.78",Yes,EFT,FALSE,FALSE,FALSE,FALSE,FALSE,FALSE,FALSE,FALSE,0,Routine,FALSE,No predefined exception
PAY-000272,INV-121341,7/8/2025,2025-26,2025-07,Natural Resources,V0007,Supplier 007,Construction Services,Standing Offer,PO-76945,"$1,679.38",Yes,Cheque,FALSE,FALSE,FALSE,FALSE,FALSE,FALSE,FALSE,FALSE,0,Routine,FALSE,No predefined exception
PAY-000740,INV-826747,7/8/2025,2025-26,2025-07,Education,V0007,Supplier 007,Construction Services,Open Competition,PO-56408,"$7,019.78",Yes,EFT,FALSE,FALSE,FALSE,FALSE,FALSE,FALSE,FALSE,FALSE,0,Routine,FALSE,No predefined exception
PAY-000580,INV-770392,7/8/2025,2025-26,2025-07,Health Services,V0026,Supplier 026,Office Supplies,Sole Source,PO-78500,"$3,337.80",Yes,EFT,FALSE,FALSE,FALSE,FALSE,FALSE,FALSE,FALSE,FALSE,0,Routine,FALSE,No predefined exception
PAY-000545,INV-180691,7/8/2025,2025-26,2025-07,Justice & Public Safety,V0019,Supplier 019,Professional Services,Invitational,PO-44524,"$35,117.34",Yes,EFT,FALSE,FALSE,FALSE,FALSE,TRUE,FALSE,FALSE,FALSE,2,Moderate,TRUE,Statistical amount outlier
PAY-000289,INV-149156,7/8/2025,2025-26,2025-07,Transportation & Infrastructure,V0017,Supplier 017,IT Hardware,Open Competition,PO-84674,"$3,331.60",Yes,EFT,FALSE,FALSE,FALSE,FALSE,FALSE,FALSE,FALSE,FALSE,0,Routine,FALSE,No predefined exception
PAY-000344,INV-946533,7/8/2025,2025-26,2025-07,Natural Resources,V0068,Supplier 068,Training,Standing Offer,PO-86587,"$14,754.55",No,EFT,FALSE,FALSE,FALSE,FALSE,TRUE,FALSE,FALSE,TRUE,5,Higher,TRUE,Statistical amount outlier; Approval exception
PAY-001569,INV-324793,7/8/2025,2025-26,2025-07,Health Services,V0065,Supplier 065,Software & Licensing,Open Competition,PO-50747,"$5,879.50",Yes,EFT,FALSE,FALSE,FALSE,FALSE,FALSE,FALSE,FALSE,FALSE,0,Routine,FALSE,No predefined exception
PAY-001725,INV-318827,7/8/2025,2025-26,2025-07,Health Services,V0025,Supplier 025,Professional Services,Sole Source,PO-28358,$967.64,Yes,EFT,FALSE,FALSE,FALSE,FALSE,FALSE,FALSE,FALSE,FALSE,0,Routine,FALSE,No predefined exception
PAY-000120,INV-275037,7/8/2025,2025-26,2025-07,Natural Resources,V0017,Supplier 017,IT Hardware,Sole Source,PO-87817,$763.02,Yes,EFT,FALSE,FALSE,FALSE,FALSE,FALSE,FALSE,FALSE,FALSE,0,Routine,FALSE,No predefined exception
PAY-002441,INV-669405,7/8/2025,2025-26,2025-07,Transportation & Infrastructure,V0024,Supplier 024,Building Maintenance,Invitational,PO-78069,$722.06,Yes,EFT,FALSE,FALSE,FALSE,FALSE,FALSE,FALSE,FALSE,FALSE,0,Routine,FALSE,No predefined exception
PAY-000257,INV-534352,7/8/2025,2025-26,2025-07,Digital Government,V0051,Supplier 051,Office Supplies,Open Competition,PO-85145,"$1,774.18",Yes,EFT,FALSE,FALSE,FALSE,FALSE,FALSE,FALSE,FALSE,FALSE,0,Routine,FALSE,No predefined exception
PAY-000488,INV-466378,7/9/2025,2025-26,2025-07,Health Services,V0066,Supplier 066,Software & Licensing,Open Competition,PO-14188,$643.34,Yes,EFT,FALSE,FALSE,FALSE,FALSE,FALSE,FALSE,FALSE,FALSE,0,Routine,FALSE,No predefined exception
PAY-000013,INV-870348,7/9/2025,2025-26,2025-07,Digital Government,V0041,Supplier 041,Office Supplies,Open Competition,PO-77777,"$3,640.84",Yes,EFT,FALSE,FALSE,FALSE,FALSE,FALSE,FALSE,FALSE,FALSE,0,Routine,FALSE,No predefined exception
PAY-000478,INV-399479,7/9/2025,2025-26,2025-07,Education,V0071,Supplier 071,Professional Services,Open Competition,PO-41305,"$2,934.59",Yes,EFT,FALSE,FALSE,FALSE,FALSE,FALSE,FALSE,FALSE,FALSE,0,Routine,FALSE,No predefined exception
PAY-002221,INV-616379,7/9/2025,2025-26,2025-07,Education,V0066,Supplier 066,Office Supplies,Open Competition,PO-28030,"$1,294.93",Yes,EFT,FALSE,FALSE,FALSE,FALSE,FALSE,FALSE,FALSE,FALSE,0,Routine,FALSE,No predefined exception
PAY-000569,INV-386100,7/9/2025,2025-26,2025-07,Justice & Public Safety,V0005,Supplier 005,IT Hardware,Open Competition,PO-23489,"$7,420.83",Yes,Cheque,FALSE,FALSE,FALSE,FALSE,FALSE,FALSE,FALSE,FALSE,0,Routine,FALSE,No predefined exception
PAY-001943,INV-844990,7/9/2025,2025-26,2025-07,Digital Government,V0054,Supplier 054,Equipment,Standing Offer,PO-21106,$961.71,Yes,EFT,FALSE,FALSE,FALSE,FALSE,FALSE,FALSE,FALSE,FALSE,0,Routine,FALSE,No predefined exception
PAY-000510,INV-815768,7/10/2025,2025-26,2025-07,Digital Government,,,Office Supplies,Invitational,PO-32975,"$4,543.49",Yes,Cheque,FALSE,TRUE,FALSE,FALSE,FALSE,FALSE,FALSE,FALSE,2,Moderate,TRUE,Missing vendor information
PAY-000411,INV-169202,7/10/2025,2025-26,2025-07,Transportation & Infrastructure,V0008,Supplier 008,Software & Licensing,Open Competition,PO-20564,"$2,470.85",No,EFT,FALSE,FALSE,FALSE,FALSE,FALSE,FALSE,FALSE,TRUE,3,Moderate,TRUE,Approval exception
PAY-002367,INV-332682,7/10/2025,2025-26,2025-07,Natural Resources,V0063,Supplier 063,Building Maintenance,Invitational,PO-65549,"$6,492.01",Yes,Corporate Card,FALSE,FALSE,FALSE,FALSE,FALSE,FALSE,FALSE,FALSE,0,Routine,FALSE,No predefined exception
PAY-001426,INV-524190,7/10/2025,2025-26,2025-07,Transportation & Infrastructure,V0052,Supplier 052,Training,Standing Offer,PO-61467,"$1,570.41",Yes,Corporate Card,FALSE,FALSE,FALSE,FALSE,FALSE,FALSE,FALSE,FALSE,0,Routine,FALSE,No predefined exception
PAY-000126,INV-225865,7/10/2025,2025-26,2025-07,Municipal Services,V0055,Supplier 055,Equipment,Sole Source,PO-98719,$809.43,Yes,EFT,FALSE,FALSE,FALSE,FALSE,FALSE,FALSE,FALSE,FALSE,0,Routine,FALSE,No predefined exception
PAY-001014,INV-496601,7/10/2025,2025-26,2025-07,Justice & Public Safety,V0006,Supplier 006,IT Hardware,Standing Offer,,"$1,032.41",Yes,EFT,FALSE,FALSE,TRUE,FALSE,FALSE,FALSE,FALSE,FALSE,1,Routine,FALSE,Missing purchase order
PAY-002455,INV-353807,7/10/2025,2025-26,2025-07,Health Services,V0027,Supplier 027,IT Hardware,Standing Offer,PO-21452,"$4,074.84",Yes,EFT,FALSE,FALSE,FALSE,FALSE,FALSE,FALSE,FALSE,FALSE,0,Routine,FALSE,No predefined exception
PAY-000202,INV-532184,7/10/2025,2025-26,2025-07,Municipal Services,V0031,Supplier 031,Office Supplies,Invitational,PO-14991,"$9,500.00",Yes,EFT,FALSE,FALSE,FALSE,TRUE,TRUE,FALSE,FALSE,FALSE,4,Higher,TRUE,Near hypothetical threshold; Statistical amount outlier
PAY-001160,INV-386287,7/10/2025,2025-26,2025-07,Health Services,V0016,Supplier 016,Training,Open Competition,PO-32670,"$2,992.33",Yes,EFT,FALSE,FALSE,FALSE,FALSE,FALSE,FALSE,FALSE,FALSE,0,Routine,FALSE,No predefined exception
PAY-002119,INV-913171,7/11/2025,2025-26,2025-07,Transportation & Infrastructure,V0018,Supplier 018,Building Maintenance,Open Competition,PO-14825,"$1,331.53",Yes,EFT,FALSE,FALSE,FALSE,FALSE,FALSE,FALSE,FALSE,FALSE,0,Routine,FALSE,No predefined exception
PAY-001422,INV-388172,7/11/2025,2025-26,2025-07,Natural Resources,V0053,Supplier 053,Building Maintenance,Open Competition,PO-60969,"$2,060.65",Yes,EFT,FALSE,FALSE,FALSE,FALSE,FALSE,FALSE,FALSE,FALSE,0,Routine,FALSE,No predefined exception
PAY-002263,INV-609163,7/11/2025,2025-26,2025-07,Justice & Public Safety,V0073,Supplier 073,IT Hardware,Open Competition,PO-41584,$503.47,Yes,EFT,FALSE,FALSE,FALSE,FALSE,FALSE,FALSE,FALSE,FALSE,0,Routine,FALSE,No predefined exception
PAY-002300,INV-219815,7/11/2025,2025-26,2025-07,Natural Resources,V0047,Supplier 047,Software & Licensing,Invitational,PO-11363,"$3,111.04",Yes,EFT,FALSE,FALSE,FALSE,FALSE,FALSE,FALSE,FALSE,FALSE,0,Routine,FALSE,No predefined exception
PAY-002095,INV-652197,7/11/2025,2025-26,2025-07,Health Services,V0052,Supplier 052,Software & Licensing,Open Competition,PO-40451,"$5,328.17",Yes,EFT,FALSE,FALSE,FALSE,FALSE,FALSE,FALSE,FALSE,FALSE,0,Routine,FALSE,No predefined exception
PAY-001806,INV-417455,7/11/2025,2025-26,2025-07,Transportation & Infrastructure,V0048,Supplier 048,Equipment,Open Competition,PO-69851,"$18,440.33",Yes,EFT,FALSE,FALSE,FALSE,FALSE,TRUE,FALSE,FALSE,FALSE,2,Moderate,TRUE,Statistical amount outlier
PAY-002097,INV-812932,7/11/2025,2025-26,2025-07,Natural Resources,V0035,Supplier 035,IT Hardware,Invitational,PO-35099,"$1,252.36",Yes,EFT,FALSE,FALSE,FALSE,FALSE,FALSE,FALSE,FALSE,FALSE,0,Routine,FALSE,No predefined exception
PAY-002452,INV-643056,7/12/2025,2025-26,2025-07,Education,V0036,Supplier 036,Office Supplies,Open Competition,PO-42815,"$2,736.60",Yes,EFT,FALSE,FALSE,FALSE,FALSE,FALSE,FALSE,FALSE,FALSE,0,Routine,FALSE,No predefined exception
PAY-000417,INV-257699,7/12/2025,2025-26,2025-07,Education,V0010,Supplier 010,Training,Open Competition,,"$7,773.55",Yes,EFT,FALSE,FALSE,TRUE,FALSE,FALSE,FALSE,FALSE,FALSE,1,Routine,FALSE,Missing purchase order
PAY-000008,INV-988921,7/12/2025,2025-26,2025-07,Municipal Services,V0016,Supplier 016,Building Maintenance,Standing Offer,PO-14206,"$1,186.69",Yes,EFT,FALSE,FALSE,FALSE,FALSE,FALSE,FALSE,FALSE,FALSE,0,Routine,FALSE,No predefined exception
PAY-000787,INV-974168,7/12/2025,2025-26,2025-07,Digital Government,V0007,Supplier 007,Training,Sole Source,PO-90249,"$1,346.44",Yes,EFT,FALSE,FALSE,FALSE,FALSE,FALSE,FALSE,FALSE,FALSE,0,Routine,FALSE,No predefined exception
PAY-001831,INV-980624,7/12/2025,2025-26,2025-07,Digital Government,V0053,Supplier 053,Software & Licensing,Open Competition,PO-97718,"$15,519.94",Yes,EFT,FALSE,FALSE,FALSE,FALSE,TRUE,FALSE,FALSE,FALSE,2,Moderate,TRUE,Statistical amount outlier
PAY-001471,INV-386453,7/12/2025,2025-26,2025-07,Natural Resources,V0050,Supplier 050,Building Maintenance,Invitational,PO-78550,"$2,469.34",Yes,EFT,FALSE,FALSE,FALSE,FALSE,FALSE,FALSE,FALSE,FALSE,0,Routine,FALSE,No predefined exception
PAY-000001,INV-399155,7/12/2025,2025-26,2025-07,Digital Government,V0035,Supplier 035,Equipment,Sole Source,PO-10794,"$4,115.41",Yes,EFT,FALSE,FALSE,FALSE,FALSE,FALSE,FALSE,FALSE,FALSE,0,Routine,FALSE,No predefined exception
PAY-002329,INV-576857,7/13/2025,2025-26,2025-07,Health Services,V0006,Supplier 006,Transportation Services,Standing Offer,PO-82580,"$1,080.16",Yes,EFT,FALSE,FALSE,FALSE,FALSE,FALSE,FALSE,FALSE,FALSE,0,Routine,FALSE,No predefined exception
PAY-001140,INV-916117,7/13/2025,2025-26,2025-07,Justice & Public Safety,V0047,Supplier 047,Equipment,Open Competition,PO-85287,$895.59,Yes,EFT,FALSE,FALSE,FALSE,FALSE,FALSE,FALSE,FALSE,FALSE,0,Routine,FALSE,No predefined exception
PAY-001137,INV-796805,7/13/2025,2025-26,2025-07,Municipal Services,V0025,Supplier 025,Building Maintenance,Open Competition,PO-48484,"$7,834.46",Yes,EFT,FALSE,FALSE,FALSE,FALSE,FALSE,FALSE,FALSE,FALSE,0,Routine,FALSE,No predefined exception
PAY-001071,INV-757346,7/13/2025,2025-26,2025-07,Education,V0057,Supplier 057,Building Maintenance,Open Competition,PO-74850,"$1,117.09",Yes,EFT,FALSE,FALSE,FALSE,FALSE,FALSE,FALSE,FALSE,FALSE,0,Routine,FALSE,No predefined exception
PAY-001070,INV-812165,7/13/2025,2025-26,2025-07,Justice & Public Safety,V0010,Supplier 010,Construction Services,Standing Offer,,$722.86,Yes,EFT,FALSE,FALSE,TRUE,FALSE,FALSE,FALSE,FALSE,FALSE,1,Routine,FALSE,Missing purchase order
PAY-001057,INV-366186,7/13/2025,2025-26,2025-07,Education,V0039,Supplier 039,Transportation Services,Open Competition,PO-32825,"$5,163.81",Yes,Cheque,FALSE,FALSE,FALSE,FALSE,FALSE,FALSE,FALSE,FALSE,0,Routine,FALSE,No predefined exception
PAY-000369,INV-206379,7/13/2025,2025-26,2025-07,Transportation & Infrastructure,V0006,Supplier 006,Office Supplies,Open Competition,PO-57351,"$2,092.80",Yes,Cheque,FALSE,FALSE,FALSE,FALSE,FALSE,FALSE,FALSE,FALSE,0,Routine,FALSE,No predefined exception
PAY-001413,INV-624362,7/13/2025,2025-26,2025-07,Justice & Public Safety,V0001,Supplier 001,Training,Open Competition,PO-49253,"$1,203.74",Yes,EFT,FALSE,FALSE,FALSE,FALSE,FALSE,FALSE,FALSE,FALSE,0,Routine,FALSE,No predefined exception
PAY-000284,INV-178840,7/13/2025,2025-26,2025-07,Health Services,V0079,Supplier 079,Construction Services,Invitational,PO-47210,"$3,007.95",Yes,EFT,FALSE,FALSE,FALSE,FALSE,FALSE,FALSE,FALSE,FALSE,0,Routine,FALSE,No predefined exception
PAY-000739,INV-762554,7/14/2025,2025-26,2025-07,Municipal Services,V0007,Supplier 007,Software & Licensing,Open Competition,PO-93726,"$29,611.78",Yes,EFT,FALSE,FALSE,FALSE,FALSE,TRUE,FALSE,FALSE,FALSE,2,Moderate,TRUE,Statistical amount outlier
PAY-001589,INV-529199,7/14/2025,2025-26,2025-07,Natural Resources,V0055,Supplier 055,Transportation Services,Open Competition,PO-59214,"$1,621.08",Yes,EFT,FALSE,FALSE,FALSE,FALSE,FALSE,FALSE,FALSE,FALSE,0,Routine,FALSE,No predefined exception
PAY-001920,INV-329016,7/14/2025,2025-26,2025-07,Digital Government,V0072,Supplier 072,Training,Open Competition,PO-79856,"$2,478.20",Yes,EFT,FALSE,FALSE,FALSE,FALSE,FALSE,FALSE,FALSE,FALSE,0,Routine,FALSE,No predefined exception
PAY-000532,INV-552558,7/14/2025,2025-26,2025-07,Education,V0029,Supplier 029,Professional Services,Open Competition,PO-15664,"$8,330.01",Yes,EFT,FALSE,FALSE,FALSE,FALSE,FALSE,FALSE,FALSE,FALSE,0,Routine,FALSE,No predefined exception
PAY-000066,INV-382803,7/15/2025,2025-26,2025-07,Transportation & Infrastructure,V0021,Supplier 021,Software & Licensing,Open Competition,,"$1,625.93",Yes,EFT,FALSE,FALSE,TRUE,FALSE,FALSE,FALSE,FALSE,FALSE,1,Routine,FALSE,Missing purchase order
PAY-000804,INV-954032,7/15/2025,2025-26,2025-07,Education,V0003,Supplier 003,Professional Services,Standing Offer,PO-50664,"$1,167.55",Yes,Cheque,FALSE,FALSE,FALSE,FALSE,FALSE,FALSE,FALSE,FALSE,0,Routine,FALSE,No predefined exception
PAY-002171,INV-601477,7/15/2025,2025-26,2025-07,Municipal Services,V0006,Supplier 006,Software & Licensing,Open Competition,PO-85594,"$3,708.09",Yes,EFT,FALSE,FALSE,FALSE,FALSE,FALSE,FALSE,FALSE,FALSE,0,Routine,FALSE,No predefined exception
PAY-002315,INV-942000,7/15/2025,2025-26,2025-07,Digital Government,V0027,Supplier 027,Software & Licensing,Standing Offer,PO-53224,"$3,033.05",Yes,Corporate Card,FALSE,FALSE,FALSE,FALSE,FALSE,FALSE,FALSE,FALSE,0,Routine,FALSE,No predefined exception
PAY-000429,INV-739548,7/15/2025,2025-26,2025-07,Transportation & Infrastructure,V0050,Supplier 050,Construction Services,Standing Offer,PO-24783,"$3,640.00",Yes,Cheque,FALSE,FALSE,FALSE,FALSE,FALSE,FALSE,FALSE,FALSE,0,Routine,FALSE,No predefined exception
PAY-001149,INV-289937,7/15/2025,2025-26,2025-07,Digital Government,V0077,Supplier 077,Building Maintenance,Invitational,PO-38063,"$2,829.90",Yes,Cheque,FALSE,FALSE,FALSE,FALSE,FALSE,FALSE,FALSE,FALSE,0,Routine,FALSE,No predefined exception
PAY-001839,INV-703910,7/15/2025,2025-26,2025-07,Health Services,V0018,Supplier 018,Construction Services,Open Competition,PO-32807,"$3,040.79",Yes,EFT,FALSE,FALSE,FALSE,FALSE,FALSE,FALSE,FALSE,FALSE,0,Routine,FALSE,No predefined exception
PAY-000004,INV-537480,7/16/2025,2025-26,2025-07,Natural Resources,V0056,Supplier 056,IT Hardware,Open Competition,PO-41063,"$6,155.11",Yes,EFT,FALSE,FALSE,FALSE,FALSE,FALSE,FALSE,FALSE,FALSE,0,Routine,FALSE,No predefined exception
PAY-000868,INV-975512,7/16/2025,2025-26,2025-07,Digital Government,V0080,Supplier 080,IT Hardware,Invitational,PO-53945,"$2,118.60",Yes,EFT,FALSE,FALSE,FALSE,FALSE,FALSE,FALSE,FALSE,FALSE,0,Routine,FALSE,No predefined exception
PAY-001555,INV-696649,7/16/2025,2025-26,2025-07,Natural Resources,V0023,Supplier 023,Training,Invitational,PO-10537,"$1,953.16",Yes,EFT,FALSE,FALSE,FALSE,FALSE,FALSE,FALSE,FALSE,FALSE,0,Routine,FALSE,No predefined exception
PAY-001993,INV-576785,7/16/2025,2025-26,2025-07,Education,V0026,Supplier 026,Equipment,Open Competition,PO-38573,"$8,187.97",Yes,Cheque,FALSE,FALSE,FALSE,FALSE,FALSE,FALSE,FALSE,FALSE,0,Routine,FALSE,No predefined exception
PAY-002147,INV-846777,7/16/2025,2025-26,2025-07,Justice & Public Safety,V0022,Supplier 022,Building Maintenance,Open Competition,PO-62749,$704.66,Yes,EFT,FALSE,FALSE,FALSE,FALSE,FALSE,FALSE,FALSE,FALSE,0,Routine,FALSE,No predefined exception
PAY-002003,INV-475601,7/17/2025,2025-26,2025-07,Health Services,V0060,Supplier 060,Equipment,Open Competition,PO-87263,"$6,071.78",Yes,EFT,FALSE,FALSE,FALSE,FALSE,FALSE,FALSE,FALSE,FALSE,0,Routine,FALSE,No predefined exception
PAY-002232,INV-728580,7/17/2025,2025-26,2025-07,Education,V0050,Supplier 050,Equipment,Invitational,PO-75640,"$2,371.91",Yes,EFT,FALSE,FALSE,FALSE,FALSE,FALSE,FALSE,FALSE,FALSE,0,Routine,FALSE,No predefined exception
PAY-001420,INV-223199,7/17/2025,2025-26,2025-07,Municipal Services,V0063,Supplier 063,Construction Services,Invitational,PO-83425,"$2,281.42",Yes,Cheque,FALSE,FALSE,FALSE,FALSE,FALSE,FALSE,FALSE,FALSE,0,Routine,FALSE,No predefined exception
PAY-000166,INV-895477,7/17/2025,2025-26,2025-07,Justice & Public Safety,V0027,Supplier 027,Software & Licensing,Open Competition,PO-50452,$730.87,Yes,EFT,FALSE,FALSE,FALSE,FALSE,FALSE,FALSE,FALSE,FALSE,0,Routine,FALSE,No predefined exception
PAY-001492,INV-642462,7/17/2025,2025-26,2025-07,Justice & Public Safety,V0008,Supplier 008,Office Supplies,Sole Source,PO-12272,"$1,277.93",Yes,EFT,FALSE,FALSE,FALSE,FALSE,FALSE,FALSE,FALSE,FALSE,0,Routine,FALSE,No predefined exception
PAY-002182,INV-484906,7/17/2025,2025-26,2025-07,Health Services,V0024,Supplier 024,Building Maintenance,Open Competition,PO-74784,"$6,444.41",Yes,EFT,FALSE,FALSE,FALSE,FALSE,FALSE,FALSE,FALSE,FALSE,0,Routine,FALSE,No predefined exception
PAY-000415,INV-302123,7/17/2025,2025-26,2025-07,Digital Government,V0055,Supplier 055,Training,Standing Offer,PO-67614,"$2,091.30",Yes,EFT,FALSE,FALSE,FALSE,FALSE,FALSE,FALSE,FALSE,FALSE,0,Routine,FALSE,No predefined exception
PAY-001476,INV-325409,7/17/2025,2025-26,2025-07,Natural Resources,V0010,Supplier 010,Software & Licensing,Open Competition,PO-56158,"$1,898.86",Yes,Corporate Card,FALSE,FALSE,FALSE,FALSE,FALSE,FALSE,FALSE,FALSE,0,Routine,FALSE,No predefined exception
PAY-002267,INV-767538,7/18/2025,2025-26,2025-07,Municipal Services,V0078,Supplier 078,Construction Services,Open Competition,PO-88466,"$1,943.23",Yes,EFT,FALSE,FALSE,FALSE,FALSE,FALSE,FALSE,FALSE,FALSE,0,Routine,FALSE,No predefined exception
PAY-001332,INV-882516,7/18/2025,2025-26,2025-07,Transportation & Infrastructure,V0012,Supplier 012,Construction Services,Standing Offer,PO-46671,"$5,349.58",Yes,EFT,FALSE,FALSE,FALSE,FALSE,FALSE,FALSE,FALSE,FALSE,0,Routine,FALSE,No predefined exception
PAY-000587,INV-222026,7/18/2025,2025-26,2025-07,Justice & Public Safety,V0058,Supplier 058,Software & Licensing,Standing Offer,PO-25958,"$3,293.72",Yes,EFT,FALSE,FALSE,FALSE,FALSE,FALSE,FALSE,FALSE,FALSE,0,Routine,FALSE,No predefined exception
PAY-002402,INV-499489,7/19/2025,2025-26,2025-07,Health Services,V0020,Supplier 020,Equipment,Open Competition,PO-76689,"$3,239.35",Yes,EFT,FALSE,FALSE,FALSE,FALSE,FALSE,FALSE,FALSE,FALSE,0,Routine,FALSE,No predefined exception
PAY-002122,INV-153019,7/19/2025,2025-26,2025-07,Justice & Public Safety,V0066,Supplier 066,IT Hardware,Standing Offer,PO-29996,"$6,263.28",Yes,EFT,FALSE,FALSE,FALSE,FALSE,FALSE,FALSE,FALSE,FALSE,0,Routine,FALSE,No predefined exception
PAY-001162,INV-207044,7/19/2025,2025-26,2025-07,Transportation & Infrastructure,V0073,Supplier 073,Transportation Services,Standing Offer,PO-42991,"$5,499.27",Yes,EFT,FALSE,FALSE,FALSE,FALSE,FALSE,FALSE,FALSE,FALSE,0,Routine,FALSE,No predefined exception
PAY-001139,INV-567143,7/20/2025,2025-26,2025-07,Justice & Public Safety,V0039,Supplier 039,Construction Services,Standing Offer,PO-36295,"$1,306.09",Yes,EFT,FALSE,FALSE,FALSE,FALSE,FALSE,FALSE,FALSE,FALSE,0,Routine,FALSE,No predefined exception
PAY-000823,INV-239133,7/20/2025,2025-26,2025-07,Natural Resources,V0039,Supplier 039,Software & Licensing,Invitational,PO-13417,$187.49,Yes,EFT,FALSE,FALSE,FALSE,FALSE,FALSE,FALSE,FALSE,FALSE,0,Routine,FALSE,No predefined exception
PAY-001390,INV-726787,7/20/2025,2025-26,2025-07,Justice & Public Safety,V0015,Supplier 015,Building Maintenance,Open Competition,PO-64598,$847.95,Yes,EFT,FALSE,FALSE,FALSE,FALSE,FALSE,FALSE,FALSE,FALSE,0,Routine,FALSE,No predefined exception
PAY-001079,INV-829668,7/20/2025,2025-26,2025-07,Transportation & Infrastructure,V0019,Supplier 019,Office Supplies,Open Competition,PO-57674,"$4,392.08",Yes,EFT,FALSE,FALSE,FALSE,FALSE,FALSE,FALSE,FALSE,FALSE,0,Routine,FALSE,No predefined exception
PAY-001955,INV-870543,7/20/2025,2025-26,2025-07,Transportation & Infrastructure,V0045,Supplier 045,Equipment,Standing Offer,PO-64058,"$1,419.50",Yes,Cheque,FALSE,FALSE,FALSE,FALSE,FALSE,FALSE,FALSE,FALSE,0,Routine,FALSE,No predefined exception
PAY-000897,INV-194202,7/20/2025,2025-26,2025-07,Health Services,V0069,Supplier 069,IT Hardware,Open Competition,PO-11628,"$2,473.20",Yes,EFT,FALSE,FALSE,FALSE,FALSE,FALSE,FALSE,FALSE,FALSE,0,Routine,FALSE,No predefined exception
PAY-001858,INV-649264,7/20/2025,2025-26,2025-07,Municipal Services,V0070,Supplier 070,Professional Services,Open Competition,PO-31859,$146.99,Yes,EFT,FALSE,FALSE,FALSE,FALSE,FALSE,FALSE,FALSE,FALSE,0,Routine,FALSE,No predefined exception
PAY-001285,INV-841067,7/21/2025,2025-26,2025-07,Municipal Services,V0059,Supplier 059,Construction Services,Standing Offer,PO-21085,"$1,253.91",Yes,EFT,FALSE,FALSE,FALSE,FALSE,FALSE,FALSE,FALSE,FALSE,0,Routine,FALSE,No predefined exception
PAY-000779,INV-258998,7/21/2025,2025-26,2025-07,Transportation & Infrastructure,V0007,Supplier 007,IT Hardware,Open Competition,PO-27949,$644.93,Yes,EFT,FALSE,FALSE,FALSE,FALSE,FALSE,FALSE,FALSE,FALSE,0,Routine,FALSE,No predefined exception
PAY-000262,INV-211776,7/21/2025,2025-26,2025-07,Municipal Services,V0039,Supplier 039,Professional Services,Invitational,PO-59185,$683.03,Yes,EFT,FALSE,FALSE,FALSE,FALSE,FALSE,FALSE,FALSE,FALSE,0,Routine,FALSE,No predefined exception
PAY-000288,INV-982799,7/21/2025,2025-26,2025-07,Digital Government,V0057,Supplier 057,Software & Licensing,Open Competition,PO-38015,$758.52,Yes,EFT,FALSE,FALSE,FALSE,FALSE,FALSE,FALSE,FALSE,FALSE,0,Routine,FALSE,No predefined exception
PAY-000201,INV-841204,7/22/2025,2025-26,2025-07,Education,V0002,Supplier 002,Training,Open Competition,PO-98961,"$9,990.00",Yes,Corporate Card,FALSE,FALSE,FALSE,TRUE,TRUE,FALSE,FALSE,FALSE,4,Higher,TRUE,Near hypothetical threshold; Statistical amount outlier
PAY-001233,INV-327444,7/22/2025,2025-26,2025-07,Transportation & Infrastructure,V0018,Supplier 018,Equipment,Open Competition,PO-41103,$912.10,Yes,Corporate Card,FALSE,FALSE,FALSE,FALSE,FALSE,FALSE,FALSE,FALSE,0,Routine,FALSE,No predefined exception
PAY-001382,INV-430825,7/22/2025,2025-26,2025-07,Natural Resources,V0073,Supplier 073,IT Hardware,Standing Offer,PO-21703,"$1,742.95",Yes,EFT,FALSE,FALSE,FALSE,FALSE,FALSE,FALSE,FALSE,FALSE,0,Routine,FALSE,No predefined exception
PAY-001674,INV-718634,7/22/2025,2025-26,2025-07,Education,V0004,Supplier 004,Professional Services,Invitational,PO-10388,"$8,450.37",Yes,EFT,FALSE,FALSE,FALSE,FALSE,FALSE,FALSE,FALSE,FALSE,0,Routine,FALSE,No predefined exception
PAY-000203,INV-261149,7/22/2025,2025-26,2025-07,Education,V0027,Supplier 027,Professional Services,Invitational,PO-26067,"$9,990.00",Yes,EFT,FALSE,FALSE,FALSE,TRUE,TRUE,FALSE,FALSE,FALSE,4,Higher,TRUE,Near hypothetical threshold; Statistical amount outlier
PAY-000283,INV-409044,7/22/2025,2025-26,2025-07,Education,V0058,Supplier 058,Office Supplies,Open Competition,PO-85462,"$1,061.43",Yes,EFT,FALSE,FALSE,FALSE,FALSE,FALSE,FALSE,FALSE,FALSE,0,Routine,FALSE,No predefined exception
PAY-000206,INV-289216,7/22/2025,2025-26,2025-07,Education,V0004,Supplier 004,Training,Standing Offer,PO-45794,"$9,995.00",Yes,Cheque,FALSE,FALSE,FALSE,TRUE,TRUE,FALSE,FALSE,FALSE,4,Higher,TRUE,Near hypothetical threshold; Statistical amount outlier
PAY-000196,INV-738071,7/22/2025,2025-26,2025-07,Justice & Public Safety,V0023,Supplier 023,Professional Services,Standing Offer,PO-86668,"$1,035.39",Yes,EFT,FALSE,FALSE,FALSE,FALSE,FALSE,FALSE,FALSE,FALSE,0,Routine,FALSE,No predefined exception
PAY-000877,INV-701383,7/22/2025,2025-26,2025-07,Digital Government,V0021,Supplier 021,Building Maintenance,Open Competition,PO-99898,"$1,057.37",Yes,Corporate Card,FALSE,FALSE,FALSE,FALSE,FALSE,FALSE,FALSE,FALSE,0,Routine,FALSE,No predefined exception
PAY-000989,INV-485105,7/22/2025,2025-26,2025-07,Digital Government,V0077,Supplier 077,IT Hardware,Standing Offer,PO-61645,"$1,999.92",Yes,EFT,FALSE,FALSE,FALSE,FALSE,FALSE,FALSE,FALSE,FALSE,0,Routine,FALSE,No predefined exception
PAY-000362,INV-811823,7/23/2025,2025-26,2025-07,Digital Government,V0022,Supplier 022,Training,Open Competition,PO-33583,"$4,340.79",Yes,Cheque,FALSE,FALSE,FALSE,FALSE,FALSE,FALSE,FALSE,FALSE,0,Routine,FALSE,No predefined exception
PAY-001614,INV-512857,7/23/2025,2025-26,2025-07,Transportation & Infrastructure,V0003,Supplier 003,Office Supplies,Open Competition,PO-50755,"$4,492.47",Yes,EFT,FALSE,FALSE,FALSE,FALSE,FALSE,FALSE,FALSE,FALSE,0,Routine,FALSE,No predefined exception
PAY-000535,INV-519876,7/23/2025,2025-26,2025-07,Municipal Services,V0048,Supplier 048,Training,Invitational,PO-38359,"$1,240.48",Yes,EFT,FALSE,FALSE,FALSE,FALSE,FALSE,FALSE,FALSE,FALSE,0,Routine,FALSE,No predefined exception
PAY-002060,INV-177924,7/23/2025,2025-26,2025-07,Municipal Services,V0054,Supplier 054,IT Hardware,Standing Offer,PO-19695,$939.63,Yes,Cheque,FALSE,FALSE,FALSE,FALSE,FALSE,FALSE,FALSE,FALSE,0,Routine,FALSE,No predefined exception
PAY-002349,INV-691293,7/23/2025,2025-26,2025-07,Digital Government,V0075,Supplier 075,Construction Services,Open Competition,PO-83251,"$5,275.48",Yes,EFT,FALSE,FALSE,FALSE,FALSE,FALSE,FALSE,FALSE,FALSE,0,Routine,FALSE,No predefined exception
PAY-001234,INV-440716,7/23/2025,2025-26,2025-07,Municipal Services,V0064,Supplier 064,Professional Services,Open Competition,PO-88938,"$2,709.07",Yes,EFT,FALSE,FALSE,FALSE,FALSE,FALSE,FALSE,FALSE,FALSE,0,Routine,FALSE,No predefined exception
PAY-001115,INV-989694,7/24/2025,2025-26,2025-07,Municipal Services,V0046,Supplier 046,Construction Services,Sole Source,PO-63520,"$21,498.26",Yes,EFT,FALSE,FALSE,FALSE,FALSE,TRUE,TRUE,FALSE,FALSE,4,Higher,TRUE,Statistical amount outlier; Higher-value sole-source transaction
PAY-002328,INV-264244,7/24/2025,2025-26,2025-07,Transportation & Infrastructure,V0050,Supplier 050,Building Maintenance,Invitational,PO-26734,"$1,601.20",Yes,EFT,FALSE,FALSE,FALSE,FALSE,FALSE,FALSE,FALSE,FALSE,0,Routine,FALSE,No predefined exception
PAY-000531,INV-467508,7/24/2025,2025-26,2025-07,Justice & Public Safety,V0071,Supplier 071,Building Maintenance,Open Competition,,"$9,088.58",Yes,EFT,FALSE,FALSE,TRUE,FALSE,TRUE,FALSE,FALSE,FALSE,3,Moderate,TRUE,Missing purchase order; Statistical amount outlier
PAY-001620,INV-150713,7/24/2025,2025-26,2025-07,Health Services,V0042,Supplier 042,Construction Services,Standing Offer,PO-50510,"$4,733.54",Yes,EFT,FALSE,FALSE,FALSE,FALSE,FALSE,FALSE,FALSE,FALSE,0,Routine,FALSE,No predefined exception
PAY-001317,INV-822496,7/24/2025,2025-26,2025-07,Education,V0048,Supplier 048,Software & Licensing,Open Competition,PO-39107,"$2,390.17",Yes,EFT,FALSE,FALSE,FALSE,FALSE,FALSE,FALSE,FALSE,FALSE,0,Routine,FALSE,No predefined exception
PAY-002305,INV-267973,7/25/2025,2025-26,2025-07,Transportation & Infrastructure,V0051,Supplier 051,Building Maintenance,Open Competition,PO-34811,"$1,476.69",Yes,EFT,FALSE,FALSE,FALSE,FALSE,FALSE,FALSE,FALSE,FALSE,0,Routine,FALSE,No predefined exception
PAY-002464,INV-910364,7/25/2025,2025-26,2025-07,Justice & Public Safety,V0016,Supplier 016,Transportation Services,Standing Offer,PO-29979,"$1,509.84",Yes,EFT,FALSE,FALSE,FALSE,FALSE,FALSE,FALSE,FALSE,FALSE,0,Routine,FALSE,No predefined exception
PAY-001829,INV-510609,7/25/2025,2025-26,2025-07,Justice & Public Safety,V0052,Supplier 052,Office Supplies,Standing Offer,PO-14418,"$6,095.94",Yes,EFT,FALSE,FALSE,FALSE,FALSE,FALSE,FALSE,FALSE,FALSE,0,Routine,FALSE,No predefined exception
PAY-000281,INV-448951,7/25/2025,2025-26,2025-07,Education,V0063,Supplier 063,Office Supplies,Open Competition,PO-27958,"$1,008.14",Yes,EFT,FALSE,FALSE,FALSE,FALSE,FALSE,FALSE,FALSE,FALSE,0,Routine,FALSE,No predefined exception
PAY-000346,INV-326179,7/25/2025,2025-26,2025-07,Natural Resources,V0063,Supplier 063,Office Supplies,Open Competition,PO-70634,"$13,063.69",Yes,EFT,FALSE,FALSE,FALSE,FALSE,TRUE,FALSE,FALSE,FALSE,2,Moderate,TRUE,Statistical amount outlier
PAY-000178,INV-473145,7/25/2025,2025-26,2025-07,Municipal Services,V0041,Supplier 041,Training,Open Competition,PO-78517,"$1,904.13",Yes,EFT,FALSE,FALSE,FALSE,FALSE,FALSE,FALSE,FALSE,FALSE,0,Routine,FALSE,No predefined exception
PAY-001922,INV-986408,7/26/2025,2025-26,2025-07,Natural Resources,V0067,Supplier 067,Equipment,Open Competition,PO-76696,"$4,174.24",Yes,EFT,FALSE,FALSE,FALSE,FALSE,FALSE,FALSE,FALSE,FALSE,0,Routine,FALSE,No predefined exception
PAY-001788,INV-720804,7/26/2025,2025-26,2025-07,Education,V0010,Supplier 010,Professional Services,Invitational,PO-19431,"$5,653.44",Yes,EFT,FALSE,FALSE,FALSE,FALSE,FALSE,FALSE,FALSE,FALSE,0,Routine,FALSE,No predefined exception
PAY-001462,INV-776419,7/26/2025,2025-26,2025-07,Justice & Public Safety,V0071,Supplier 071,Office Supplies,Invitational,PO-47807,"$3,700.26",Yes,EFT,FALSE,FALSE,FALSE,FALSE,FALSE,FALSE,FALSE,FALSE,0,Routine,FALSE,No predefined exception
PAY-000440,INV-960931,7/26/2025,2025-26,2025-07,Transportation & Infrastructure,V0035,Supplier 035,Transportation Services,Open Competition,PO-54874,"$6,822.10",Yes,EFT,FALSE,FALSE,FALSE,FALSE,FALSE,FALSE,FALSE,FALSE,0,Routine,FALSE,No predefined exception
PAY-002408,INV-192091,7/26/2025,2025-26,2025-07,Digital Government,V0071,Supplier 071,Equipment,Open Competition,PO-86323,"$2,532.57",Yes,EFT,FALSE,FALSE,FALSE,FALSE,FALSE,FALSE,FALSE,FALSE,0,Routine,FALSE,No predefined exception
PAY-002130,INV-862473,7/26/2025,2025-26,2025-07,Municipal Services,V0031,Supplier 031,Software & Licensing,Open Competition,PO-33968,"$1,768.42",Yes,EFT,FALSE,FALSE,FALSE,FALSE,FALSE,FALSE,FALSE,FALSE,0,Routine,FALSE,No predefined exception
PAY-001350,INV-549871,7/26/2025,2025-26,2025-07,Health Services,V0038,Supplier 038,Construction Services,Standing Offer,,"$2,602.86",Yes,EFT,FALSE,FALSE,TRUE,FALSE,FALSE,FALSE,FALSE,FALSE,1,Routine,FALSE,Missing purchase order
PAY-000654,INV-836854,7/26/2025,2025-26,2025-07,Municipal Services,V0030,Supplier 030,Construction Services,Open Competition,PO-91478,"$3,130.36",Yes,EFT,FALSE,FALSE,FALSE,FALSE,FALSE,FALSE,FALSE,FALSE,0,Routine,FALSE,No predefined exception
PAY-002499,INV-483609,7/26/2025,2025-26,2025-07,Transportation & Infrastructure,V0026,Supplier 026,Transportation Services,Standing Offer,PO-78464,"$15,063.10",Yes,EFT,FALSE,FALSE,FALSE,FALSE,TRUE,FALSE,FALSE,FALSE,2,Moderate,TRUE,Statistical amount outlier
PAY-001173,INV-170309,7/26/2025,2025-26,2025-07,Municipal Services,V0008,Supplier 008,Building Maintenance,Standing Offer,PO-88121,"$1,674.01",Yes,EFT,FALSE,FALSE,FALSE,FALSE,FALSE,FALSE,FALSE,FALSE,0,Routine,FALSE,No predefined exception
PAY-002150,INV-588161,7/26/2025,2025-26,2025-07,Natural Resources,V0030,Supplier 030,Equipment,Standing Offer,PO-20370,"$2,179.83",Yes,Cheque,FALSE,FALSE,FALSE,FALSE,FALSE,FALSE,FALSE,FALSE,0,Routine,FALSE,No predefined exception
PAY-000983,INV-850046,7/27/2025,2025-26,2025-07,Digital Government,V0035,Supplier 035,Software & Licensing,Open Competition,PO-23635,"$4,151.97",Yes,EFT,FALSE,FALSE,FALSE,FALSE,FALSE,FALSE,FALSE,FALSE,0,Routine,FALSE,No predefined exception
PAY-000972,INV-578997,7/27/2025,2025-26,2025-07,Natural Resources,V0018,Supplier 018,Training,Open Competition,PO-95499,"$1,759.58",Yes,Cheque,FALSE,FALSE,FALSE,FALSE,FALSE,FALSE,FALSE,FALSE,0,Routine,FALSE,No predefined exception
PAY-001208,INV-701513,7/27/2025,2025-26,2025-07,Justice & Public Safety,V0044,Supplier 044,Construction Services,Open Competition,,"$1,012.01",Yes,EFT,FALSE,FALSE,TRUE,FALSE,FALSE,FALSE,FALSE,FALSE,1,Routine,FALSE,Missing purchase order
PAY-001975,INV-858685,7/27/2025,2025-26,2025-07,Health Services,V0057,Supplier 057,Building Maintenance,Standing Offer,PO-74963,"$2,523.72",Yes,EFT,FALSE,FALSE,FALSE,FALSE,FALSE,FALSE,FALSE,FALSE,0,Routine,FALSE,No predefined exception
PAY-002330,INV-164340,7/27/2025,2025-26,2025-07,Digital Government,V0051,Supplier 051,Construction Services,Open Competition,PO-32313,"$4,883.80",Yes,Corporate Card,FALSE,FALSE,FALSE,FALSE,FALSE,FALSE,FALSE,FALSE,0,Routine,FALSE,No predefined exception
PAY-000770,INV-305827,7/27/2025,2025-26,2025-07,Health Services,V0007,Supplier 007,Building Maintenance,Invitational,PO-45364,"$6,894.47",Yes,EFT,FALSE,FALSE,FALSE,FALSE,FALSE,FALSE,FALSE,FALSE,0,Routine,FALSE,No predefined exception
PAY-001096,INV-477218,7/27/2025,2025-26,2025-07,Digital Government,V0060,Supplier 060,Software & Licensing,Standing Offer,PO-42259,"$1,730.71",Yes,Cheque,FALSE,FALSE,FALSE,FALSE,FALSE,FALSE,FALSE,FALSE,0,Routine,FALSE,No predefined exception
PAY-002199,INV-158408,7/27/2025,2025-26,2025-07,Transportation & Infrastructure,V0062,Supplier 062,Equipment,Invitational,PO-65180,"$6,191.09",Yes,EFT,FALSE,FALSE,FALSE,FALSE,FALSE,FALSE,FALSE,FALSE,0,Routine,FALSE,No predefined exception
PAY-000452,INV-320326,7/27/2025,2025-26,2025-07,Municipal Services,V0056,Supplier 056,IT Hardware,Invitational,PO-65441,"$8,302.18",Yes,EFT,FALSE,FALSE,FALSE,FALSE,FALSE,FALSE,FALSE,FALSE,0,Routine,FALSE,No predefined exception
PAY-002012,INV-703841,7/28/2025,2025-26,2025-07,Municipal Services,V0065,Supplier 065,Professional Services,Standing Offer,PO-73012,"$1,102.46",Yes,EFT,FALSE,FALSE,FALSE,FALSE,FALSE,FALSE,FALSE,FALSE,0,Routine,FALSE,No predefined exception
PAY-002058,INV-656664,7/28/2025,2025-26,2025-07,Health Services,V0021,Supplier 021,Transportation Services,Open Competition,PO-96481,"$1,188.87",Yes,EFT,FALSE,FALSE,FALSE,FALSE,FALSE,FALSE,FALSE,FALSE,0,Routine,FALSE,No predefined exception
PAY-002235,INV-138346,7/28/2025,2025-26,2025-07,Education,V0017,Supplier 017,Equipment,Invitational,PO-88872,"$3,201.04",Yes,EFT,FALSE,FALSE,FALSE,FALSE,FALSE,FALSE,FALSE,FALSE,0,Routine,FALSE,No predefined exception
PAY-000722,INV-136160,7/28/2025,2025-26,2025-07,Digital Government,V0007,Supplier 007,Software & Licensing,Standing Offer,PO-70216,"$26,397.43",Yes,EFT,FALSE,FALSE,FALSE,FALSE,TRUE,FALSE,FALSE,FALSE,2,Moderate,TRUE,Statistical amount outlier
PAY-001296,INV-307302,7/28/2025,2025-26,2025-07,Natural Resources,V0015,Supplier 015,Office Supplies,Standing Offer,PO-74566,$613.38,Yes,Cheque,FALSE,FALSE,FALSE,FALSE,FALSE,FALSE,FALSE,FALSE,0,Routine,FALSE,No predefined exception
PAY-001884,INV-764164,7/28/2025,2025-26,2025-07,Health Services,V0008,Supplier 008,Equipment,Open Competition,PO-55002,"$5,424.14",Yes,EFT,FALSE,FALSE,FALSE,FALSE,FALSE,FALSE,FALSE,FALSE,0,Routine,FALSE,No predefined exception
PAY-000433,INV-498845,7/29/2025,2025-26,2025-07,Justice & Public Safety,V0072,Supplier 072,Software & Licensing,Open Competition,PO-48718,"$4,826.06",Yes,EFT,FALSE,FALSE,FALSE,FALSE,FALSE,FALSE,FALSE,FALSE,0,Routine,FALSE,No predefined exception
PAY-001311,INV-396952,7/29/2025,2025-26,2025-07,Municipal Services,V0076,Supplier 076,Software & Licensing,Open Competition,PO-93146,"$2,394.39",Yes,EFT,FALSE,FALSE,FALSE,FALSE,FALSE,FALSE,FALSE,FALSE,0,Routine,FALSE,No predefined exception
PAY-001998,INV-939763,7/29/2025,2025-26,2025-07,Digital Government,V0008,Supplier 008,Professional Services,Invitational,PO-50887,"$1,457.02",Yes,Cheque,FALSE,FALSE,FALSE,FALSE,FALSE,FALSE,FALSE,FALSE,0,Routine,FALSE,No predefined exception
PAY-001272,INV-970793,7/29/2025,2025-26,2025-07,Education,V0072,Supplier 072,IT Hardware,Standing Offer,,"$3,646.26",Yes,EFT,FALSE,FALSE,TRUE,FALSE,FALSE,FALSE,FALSE,FALSE,1,Routine,FALSE,Missing purchase order
PAY-001582,INV-475574,7/29/2025,2025-26,2025-07,Natural Resources,V0032,Supplier 032,Building Maintenance,Standing Offer,PO-36719,"$1,788.08",Yes,EFT,FALSE,FALSE,FALSE,FALSE,FALSE,FALSE,FALSE,FALSE,0,Routine,FALSE,No predefined exception
PAY-000279,INV-823776,7/29/2025,2025-26,2025-07,Municipal Services,V0026,Supplier 026,Equipment,Open Competition,PO-21263,$898.69,Yes,EFT,FALSE,FALSE,FALSE,FALSE,FALSE,FALSE,FALSE,FALSE,0,Routine,FALSE,No predefined exception
PAY-001704,INV-199764,7/29/2025,2025-26,2025-07,Health Services,V0075,Supplier 075,IT Hardware,Standing Offer,PO-66501,$900.70,Yes,Cheque,FALSE,FALSE,FALSE,FALSE,FALSE,FALSE,FALSE,FALSE,0,Routine,FALSE,No predefined exception
PAY-002336,INV-509664,7/30/2025,2025-26,2025-07,Justice & Public Safety,V0014,Supplier 014,IT Hardware,Open Competition,PO-54758,"$3,581.02",Yes,EFT,FALSE,FALSE,FALSE,FALSE,FALSE,FALSE,FALSE,FALSE,0,Routine,FALSE,No predefined exception
PAY-000863,INV-116535,7/30/2025,2025-26,2025-07,Education,V0069,Supplier 069,Construction Services,Standing Offer,PO-28851,"$1,267.73",Yes,EFT,FALSE,FALSE,FALSE,FALSE,FALSE,FALSE,FALSE,FALSE,0,Routine,FALSE,No predefined exception
PAY-002207,INV-950712,7/30/2025,2025-26,2025-07,Municipal Services,V0048,Supplier 048,Construction Services,Sole Source,PO-97411,"$1,569.69",Yes,EFT,FALSE,FALSE,FALSE,FALSE,FALSE,FALSE,FALSE,FALSE,0,Routine,FALSE,No predefined exception
PAY-001992,INV-219324,7/30/2025,2025-26,2025-07,Digital Government,V0032,Supplier 032,Training,Open Competition,PO-23834,"$6,011.89",Yes,EFT,FALSE,FALSE,FALSE,FALSE,FALSE,FALSE,FALSE,FALSE,0,Routine,FALSE,No predefined exception
PAY-002317,INV-990733,7/30/2025,2025-26,2025-07,Transportation & Infrastructure,V0080,Supplier 080,Office Supplies,Invitational,PO-17539,"$4,219.48",Yes,EFT,FALSE,FALSE,FALSE,FALSE,FALSE,FALSE,FALSE,FALSE,0,Routine,FALSE,No predefined exception
PAY-000177,INV-113440,7/30/2025,2025-26,2025-07,Justice & Public Safety,V0029,Supplier 029,IT Hardware,Standing Offer,PO-59217,"$4,101.87",Yes,EFT,FALSE,FALSE,FALSE,FALSE,FALSE,FALSE,FALSE,FALSE,0,Routine,FALSE,No predefined exception
PAY-000689,INV-632125,7/31/2025,2025-26,2025-07,Municipal Services,V0029,Supplier 029,Training,Open Competition,,"$3,419.47",Yes,EFT,FALSE,FALSE,TRUE,FALSE,FALSE,FALSE,FALSE,FALSE,1,Routine,FALSE,Missing purchase order
PAY-001837,INV-498640,7/31/2025,2025-26,2025-07,Education,V0027,Supplier 027,Office Supplies,Standing Offer,PO-53220,"$4,061.38",Yes,EFT,FALSE,FALSE,FALSE,FALSE,FALSE,FALSE,FALSE,FALSE,0,Routine,FALSE,No predefined exception
PAY-000592,INV-607532,7/31/2025,2025-26,2025-07,Health Services,V0009,Supplier 009,Professional Services,Open Competition,,"$2,938.74",Yes,EFT,FALSE,FALSE,TRUE,FALSE,FALSE,FALSE,FALSE,FALSE,1,Routine,FALSE,Missing purchase order
PAY-000446,INV-356681,7/31/2025,2025-26,2025-07,Digital Government,V0064,Supplier 064,Building Maintenance,Invitational,PO-80714,$885.66,Yes,EFT,FALSE,FALSE,FALSE,FALSE,FALSE,FALSE,FALSE,FALSE,0,Routine,FALSE,No predefined exception
PAY-000612,INV-720343,7/31/2025,2025-26,2025-07,Natural Resources,V0044,Supplier 044,Software & Licensing,Invitational,,"$3,626.60",Yes,EFT,FALSE,FALSE,TRUE,FALSE,FALSE,FALSE,FALSE,FALSE,1,Routine,FALSE,Missing purchase order
PAY-000009,INV-800614,7/31/2025,2025-26,2025-07,Transportation & Infrastructure,V0018,Supplier 018,Building Maintenance,Open Competition,PO-30897,"$1,866.59",Yes,EFT,FALSE,FALSE,FALSE,FALSE,FALSE,FALSE,FALSE,FALSE,0,Routine,FALSE,No predefined exception
PAY-001877,INV-305728,7/31/2025,2025-26,2025-07,Transportation & Infrastructure,V0028,Supplier 028,Equipment,Standing Offer,PO-69484,"$2,045.06",Yes,EFT,FALSE,FALSE,FALSE,FALSE,FALSE,FALSE,FALSE,FALSE,0,Routine,FALSE,No predefined exception
PAY-000840,INV-610283,7/31/2025,2025-26,2025-07,Health Services,V0073,Supplier 073,Construction Services,Standing Offer,PO-89459,"$9,383.86",Yes,EFT,FALSE,FALSE,FALSE,FALSE,TRUE,FALSE,FALSE,FALSE,2,Moderate,TRUE,Statistical amount outlier
PAY-001365,INV-442962,7/31/2025,2025-26,2025-07,Health Services,V0055,Supplier 055,Professional Services,Standing Offer,PO-57213,"$1,577.44",Yes,EFT,FALSE,FALSE,FALSE,FALSE,FALSE,FALSE,FALSE,FALSE,0,Routine,FALSE,No predefined exception
PAY-001093,INV-770533,8/1/2025,2025-26,2025-08,Justice & Public Safety,V0049,Supplier 049,Construction Services,Invitational,PO-96126,"$1,027.05",Yes,EFT,FALSE,FALSE,FALSE,FALSE,FALSE,FALSE,FALSE,FALSE,0,Routine,FALSE,No predefined exception
PAY-001843,INV-775899,8/1/2025,2025-26,2025-08,Health Services,V0003,Supplier 003,Software & Licensing,Open Competition,PO-23374,$570.59,Yes,Cheque,FALSE,FALSE,FALSE,FALSE,FALSE,FALSE,FALSE,FALSE,0,Routine,FALSE,No predefined exception
PAY-001591,INV-270534,8/1/2025,2025-26,2025-08,Digital Government,V0017,Supplier 017,Training,Open Competition,PO-79661,"$2,832.85",Yes,EFT,FALSE,FALSE,FALSE,FALSE,FALSE,FALSE,FALSE,FALSE,0,Routine,FALSE,No predefined exception
PAY-000225,INV-905654,8/1/2025,2025-26,2025-08,Transportation & Infrastructure,V0061,Supplier 061,Professional Services,Sole Source,PO-86427,"$9,990.00",Yes,Cheque,FALSE,FALSE,FALSE,TRUE,TRUE,FALSE,FALSE,FALSE,4,Higher,TRUE,Near hypothetical threshold; Statistical amount outlier
PAY-002460,INV-281383,8/2/2025,2025-26,2025-08,Justice & Public Safety,V0067,Supplier 067,Software & Licensing,Invitational,PO-28036,"$8,744.74",Yes,EFT,FALSE,FALSE,FALSE,FALSE,FALSE,FALSE,FALSE,FALSE,0,Routine,FALSE,No predefined exception
PAY-000428,INV-979554,8/2/2025,2025-26,2025-08,Education,V0017,Supplier 017,Building Maintenance,Open Competition,PO-97533,$792.94,Yes,EFT,FALSE,FALSE,FALSE,FALSE,FALSE,FALSE,FALSE,FALSE,0,Routine,FALSE,No predefined exception
PAY-002151,INV-250534,8/2/2025,2025-26,2025-08,Health Services,V0010,Supplier 010,Transportation Services,Invitational,PO-16777,$517.00,Yes,EFT,FALSE,FALSE,FALSE,FALSE,FALSE,FALSE,FALSE,FALSE,0,Routine,FALSE,No predefined exception
PAY-001603,INV-165641,8/2/2025,2025-26,2025-08,Digital Government,V0055,Supplier 055,Equipment,Standing Offer,PO-71300,"$3,819.33",Yes,EFT,FALSE,FALSE,FALSE,FALSE,FALSE,FALSE,FALSE,FALSE,0,Routine,FALSE,No predefined exception
PAY-000236,INV-849856,8/2/2025,2025-26,2025-08,Transportation & Infrastructure,V0007,Supplier 007,IT Hardware,Open Competition,PO-46131,"$5,464.25",Yes,EFT,FALSE,FALSE,FALSE,FALSE,FALSE,FALSE,FALSE,FALSE,0,Routine,FALSE,No predefined exception
PAY-002254,INV-903051,8/3/2025,2025-26,2025-08,Digital Government,V0079,Supplier 079,Construction Services,Open Competition,PO-63586,"$1,264.41",Yes,EFT,FALSE,FALSE,FALSE,FALSE,FALSE,FALSE,FALSE,FALSE,0,Routine,FALSE,No predefined exception
PAY-001061,INV-638304,8/3/2025,2025-26,2025-08,Digital Government,V0040,Supplier 040,Software & Licensing,Standing Offer,PO-94536,"$35,292.21",Yes,EFT,FALSE,FALSE,FALSE,FALSE,TRUE,FALSE,FALSE,FALSE,2,Moderate,TRUE,Statistical amount outlier
PAY-001932,INV-463308,8/3/2025,2025-26,2025-08,Justice & Public Safety,V0042,Supplier 042,Building Maintenance,Open Competition,PO-78910,"$3,368.62",Yes,EFT,FALSE,FALSE,FALSE,FALSE,FALSE,FALSE,FALSE,FALSE,0,Routine,FALSE,No predefined exception
PAY-000400,INV-636119,8/3/2025,2025-26,2025-08,Digital Government,V0059,Supplier 059,Building Maintenance,Standing Offer,PO-84843,"$1,214.94",Yes,EFT,FALSE,FALSE,FALSE,FALSE,FALSE,FALSE,FALSE,FALSE,0,Routine,FALSE,No predefined exception
PAY-002208,INV-902194,8/3/2025,2025-26,2025-08,Health Services,V0013,Supplier 013,Office Supplies,Open Competition,PO-84864,"$1,936.51",Yes,EFT,FALSE,FALSE,FALSE,FALSE,FALSE,FALSE,FALSE,FALSE,0,Routine,FALSE,No predefined exception
PAY-002028,INV-440362,8/4/2025,2025-26,2025-08,Natural Resources,V0080,Supplier 080,Software & Licensing,Invitational,PO-87217,"$6,294.19",Yes,EFT,FALSE,FALSE,FALSE,FALSE,FALSE,FALSE,FALSE,FALSE,0,Routine,FALSE,No predefined exception
PAY-000819,INV-939141,8/4/2025,2025-26,2025-08,Natural Resources,V0011,Supplier 011,Professional Services,Standing Offer,PO-27355,"$4,681.07",Yes,EFT,FALSE,FALSE,FALSE,FALSE,FALSE,FALSE,FALSE,FALSE,0,Routine,FALSE,No predefined exception
PAY-000451,INV-905609,8/4/2025,2025-26,2025-08,Justice & Public Safety,V0007,Supplier 007,Software & Licensing,Invitational,PO-83606,$274.64,Yes,EFT,FALSE,FALSE,FALSE,FALSE,FALSE,FALSE,FALSE,FALSE,0,Routine,FALSE,No predefined exception
PAY-000639,INV-874124,8/4/2025,2025-26,2025-08,Health Services,V0052,Supplier 052,Professional Services,Open Competition,PO-79368,"$1,912.12",Yes,Cheque,FALSE,FALSE,FALSE,FALSE,FALSE,FALSE,FALSE,FALSE,0,Routine,FALSE,No predefined exception
PAY-000644,INV-327436,8/4/2025,2025-26,2025-08,Digital Government,V0038,Supplier 038,IT Hardware,Open Competition,PO-14200,"$2,511.63",Yes,EFT,FALSE,FALSE,FALSE,FALSE,FALSE,FALSE,FALSE,FALSE,0,Routine,FALSE,No predefined exception
PAY-002040,INV-198185,8/4/2025,2025-26,2025-08,Education,V0073,Supplier 073,Construction Services,Sole Source,PO-68856,"$22,882.20",Yes,EFT,FALSE,FALSE,FALSE,FALSE,TRUE,TRUE,FALSE,FALSE,4,Higher,TRUE,Statistical amount outlier; Higher-value sole-source transaction
PAY-000214,INV-994923,8/4/2025,2025-26,2025-08,Digital Government,V0021,Supplier 021,Software & Licensing,Open Competition,PO-90373,"$9,750.00",Yes,EFT,FALSE,FALSE,FALSE,TRUE,TRUE,FALSE,FALSE,FALSE,4,Higher,TRUE,Near hypothetical threshold; Statistical amount outlier
PAY-001866,INV-819005,8/5/2025,2025-26,2025-08,Municipal Services,V0003,Supplier 003,Transportation Services,Invitational,PO-99526,"$2,569.14",Yes,EFT,FALSE,FALSE,FALSE,FALSE,FALSE,FALSE,FALSE,FALSE,0,Routine,FALSE,No predefined exception
PAY-001148,INV-339646,8/5/2025,2025-26,2025-08,Health Services,V0037,Supplier 037,Training,Open Competition,PO-15556,"$3,096.83",Yes,EFT,FALSE,FALSE,FALSE,FALSE,FALSE,FALSE,FALSE,FALSE,0,Routine,FALSE,No predefined exception
PAY-000443,INV-583761,8/5/2025,2025-26,2025-08,Natural Resources,V0037,Supplier 037,Professional Services,Open Competition,PO-35618,$837.43,Yes,EFT,FALSE,FALSE,FALSE,FALSE,FALSE,FALSE,FALSE,FALSE,0,Routine,FALSE,No predefined exception
PAY-000366,INV-156116,8/5/2025,2025-26,2025-08,Education,V0061,Supplier 061,Software & Licensing,Open Competition,PO-21718,"$7,216.94",Yes,EFT,FALSE,FALSE,FALSE,FALSE,FALSE,FALSE,FALSE,FALSE,0,Routine,FALSE,No predefined exception
PAY-000883,INV-342330,8/5/2025,2025-26,2025-08,Natural Resources,V0063,Supplier 063,Construction Services,Standing Offer,PO-97599,$878.98,Yes,EFT,FALSE,FALSE,FALSE,FALSE,FALSE,FALSE,FALSE,FALSE,0,Routine,FALSE,No predefined exception
PAY-000352,INV-450036,8/6/2025,2025-26,2025-08,Education,V0076,Supplier 076,Construction Services,Open Competition,PO-13498,"$225,000.00",Yes,EFT,FALSE,FALSE,FALSE,FALSE,TRUE,FALSE,FALSE,FALSE,2,Moderate,TRUE,Statistical amount outlier
PAY-001314,INV-683247,8/6/2025,2025-26,2025-08,Health Services,V0013,Supplier 013,Software & Licensing,Standing Offer,PO-58478,"$3,675.14",Yes,EFT,FALSE,FALSE,FALSE,FALSE,FALSE,FALSE,FALSE,FALSE,0,Routine,FALSE,No predefined exception
PAY-002415,INV-635827,8/6/2025,2025-26,2025-08,Digital Government,V0058,Supplier 058,Transportation Services,Open Competition,PO-79345,"$9,077.45",Yes,EFT,FALSE,FALSE,FALSE,FALSE,TRUE,FALSE,FALSE,FALSE,2,Moderate,TRUE,Statistical amount outlier
PAY-000249,INV-544503,8/6/2025,2025-26,2025-08,Health Services,V0025,Supplier 025,IT Hardware,Open Competition,PO-87530,"$1,421.34",Yes,EFT,FALSE,FALSE,FALSE,FALSE,FALSE,FALSE,FALSE,FALSE,0,Routine,FALSE,No predefined exception
PAY-001339,INV-724705,8/6/2025,2025-26,2025-08,Transportation & Infrastructure,V0016,Supplier 016,Professional Services,Standing Offer,PO-79245,"$2,539.37",Yes,EFT,FALSE,FALSE,FALSE,FALSE,FALSE,FALSE,FALSE,FALSE,0,Routine,FALSE,No predefined exception
PAY-001185,INV-620114,8/6/2025,2025-26,2025-08,Health Services,V0001,Supplier 001,Training,Open Competition,PO-15135,"$1,166.56",Yes,Cheque,FALSE,FALSE,FALSE,FALSE,FALSE,FALSE,FALSE,FALSE,0,Routine,FALSE,No predefined exception
PAY-000171,INV-127302,8/6/2025,2025-26,2025-08,Justice & Public Safety,V0013,Supplier 013,Construction Services,Invitational,PO-64407,"$4,783.05",Yes,EFT,FALSE,FALSE,FALSE,FALSE,FALSE,FALSE,FALSE,FALSE,0,Routine,FALSE,No predefined exception
PAY-000305,INV-241900,8/6/2025,2025-26,2025-08,Education,V0006,Supplier 006,Office Supplies,Standing Offer,PO-24876,"$1,134.07",Yes,EFT,FALSE,FALSE,FALSE,FALSE,FALSE,FALSE,FALSE,FALSE,0,Routine,FALSE,No predefined exception
PAY-000100,INV-297780,8/7/2025,2025-26,2025-08,Digital Government,V0040,Supplier 040,IT Hardware,Invitational,PO-33838,"$4,421.97",Yes,EFT,FALSE,FALSE,FALSE,FALSE,FALSE,FALSE,FALSE,FALSE,0,Routine,FALSE,No predefined exception
PAY-000253,INV-525643,8/7/2025,2025-26,2025-08,Transportation & Infrastructure,V0012,Supplier 012,IT Hardware,Standing Offer,PO-23589,"$1,982.15",Yes,EFT,FALSE,FALSE,FALSE,FALSE,FALSE,FALSE,FALSE,FALSE,0,Routine,FALSE,No predefined exception
PAY-002047,INV-103771,8/7/2025,2025-26,2025-08,Health Services,V0053,Supplier 053,Professional Services,Open Competition,PO-87686,$381.78,Yes,EFT,FALSE,FALSE,FALSE,FALSE,FALSE,FALSE,FALSE,FALSE,0,Routine,FALSE,No predefined exception
PAY-001410,INV-123723,8/7/2025,2025-26,2025-08,Digital Government,V0050,Supplier 050,IT Hardware,Standing Offer,PO-25648,"$2,925.41",Yes,EFT,FALSE,FALSE,FALSE,FALSE,FALSE,FALSE,FALSE,FALSE,0,Routine,FALSE,No predefined exception
PAY-000444,INV-883566,8/7/2025,2025-26,2025-08,Health Services,V0013,Supplier 013,Construction Services,Invitational,PO-31882,"$2,221.16",Yes,EFT,FALSE,FALSE,FALSE,FALSE,FALSE,FALSE,FALSE,FALSE,0,Routine,FALSE,No predefined exception
PAY-002104,INV-485781,8/7/2025,2025-26,2025-08,Education,V0009,Supplier 009,Building Maintenance,Invitational,PO-26819,"$1,888.23",Yes,EFT,FALSE,FALSE,FALSE,FALSE,FALSE,FALSE,FALSE,FALSE,0,Routine,FALSE,No predefined exception
PAY-002296,INV-722561,8/8/2025,2025-26,2025-08,Justice & Public Safety,V0035,Supplier 035,Office Supplies,Sole Source,PO-78712,"$13,557.82",Yes,EFT,FALSE,FALSE,FALSE,FALSE,TRUE,TRUE,FALSE,FALSE,4,Higher,TRUE,Statistical amount outlier; Higher-value sole-source transaction
PAY-001732,INV-477224,8/8/2025,2025-26,2025-08,Natural Resources,V0042,Supplier 042,Construction Services,Invitational,PO-68301,"$3,131.83",Yes,EFT,FALSE,FALSE,FALSE,FALSE,FALSE,FALSE,FALSE,FALSE,0,Routine,FALSE,No predefined exception
PAY-002435,INV-478226,8/8/2025,2025-26,2025-08,Digital Government,V0005,Supplier 005,Transportation Services,Sole Source,PO-89544,"$1,037.75",Yes,EFT,FALSE,FALSE,FALSE,FALSE,FALSE,FALSE,FALSE,FALSE,0,Routine,FALSE,No predefined exception
PAY-002006,INV-526042,8/8/2025,2025-26,2025-08,Municipal Services,V0031,Supplier 031,Construction Services,Open Competition,PO-63323,"$1,763.54",Yes,EFT,FALSE,FALSE,FALSE,FALSE,FALSE,FALSE,FALSE,FALSE,0,Routine,FALSE,No predefined exception
PAY-001368,INV-880498,8/8/2025,2025-26,2025-08,Education,V0013,Supplier 013,Construction Services,Open Competition,,$748.86,Yes,EFT,FALSE,FALSE,TRUE,FALSE,FALSE,FALSE,FALSE,FALSE,1,Routine,FALSE,Missing purchase order
PAY-002281,INV-230466,8/8/2025,2025-26,2025-08,Municipal Services,V0071,Supplier 071,Professional Services,Invitational,PO-12140,"$4,988.60",Yes,EFT,FALSE,FALSE,FALSE,FALSE,FALSE,FALSE,FALSE,FALSE,0,Routine,FALSE,No predefined exception
PAY-001113,INV-387667,8/8/2025,2025-26,2025-08,Education,V0035,Supplier 035,Office Supplies,Sole Source,PO-10166,"$71,096.62",Yes,EFT,FALSE,FALSE,FALSE,FALSE,TRUE,TRUE,FALSE,FALSE,4,Higher,TRUE,Statistical amount outlier; Higher-value sole-source transaction
PAY-000215,INV-417231,8/8/2025,2025-26,2025-08,Natural Resources,V0074,Supplier 074,Building Maintenance,Open Competition,PO-63861,"$9,850.00",No,EFT,FALSE,FALSE,FALSE,TRUE,TRUE,FALSE,FALSE,TRUE,7,Higher,TRUE,Near hypothetical threshold; Statistical amount outlier; Approval exception
PAY-001959,INV-835733,8/8/2025,2025-26,2025-08,Justice & Public Safety,V0071,Supplier 071,IT Hardware,Open Competition,PO-76377,"$1,082.68",Yes,EFT,FALSE,FALSE,FALSE,FALSE,FALSE,FALSE,FALSE,FALSE,0,Routine,FALSE,No predefined exception
PAY-002388,INV-776079,8/8/2025,2025-26,2025-08,Digital Government,V0053,Supplier 053,Construction Services,Open Competition,PO-88603,"$4,190.52",Yes,EFT,FALSE,FALSE,FALSE,FALSE,FALSE,FALSE,FALSE,FALSE,0,Routine,FALSE,No predefined exception
PAY-002428,INV-491407,8/8/2025,2025-26,2025-08,Municipal Services,V0032,Supplier 032,Building Maintenance,Open Competition,PO-17121,"$2,075.75",Yes,EFT,FALSE,FALSE,FALSE,FALSE,FALSE,FALSE,FALSE,FALSE,0,Routine,FALSE,No predefined exception
PAY-001010,INV-435639,8/8/2025,2025-26,2025-08,Natural Resources,V0016,Supplier 016,Transportation Services,Open Competition,PO-75234,"$1,922.83",Yes,EFT,FALSE,FALSE,FALSE,FALSE,FALSE,FALSE,FALSE,FALSE,0,Routine,FALSE,No predefined exception
PAY-000208,INV-277169,8/8/2025,2025-26,2025-08,Transportation & Infrastructure,V0035,Supplier 035,Software & Licensing,Standing Offer,PO-48392,"$9,950.00",Yes,EFT,FALSE,FALSE,FALSE,TRUE,TRUE,FALSE,FALSE,FALSE,4,Higher,TRUE,Near hypothetical threshold; Statistical amount outlier
PAY-001934,INV-848462,8/9/2025,2025-26,2025-08,Natural Resources,V0003,Supplier 003,Transportation Services,Standing Offer,PO-64063,$643.27,Yes,EFT,FALSE,FALSE,FALSE,FALSE,FALSE,FALSE,FALSE,FALSE,0,Routine,FALSE,No predefined exception
PAY-000042,INV-629787,8/9/2025,2025-26,2025-08,Education,V0079,Supplier 079,Equipment,Open Competition,PO-78495,"$1,044.83",Yes,EFT,FALSE,FALSE,FALSE,FALSE,FALSE,FALSE,FALSE,FALSE,0,Routine,FALSE,No predefined exception
PAY-001242,INV-236149,8/9/2025,2025-26,2025-08,Education,V0066,Supplier 066,Training,Open Competition,PO-76543,"$4,097.33",Yes,EFT,FALSE,FALSE,FALSE,FALSE,FALSE,FALSE,FALSE,FALSE,0,Routine,FALSE,No predefined exception
PAY-000016,INV-558819,8/9/2025,2025-26,2025-08,Education,V0015,Supplier 015,Transportation Services,Standing Offer,PO-49583,"$2,033.04",Yes,EFT,FALSE,FALSE,FALSE,FALSE,FALSE,FALSE,FALSE,FALSE,0,Routine,FALSE,No predefined exception
PAY-000127,INV-748033,8/9/2025,2025-26,2025-08,Digital Government,V0019,Supplier 019,Transportation Services,Open Competition,PO-18127,"$5,081.76",Yes,EFT,FALSE,FALSE,FALSE,FALSE,FALSE,FALSE,FALSE,FALSE,0,Routine,FALSE,No predefined exception
PAY-001898,INV-971806,8/9/2025,2025-26,2025-08,Digital Government,V0032,Supplier 032,Software & Licensing,Open Competition,PO-79191,$420.37,Yes,EFT,FALSE,FALSE,FALSE,FALSE,FALSE,FALSE,FALSE,FALSE,0,Routine,FALSE,No predefined exception
PAY-001480,INV-468697,8/9/2025,2025-26,2025-08,Transportation & Infrastructure,V0021,Supplier 021,Building Maintenance,Invitational,PO-57155,"$1,501.65",Yes,EFT,FALSE,FALSE,FALSE,FALSE,FALSE,FALSE,FALSE,FALSE,0,Routine,FALSE,No predefined exception
PAY-001418,INV-513757,8/9/2025,2025-26,2025-08,Education,V0028,Supplier 028,Software & Licensing,Standing Offer,PO-19074,"$2,352.27",Yes,EFT,FALSE,FALSE,FALSE,FALSE,FALSE,FALSE,FALSE,FALSE,0,Routine,FALSE,No predefined exception
PAY-000276,INV-408474,8/9/2025,2025-26,2025-08,Natural Resources,V0075,Supplier 075,Equipment,Invitational,PO-38821,"$1,295.01",Yes,EFT,FALSE,FALSE,FALSE,FALSE,FALSE,FALSE,FALSE,FALSE,0,Routine,FALSE,No predefined exception
PAY-002096,INV-618993,8/10/2025,2025-26,2025-08,Natural Resources,V0029,Supplier 029,Professional Services,Open Competition,PO-34630,"$8,144.91",Yes,EFT,FALSE,FALSE,FALSE,FALSE,FALSE,FALSE,FALSE,FALSE,0,Routine,FALSE,No predefined exception
PAY-002176,INV-882046,8/10/2025,2025-26,2025-08,Natural Resources,V0010,Supplier 010,Office Supplies,Open Competition,PO-56794,"$4,304.24",Yes,EFT,FALSE,FALSE,FALSE,FALSE,FALSE,FALSE,FALSE,FALSE,0,Routine,FALSE,No predefined exception
PAY-001049,INV-569984,8/10/2025,2025-26,2025-08,Justice & Public Safety,V0048,Supplier 048,Software & Licensing,Invitational,PO-36281,$530.93,Yes,EFT,FALSE,FALSE,FALSE,FALSE,FALSE,FALSE,FALSE,FALSE,0,Routine,FALSE,No predefined exception
PAY-000626,INV-887839,8/10/2025,2025-26,2025-08,Natural Resources,V0073,Supplier 073,Software & Licensing,Standing Offer,PO-93364,"$8,296.04",Yes,EFT,FALSE,FALSE,FALSE,FALSE,FALSE,FALSE,FALSE,FALSE,0,Routine,FALSE,No predefined exception
PAY-001238,INV-366285,8/10/2025,2025-26,2025-08,Municipal Services,V0041,Supplier 041,Construction Services,Standing Offer,PO-68219,"$3,504.74",Yes,EFT,FALSE,FALSE,FALSE,FALSE,FALSE,FALSE,FALSE,FALSE,0,Routine,FALSE,No predefined exception
PAY-001145,INV-883123,8/11/2025,2025-26,2025-08,Transportation & Infrastructure,V0022,Supplier 022,IT Hardware,Standing Offer,PO-32451,"$2,025.18",Yes,Cheque,FALSE,FALSE,FALSE,FALSE,FALSE,FALSE,FALSE,FALSE,0,Routine,FALSE,No predefined exception
PAY-001652,INV-775025,8/11/2025,2025-26,2025-08,Health Services,V0037,Supplier 037,Building Maintenance,Open Competition,PO-58998,$991.51,Yes,Cheque,FALSE,FALSE,FALSE,FALSE,FALSE,FALSE,FALSE,FALSE,0,Routine,FALSE,No predefined exception
PAY-000981,INV-959613,8/11/2025,2025-26,2025-08,Natural Resources,V0033,Supplier 033,Equipment,Open Competition,PO-10785,"$3,077.91",Yes,EFT,FALSE,FALSE,FALSE,FALSE,FALSE,FALSE,FALSE,FALSE,0,Routine,FALSE,No predefined exception
PAY-002474,INV-871279,8/11/2025,2025-26,2025-08,Municipal Services,V0056,Supplier 056,Construction Services,Standing Offer,PO-27722,"$1,645.78",Yes,EFT,FALSE,FALSE,FALSE,FALSE,FALSE,FALSE,FALSE,FALSE,0,Routine,FALSE,No predefined exception
PAY-001984,INV-371334,8/11/2025,2025-26,2025-08,Municipal Services,V0034,Supplier 034,Software & Licensing,Standing Offer,PO-56662,"$2,230.85",Yes,EFT,FALSE,FALSE,FALSE,FALSE,FALSE,FALSE,FALSE,FALSE,0,Routine,FALSE,No predefined exception
PAY-002135,INV-615971,8/11/2025,2025-26,2025-08,Natural Resources,V0026,Supplier 026,Construction Services,Standing Offer,PO-24432,"$4,495.31",Yes,EFT,FALSE,FALSE,FALSE,FALSE,FALSE,FALSE,FALSE,FALSE,0,Routine,FALSE,No predefined exception
PAY-000807,INV-657373,8/11/2025,2025-26,2025-08,Natural Resources,V0054,Supplier 054,Equipment,Open Competition,PO-58098,"$2,864.39",Yes,EFT,FALSE,FALSE,FALSE,FALSE,FALSE,FALSE,FALSE,FALSE,0,Routine,FALSE,No predefined exception
PAY-000745,INV-592508,8/11/2025,2025-26,2025-08,Health Services,V0007,Supplier 007,IT Hardware,Open Competition,PO-16173,"$9,335.22",Yes,EFT,FALSE,FALSE,FALSE,FALSE,TRUE,FALSE,FALSE,FALSE,2,Moderate,TRUE,Statistical amount outlier
PAY-000593,INV-835053,8/11/2025,2025-26,2025-08,Natural Resources,V0037,Supplier 037,Office Supplies,Invitational,PO-20334,"$1,476.69",Yes,EFT,FALSE,FALSE,FALSE,FALSE,FALSE,FALSE,FALSE,FALSE,0,Routine,FALSE,No predefined exception
PAY-000850,INV-237815,8/11/2025,2025-26,2025-08,Municipal Services,V0041,Supplier 041,Building Maintenance,Open Competition,PO-50090,"$3,491.66",Yes,EFT,FALSE,FALSE,FALSE,FALSE,FALSE,FALSE,FALSE,FALSE,0,Routine,FALSE,No predefined exception
PAY-000655,INV-444912,8/12/2025,2025-26,2025-08,Transportation & Infrastructure,V0042,Supplier 042,IT Hardware,Open Competition,PO-59223,"$3,524.81",Yes,EFT,FALSE,FALSE,FALSE,FALSE,FALSE,FALSE,FALSE,FALSE,0,Routine,FALSE,No predefined exception
PAY-001356,INV-280324,8/12/2025,2025-26,2025-08,Health Services,V0008,Supplier 008,Equipment,Standing Offer,PO-27265,"$7,305.61",Yes,EFT,FALSE,FALSE,FALSE,FALSE,FALSE,FALSE,FALSE,FALSE,0,Routine,FALSE,No predefined exception
PAY-000971,INV-859072,8/12/2025,2025-26,2025-08,Transportation & Infrastructure,V0003,Supplier 003,Building Maintenance,Invitational,PO-77053,"$2,157.71",Yes,EFT,FALSE,FALSE,FALSE,FALSE,FALSE,FALSE,FALSE,FALSE,0,Routine,FALSE,No predefined exception
PAY-001074,INV-227101,8/12/2025,2025-26,2025-08,Digital Government,V0064,Supplier 064,Building Maintenance,Open Competition,PO-56312,$938.67,Yes,EFT,FALSE,FALSE,FALSE,FALSE,FALSE,FALSE,FALSE,FALSE,0,Routine,FALSE,No predefined exception
PAY-001128,INV-186373,8/12/2025,2025-26,2025-08,Health Services,V0044,Supplier 044,Office Supplies,Open Competition,PO-76414,"$1,028.40",Yes,EFT,FALSE,FALSE,FALSE,FALSE,FALSE,FALSE,FALSE,FALSE,0,Routine,FALSE,No predefined exception
PAY-002379,INV-244378,8/12/2025,2025-26,2025-08,Municipal Services,V0067,Supplier 067,IT Hardware,Open Competition,PO-91911,$626.71,Yes,EFT,FALSE,FALSE,FALSE,FALSE,FALSE,FALSE,FALSE,FALSE,0,Routine,FALSE,No predefined exception
PAY-000163,INV-289167,8/12/2025,2025-26,2025-08,Municipal Services,V0079,Supplier 079,Construction Services,Standing Offer,PO-18174,"$9,207.95",Yes,EFT,FALSE,FALSE,FALSE,FALSE,TRUE,FALSE,FALSE,FALSE,2,Moderate,TRUE,Statistical amount outlier
PAY-001718,INV-543931,8/12/2025,2025-26,2025-08,Education,V0019,Supplier 019,Construction Services,Sole Source,PO-26834,$969.82,Yes,EFT,FALSE,FALSE,FALSE,FALSE,FALSE,FALSE,FALSE,FALSE,0,Routine,FALSE,No predefined exception
PAY-000044,INV-393459,8/13/2025,2025-26,2025-08,Health Services,V0022,Supplier 022,Training,Open Competition,PO-81600,"$2,111.32",Yes,EFT,FALSE,FALSE,FALSE,FALSE,FALSE,FALSE,FALSE,FALSE,0,Routine,FALSE,No predefined exception
PAY-000303,INV-366907,8/13/2025,2025-26,2025-08,Education,V0077,Supplier 077,Professional Services,Invitational,PO-83285,"$4,575.76",Yes,EFT,FALSE,FALSE,FALSE,FALSE,FALSE,FALSE,FALSE,FALSE,0,Routine,FALSE,No predefined exception
PAY-000111,INV-100363,8/13/2025,2025-26,2025-08,Digital Government,V0070,Supplier 070,Construction Services,Invitational,PO-56072,"$4,460.18",Yes,Cheque,TRUE,FALSE,FALSE,FALSE,FALSE,FALSE,FALSE,FALSE,3,Moderate,TRUE,Potential duplicate
PAY-DUP-011,INV-100363,8/13/2025,2025-26,2025-08,Digital Government,V0070,Supplier 070,Construction Services,Invitational,PO-56072,"$4,460.18",Yes,Cheque,TRUE,FALSE,FALSE,FALSE,FALSE,FALSE,FALSE,FALSE,3,Moderate,TRUE,Potential duplicate
PAY-000693,INV-468946,8/14/2025,2025-26,2025-08,Health Services,V0053,Supplier 053,IT Hardware,Open Competition,PO-48829,$880.06,Yes,EFT,FALSE,FALSE,FALSE,FALSE,FALSE,FALSE,FALSE,FALSE,0,Routine,FALSE,No predefined exception
PAY-000101,INV-551448,8/14/2025,2025-26,2025-08,Municipal Services,V0014,Supplier 014,IT Hardware,Open Competition,PO-57995,"$5,624.68",Yes,Cheque,TRUE,FALSE,FALSE,FALSE,FALSE,FALSE,FALSE,FALSE,3,Moderate,TRUE,Potential duplicate
PAY-DUP-001,INV-551448,8/14/2025,2025-26,2025-08,Municipal Services,V0014,Supplier 014,IT Hardware,Open Competition,PO-57995,"$5,624.68",Yes,Cheque,TRUE,FALSE,FALSE,FALSE,FALSE,FALSE,FALSE,FALSE,3,Moderate,TRUE,Potential duplicate
PAY-002169,INV-122936,8/14/2025,2025-26,2025-08,Digital Government,V0066,Supplier 066,Building Maintenance,Invitational,PO-48095,"$4,810.65",Yes,EFT,FALSE,FALSE,FALSE,FALSE,FALSE,FALSE,FALSE,FALSE,0,Routine,FALSE,No predefined exception
PAY-002274,INV-303460,8/14/2025,2025-26,2025-08,Justice & Public Safety,V0077,Supplier 077,Professional Services,Open Competition,PO-75245,"$4,736.69",Yes,Cheque,FALSE,FALSE,FALSE,FALSE,FALSE,FALSE,FALSE,FALSE,0,Routine,FALSE,No predefined exception
PAY-002321,INV-307580,8/14/2025,2025-26,2025-08,Health Services,V0024,Supplier 024,Building Maintenance,Open Competition,PO-80602,"$2,461.22",Yes,EFT,FALSE,FALSE,FALSE,FALSE,FALSE,FALSE,FALSE,FALSE,0,Routine,FALSE,No predefined exception
PAY-000618,INV-358072,8/14/2025,2025-26,2025-08,Digital Government,V0006,Supplier 006,Equipment,Sole Source,,"$4,426.92",Yes,EFT,FALSE,FALSE,TRUE,FALSE,FALSE,FALSE,FALSE,FALSE,1,Routine,FALSE,Missing purchase order
PAY-002063,INV-671025,8/14/2025,2025-26,2025-08,Health Services,V0038,Supplier 038,Building Maintenance,Open Competition,PO-39402,"$2,308.77",Yes,EFT,FALSE,FALSE,FALSE,FALSE,FALSE,FALSE,FALSE,FALSE,0,Routine,FALSE,No predefined exception
PAY-001106,INV-246692,8/14/2025,2025-26,2025-08,Education,V0071,Supplier 071,IT Hardware,Sole Source,PO-23549,"$29,938.79",Yes,EFT,FALSE,FALSE,FALSE,FALSE,TRUE,TRUE,FALSE,FALSE,4,Higher,TRUE,Statistical amount outlier; Higher-value sole-source transaction
PAY-001170,INV-334085,8/15/2025,2025-26,2025-08,Transportation & Infrastructure,V0029,Supplier 029,Equipment,Open Competition,PO-20209,"$31,370.16",Yes,EFT,FALSE,FALSE,FALSE,FALSE,TRUE,FALSE,FALSE,FALSE,2,Moderate,TRUE,Statistical amount outlier
PAY-001026,INV-155182,8/15/2025,2025-26,2025-08,Education,V0046,Supplier 046,Training,Open Competition,PO-33245,"$3,623.08",Yes,EFT,FALSE,FALSE,FALSE,FALSE,FALSE,FALSE,FALSE,FALSE,0,Routine,FALSE,No predefined exception
PAY-001593,INV-972089,8/15/2025,2025-26,2025-08,Justice & Public Safety,V0005,Supplier 005,Software & Licensing,Open Competition,PO-67039,"$3,083.15",Yes,EFT,FALSE,FALSE,FALSE,FALSE,FALSE,FALSE,FALSE,FALSE,0,Routine,FALSE,No predefined exception
PAY-000183,INV-440053,8/15/2025,2025-26,2025-08,Digital Government,V0002,Supplier 002,Building Maintenance,Standing Offer,PO-13534,"$2,086.93",Yes,EFT,FALSE,FALSE,FALSE,FALSE,FALSE,FALSE,FALSE,FALSE,0,Routine,FALSE,No predefined exception
PAY-001464,INV-248620,8/15/2025,2025-26,2025-08,Health Services,V0052,Supplier 052,Building Maintenance,Open Competition,PO-59270,"$2,444.45",No,EFT,FALSE,FALSE,FALSE,FALSE,FALSE,FALSE,FALSE,TRUE,3,Moderate,TRUE,Approval exception
PAY-000809,INV-806014,8/16/2025,2025-26,2025-08,Transportation & Infrastructure,V0074,Supplier 074,Office Supplies,Invitational,PO-82540,"$3,274.52",Yes,EFT,FALSE,FALSE,FALSE,FALSE,FALSE,FALSE,FALSE,FALSE,0,Routine,FALSE,No predefined exception
PAY-002242,INV-474695,8/16/2025,2025-26,2025-08,Transportation & Infrastructure,V0066,Supplier 066,Training,Standing Offer,PO-43061,$896.99,Yes,EFT,FALSE,FALSE,FALSE,FALSE,FALSE,FALSE,FALSE,FALSE,0,Routine,FALSE,No predefined exception
PAY-002482,INV-170248,8/16/2025,2025-26,2025-08,Digital Government,V0016,Supplier 016,Transportation Services,Open Competition,PO-86789,"$3,271.80",Yes,EFT,FALSE,FALSE,FALSE,FALSE,FALSE,FALSE,FALSE,FALSE,0,Routine,FALSE,No predefined exception
PAY-001006,INV-442196,8/16/2025,2025-26,2025-08,Health Services,V0034,Supplier 034,Professional Services,Open Competition,PO-55562,"$7,448.70",Yes,EFT,FALSE,FALSE,FALSE,FALSE,FALSE,FALSE,FALSE,FALSE,0,Routine,FALSE,No predefined exception
PAY-DUP-003,INV-206311,8/17/2025,2025-26,2025-08,Education,V0079,Supplier 079,Transportation Services,Open Competition,PO-71720,"$3,191.20",Yes,EFT,TRUE,FALSE,FALSE,FALSE,FALSE,FALSE,FALSE,FALSE,3,Moderate,TRUE,Potential duplicate
PAY-000998,INV-213153,8/17/2025,2025-26,2025-08,Justice & Public Safety,V0060,Supplier 060,Construction Services,Invitational,PO-49398,$401.33,Yes,Cheque,FALSE,FALSE,FALSE,FALSE,FALSE,FALSE,FALSE,FALSE,0,Routine,FALSE,No predefined exception
PAY-000103,INV-206311,8/17/2025,2025-26,2025-08,Education,V0079,Supplier 079,Transportation Services,Open Competition,PO-71720,"$3,191.20",Yes,EFT,TRUE,FALSE,FALSE,FALSE,FALSE,FALSE,FALSE,FALSE,3,Moderate,TRUE,Potential duplicate
PAY-001530,INV-895911,8/18/2025,2025-26,2025-08,Health Services,V0045,Supplier 045,Professional Services,Open Competition,PO-30614,"$2,261.16",Yes,EFT,FALSE,FALSE,FALSE,FALSE,FALSE,FALSE,FALSE,FALSE,0,Routine,FALSE,No predefined exception
PAY-000267,INV-312803,8/18/2025,2025-26,2025-08,Transportation & Infrastructure,V0047,Supplier 047,Construction Services,Open Competition,PO-85965,$583.58,Yes,EFT,FALSE,FALSE,FALSE,FALSE,FALSE,FALSE,FALSE,FALSE,0,Routine,FALSE,No predefined exception
PAY-000990,INV-583414,8/18/2025,2025-26,2025-08,Health Services,V0004,Supplier 004,Equipment,Sole Source,PO-54884,"$1,194.37",Yes,Cheque,FALSE,FALSE,FALSE,FALSE,FALSE,FALSE,FALSE,FALSE,0,Routine,FALSE,No predefined exception
PAY-000608,INV-441524,8/19/2025,2025-26,2025-08,Health Services,V0075,Supplier 075,Software & Licensing,Open Competition,,"$6,137.87",Yes,EFT,FALSE,FALSE,TRUE,FALSE,FALSE,FALSE,FALSE,FALSE,1,Routine,FALSE,Missing purchase order
PAY-000641,INV-597619,8/19/2025,2025-26,2025-08,Digital Government,V0006,Supplier 006,IT Hardware,Invitational,PO-50996,"$5,481.68",Yes,EFT,FALSE,FALSE,FALSE,FALSE,FALSE,FALSE,FALSE,FALSE,0,Routine,FALSE,No predefined exception
PAY-001217,INV-619493,8/19/2025,2025-26,2025-08,Digital Government,V0054,Supplier 054,Building Maintenance,Sole Source,PO-79911,"$3,464.76",Yes,EFT,FALSE,FALSE,FALSE,FALSE,FALSE,FALSE,FALSE,FALSE,0,Routine,FALSE,No predefined exception
PAY-002407,INV-587707,8/19/2025,2025-26,2025-08,Health Services,V0019,Supplier 019,Office Supplies,Standing Offer,PO-86022,"$16,699.96",Yes,EFT,FALSE,FALSE,FALSE,FALSE,TRUE,FALSE,FALSE,FALSE,2,Moderate,TRUE,Statistical amount outlier
PAY-002418,INV-375478,8/19/2025,2025-26,2025-08,Justice & Public Safety,V0020,Supplier 020,Equipment,Open Competition,PO-80223,"$4,723.71",Yes,EFT,FALSE,FALSE,FALSE,FALSE,FALSE,FALSE,FALSE,FALSE,0,Routine,FALSE,No predefined exception
PAY-002159,INV-554142,8/19/2025,2025-26,2025-08,Transportation & Infrastructure,V0077,Supplier 077,Equipment,Open Competition,PO-68081,"$1,594.09",Yes,EFT,FALSE,FALSE,FALSE,FALSE,FALSE,FALSE,FALSE,FALSE,0,Routine,FALSE,No predefined exception
PAY-001500,INV-295991,8/19/2025,2025-26,2025-08,Justice & Public Safety,V0018,Supplier 018,Equipment,Standing Offer,PO-87230,"$8,349.25",Yes,Cheque,FALSE,FALSE,FALSE,FALSE,FALSE,FALSE,FALSE,FALSE,0,Routine,FALSE,No predefined exception
PAY-001136,INV-573919,8/19/2025,2025-26,2025-08,Natural Resources,V0063,Supplier 063,Software & Licensing,Open Competition,PO-34564,"$4,326.05",Yes,Cheque,FALSE,FALSE,FALSE,FALSE,FALSE,FALSE,FALSE,FALSE,0,Routine,FALSE,No predefined exception
PAY-002198,INV-214897,8/19/2025,2025-26,2025-08,Education,V0034,Supplier 034,Training,Invitational,PO-79051,"$2,614.67",Yes,EFT,FALSE,FALSE,FALSE,FALSE,FALSE,FALSE,FALSE,FALSE,0,Routine,FALSE,No predefined exception
PAY-000387,INV-983302,8/20/2025,2025-26,2025-08,Digital Government,V0036,Supplier 036,Software & Licensing,Sole Source,PO-24837,"$1,299.76",Yes,EFT,FALSE,FALSE,FALSE,FALSE,FALSE,FALSE,FALSE,FALSE,0,Routine,FALSE,No predefined exception
PAY-002074,INV-102765,8/20/2025,2025-26,2025-08,Justice & Public Safety,V0048,Supplier 048,Transportation Services,Sole Source,PO-59454,"$7,555.12",Yes,EFT,FALSE,FALSE,FALSE,FALSE,FALSE,FALSE,FALSE,FALSE,0,Routine,FALSE,No predefined exception
PAY-002346,INV-878928,8/20/2025,2025-26,2025-08,Transportation & Infrastructure,V0016,Supplier 016,Professional Services,Standing Offer,PO-27945,"$3,323.90",Yes,EFT,FALSE,FALSE,FALSE,FALSE,FALSE,FALSE,FALSE,FALSE,0,Routine,FALSE,No predefined exception
PAY-000994,INV-418821,8/20/2025,2025-26,2025-08,Transportation & Infrastructure,V0037,Supplier 037,IT Hardware,Open Competition,PO-59605,"$1,048.89",Yes,Cheque,FALSE,FALSE,FALSE,FALSE,FALSE,FALSE,FALSE,FALSE,0,Routine,FALSE,No predefined exception
PAY-001520,INV-400589,8/20/2025,2025-26,2025-08,Health Services,V0043,Supplier 043,Professional Services,Open Competition,PO-96170,"$1,463.45",Yes,EFT,FALSE,FALSE,FALSE,FALSE,FALSE,FALSE,FALSE,FALSE,0,Routine,FALSE,No predefined exception
PAY-000677,INV-777236,8/21/2025,2025-26,2025-08,Education,V0009,Supplier 009,Training,Invitational,PO-55289,"$5,866.48",No,EFT,FALSE,FALSE,FALSE,FALSE,FALSE,FALSE,FALSE,TRUE,3,Moderate,TRUE,Approval exception
PAY-001448,INV-764607,8/21/2025,2025-26,2025-08,Health Services,V0059,Supplier 059,Building Maintenance,Sole Source,PO-29348,"$7,051.14",Yes,EFT,FALSE,FALSE,FALSE,FALSE,FALSE,FALSE,FALSE,FALSE,0,Routine,FALSE,No predefined exception
PAY-000148,INV-270635,8/21/2025,2025-26,2025-08,Health Services,V0055,Supplier 055,Equipment,Open Competition,PO-26010,"$1,349.89",Yes,EFT,FALSE,FALSE,FALSE,FALSE,FALSE,FALSE,FALSE,FALSE,0,Routine,FALSE,No predefined exception
PAY-001838,INV-513841,8/21/2025,2025-26,2025-08,Natural Resources,V0052,Supplier 052,Professional Services,Open Competition,PO-98742,$368.43,Yes,EFT,FALSE,FALSE,FALSE,FALSE,FALSE,FALSE,FALSE,FALSE,0,Routine,FALSE,No predefined exception
PAY-002109,INV-433112,8/21/2025,2025-26,2025-08,Health Services,V0044,Supplier 044,Construction Services,Open Competition,PO-67529,"$4,126.54",Yes,EFT,FALSE,FALSE,FALSE,FALSE,FALSE,FALSE,FALSE,FALSE,0,Routine,FALSE,No predefined exception
PAY-000388,INV-839945,8/21/2025,2025-26,2025-08,Transportation & Infrastructure,V0070,Supplier 070,Construction Services,Invitational,PO-10715,$592.03,Yes,EFT,FALSE,FALSE,FALSE,FALSE,FALSE,FALSE,FALSE,FALSE,0,Routine,FALSE,No predefined exception
PAY-002239,INV-234917,8/21/2025,2025-26,2025-08,Education,V0044,Supplier 044,Professional Services,Open Competition,PO-25905,$838.20,Yes,EFT,FALSE,FALSE,FALSE,FALSE,FALSE,FALSE,FALSE,FALSE,0,Routine,FALSE,No predefined exception
PAY-002364,INV-721747,8/21/2025,2025-26,2025-08,Municipal Services,V0076,Supplier 076,Construction Services,Open Competition,PO-89942,"$4,338.45",Yes,EFT,FALSE,FALSE,FALSE,FALSE,FALSE,FALSE,FALSE,FALSE,0,Routine,FALSE,No predefined exception
PAY-001065,INV-274750,8/21/2025,2025-26,2025-08,Education,V0074,Supplier 074,Software & Licensing,Open Competition,PO-48182,"$2,213.39",Yes,EFT,FALSE,FALSE,FALSE,FALSE,FALSE,FALSE,FALSE,FALSE,0,Routine,FALSE,No predefined exception
PAY-002113,INV-303462,8/21/2025,2025-26,2025-08,Health Services,V0076,Supplier 076,Building Maintenance,Open Competition,PO-30378,"$4,153.95",Yes,EFT,FALSE,FALSE,FALSE,FALSE,FALSE,FALSE,FALSE,FALSE,0,Routine,FALSE,No predefined exception
PAY-002170,INV-936614,8/22/2025,2025-26,2025-08,Municipal Services,V0040,Supplier 040,IT Hardware,Open Competition,PO-68844,"$4,175.38",Yes,EFT,FALSE,FALSE,FALSE,FALSE,FALSE,FALSE,FALSE,FALSE,0,Routine,FALSE,No predefined exception
PAY-000578,INV-407268,8/22/2025,2025-26,2025-08,Justice & Public Safety,V0067,Supplier 067,Building Maintenance,Open Competition,PO-71446,"$2,593.84",Yes,EFT,FALSE,FALSE,FALSE,FALSE,FALSE,FALSE,FALSE,FALSE,0,Routine,FALSE,No predefined exception
PAY-000681,INV-617200,8/22/2025,2025-26,2025-08,Health Services,V0048,Supplier 048,Equipment,Invitational,PO-33423,"$3,030.08",Yes,Corporate Card,FALSE,FALSE,FALSE,FALSE,FALSE,FALSE,FALSE,FALSE,0,Routine,FALSE,No predefined exception
PAY-001226,INV-109583,8/22/2025,2025-26,2025-08,Digital Government,V0053,Supplier 053,IT Hardware,Standing Offer,PO-76404,"$2,981.43",Yes,EFT,FALSE,FALSE,FALSE,FALSE,FALSE,FALSE,FALSE,FALSE,0,Routine,FALSE,No predefined exception
PAY-000584,INV-889948,8/22/2025,2025-26,2025-08,Natural Resources,V0067,Supplier 067,Construction Services,Open Competition,PO-36990,"$1,051.91",Yes,EFT,FALSE,FALSE,FALSE,FALSE,FALSE,FALSE,FALSE,FALSE,0,Routine,FALSE,No predefined exception
PAY-002323,INV-724416,8/22/2025,2025-26,2025-08,Health Services,V0018,Supplier 018,Building Maintenance,Standing Offer,PO-55379,$963.69,Yes,EFT,FALSE,FALSE,FALSE,FALSE,FALSE,FALSE,FALSE,FALSE,0,Routine,FALSE,No predefined exception
PAY-000465,INV-751824,8/22/2025,2025-26,2025-08,Municipal Services,V0054,Supplier 054,IT Hardware,Open Competition,PO-43546,"$1,002.62",Yes,Cheque,FALSE,FALSE,FALSE,FALSE,FALSE,FALSE,FALSE,FALSE,0,Routine,FALSE,No predefined exception
PAY-000233,INV-449982,8/22/2025,2025-26,2025-08,Health Services,V0010,Supplier 010,Office Supplies,Open Competition,PO-58754,$360.26,Yes,EFT,FALSE,FALSE,FALSE,FALSE,FALSE,FALSE,FALSE,FALSE,0,Routine,FALSE,No predefined exception
PAY-000260,INV-902009,8/22/2025,2025-26,2025-08,Digital Government,V0068,Supplier 068,Construction Services,Open Competition,PO-89720,"$4,886.17",Yes,EFT,FALSE,FALSE,FALSE,FALSE,FALSE,FALSE,FALSE,FALSE,0,Routine,FALSE,No predefined exception
PAY-000426,INV-103681,8/22/2025,2025-26,2025-08,Transportation & Infrastructure,V0060,Supplier 060,Equipment,Standing Offer,PO-51813,"$3,480.38",Yes,EFT,FALSE,FALSE,FALSE,FALSE,FALSE,FALSE,FALSE,FALSE,0,Routine,FALSE,No predefined exception
PAY-002061,INV-653620,8/23/2025,2025-26,2025-08,Education,V0012,Supplier 012,Transportation Services,Open Competition,PO-59874,"$1,637.89",Yes,EFT,FALSE,FALSE,FALSE,FALSE,FALSE,FALSE,FALSE,FALSE,0,Routine,FALSE,No predefined exception
PAY-001067,INV-332320,8/23/2025,2025-26,2025-08,Municipal Services,V0071,Supplier 071,Transportation Services,Open Competition,PO-75749,"$3,280.48",Yes,EFT,FALSE,FALSE,FALSE,FALSE,FALSE,FALSE,FALSE,FALSE,0,Routine,FALSE,No predefined exception
PAY-001576,INV-501072,8/23/2025,2025-26,2025-08,Education,V0008,Supplier 008,Building Maintenance,Sole Source,PO-39548,"$2,661.96",Yes,Corporate Card,FALSE,FALSE,FALSE,FALSE,FALSE,FALSE,FALSE,FALSE,0,Routine,FALSE,No predefined exception
PAY-000753,INV-805937,8/23/2025,2025-26,2025-08,Education,V0007,Supplier 007,Transportation Services,Open Competition,PO-15507,"$4,271.65",Yes,EFT,FALSE,FALSE,FALSE,FALSE,FALSE,FALSE,FALSE,FALSE,0,Routine,FALSE,No predefined exception
PAY-001962,INV-917439,8/23/2025,2025-26,2025-08,Education,V0013,Supplier 013,Training,Standing Offer,PO-53127,"$2,357.63",Yes,EFT,FALSE,FALSE,FALSE,FALSE,FALSE,FALSE,FALSE,FALSE,0,Routine,FALSE,No predefined exception
PAY-001762,INV-487932,8/23/2025,2025-26,2025-08,Digital Government,V0080,Supplier 080,Office Supplies,Open Competition,PO-37557,"$2,047.23",Yes,EFT,FALSE,FALSE,FALSE,FALSE,FALSE,FALSE,FALSE,FALSE,0,Routine,FALSE,No predefined exception
PAY-000432,INV-857666,8/23/2025,2025-26,2025-08,Municipal Services,V0080,Supplier 080,Equipment,Open Competition,PO-83236,"$1,101.22",Yes,EFT,FALSE,FALSE,FALSE,FALSE,FALSE,FALSE,FALSE,FALSE,0,Routine,FALSE,No predefined exception
PAY-000703,INV-870391,8/23/2025,2025-26,2025-08,Transportation & Infrastructure,V0007,Supplier 007,Building Maintenance,Standing Offer,PO-62169,"$1,149.06",Yes,EFT,FALSE,FALSE,FALSE,FALSE,FALSE,FALSE,FALSE,FALSE,0,Routine,FALSE,No predefined exception
PAY-000622,INV-573006,8/23/2025,2025-26,2025-08,Natural Resources,V0053,Supplier 053,Building Maintenance,Open Competition,,$916.91,No,Cheque,FALSE,FALSE,TRUE,FALSE,FALSE,FALSE,FALSE,TRUE,4,Higher,TRUE,Missing purchase order; Approval exception
PAY-002320,INV-754287,8/23/2025,2025-26,2025-08,Transportation & Infrastructure,V0010,Supplier 010,Building Maintenance,Standing Offer,PO-83569,"$1,124.30",Yes,EFT,FALSE,FALSE,FALSE,FALSE,FALSE,FALSE,FALSE,FALSE,0,Routine,FALSE,No predefined exception
PAY-000725,INV-573196,8/24/2025,2025-26,2025-08,Transportation & Infrastructure,V0007,Supplier 007,Office Supplies,Open Competition,PO-79498,"$14,201.48",Yes,EFT,FALSE,FALSE,FALSE,FALSE,TRUE,FALSE,FALSE,FALSE,2,Moderate,TRUE,Statistical amount outlier
PAY-000599,INV-859161,8/24/2025,2025-26,2025-08,Municipal Services,V0062,Supplier 062,Office Supplies,Open Competition,PO-26186,"$3,173.28",Yes,EFT,FALSE,FALSE,FALSE,FALSE,FALSE,FALSE,FALSE,FALSE,0,Routine,FALSE,No predefined exception
PAY-002226,INV-662080,8/24/2025,2025-26,2025-08,Health Services,V0069,Supplier 069,Building Maintenance,Open Competition,PO-40917,"$7,130.00",Yes,EFT,FALSE,FALSE,FALSE,FALSE,FALSE,FALSE,FALSE,FALSE,0,Routine,FALSE,No predefined exception
PAY-001338,INV-814261,8/24/2025,2025-26,2025-08,Digital Government,V0025,Supplier 025,Construction Services,Invitational,PO-16786,"$2,568.14",Yes,EFT,FALSE,FALSE,FALSE,FALSE,FALSE,FALSE,FALSE,FALSE,0,Routine,FALSE,No predefined exception
PAY-002422,INV-682296,8/24/2025,2025-26,2025-08,Natural Resources,V0032,Supplier 032,Software & Licensing,Standing Offer,PO-51193,"$3,910.64",Yes,EFT,FALSE,FALSE,FALSE,FALSE,FALSE,FALSE,FALSE,FALSE,0,Routine,FALSE,No predefined exception
PAY-002251,INV-509824,8/24/2025,2025-26,2025-08,Education,V0076,Supplier 076,Office Supplies,Invitational,PO-62903,"$2,273.04",Yes,EFT,FALSE,FALSE,FALSE,FALSE,FALSE,FALSE,FALSE,FALSE,0,Routine,FALSE,No predefined exception
PAY-002173,INV-330596,8/24/2025,2025-26,2025-08,Municipal Services,V0030,Supplier 030,Building Maintenance,Standing Offer,PO-70321,$572.15,Yes,EFT,FALSE,FALSE,FALSE,FALSE,FALSE,FALSE,FALSE,FALSE,0,Routine,FALSE,No predefined exception
PAY-001523,INV-730458,8/24/2025,2025-26,2025-08,Education,V0071,Supplier 071,Building Maintenance,Standing Offer,PO-45160,"$7,197.36",Yes,EFT,FALSE,FALSE,FALSE,FALSE,FALSE,FALSE,FALSE,FALSE,0,Routine,FALSE,No predefined exception
PAY-001746,INV-794491,8/25/2025,2025-26,2025-08,Transportation & Infrastructure,V0060,Supplier 060,Transportation Services,Invitational,PO-50725,$762.05,Yes,Cheque,FALSE,FALSE,FALSE,FALSE,FALSE,FALSE,FALSE,FALSE,0,Routine,FALSE,No predefined exception
PAY-000431,INV-729674,8/25/2025,2025-26,2025-08,Digital Government,V0062,Supplier 062,IT Hardware,Sole Source,PO-69179,"$2,602.91",Yes,EFT,FALSE,FALSE,FALSE,FALSE,FALSE,FALSE,FALSE,FALSE,0,Routine,FALSE,No predefined exception
PAY-000493,INV-266991,8/25/2025,2025-26,2025-08,Health Services,V0069,Supplier 069,Professional Services,Open Competition,PO-75000,"$1,553.63",Yes,EFT,FALSE,FALSE,FALSE,FALSE,FALSE,FALSE,FALSE,FALSE,0,Routine,FALSE,No predefined exception
PAY-000671,INV-555229,8/25/2025,2025-26,2025-08,Transportation & Infrastructure,V0025,Supplier 025,Building Maintenance,Open Competition,PO-73902,$350.72,Yes,EFT,FALSE,FALSE,FALSE,FALSE,FALSE,FALSE,FALSE,FALSE,0,Routine,FALSE,No predefined exception
PAY-001284,INV-128930,8/25/2025,2025-26,2025-08,Municipal Services,V0075,Supplier 075,Construction Services,Invitational,PO-73496,$602.79,Yes,Corporate Card,FALSE,FALSE,FALSE,FALSE,FALSE,FALSE,FALSE,FALSE,0,Routine,FALSE,No predefined exception
PAY-000325,INV-361578,8/25/2025,2025-26,2025-08,Health Services,V0014,Supplier 014,Training,Open Competition,PO-66964,"$2,807.01",Yes,Cheque,FALSE,FALSE,FALSE,FALSE,FALSE,FALSE,FALSE,FALSE,0,Routine,FALSE,No predefined exception
PAY-001878,INV-179888,8/25/2025,2025-26,2025-08,Health Services,V0053,Supplier 053,Equipment,Open Competition,PO-59974,"$5,068.10",Yes,EFT,FALSE,FALSE,FALSE,FALSE,FALSE,FALSE,FALSE,FALSE,0,Routine,FALSE,No predefined exception
PAY-000244,INV-972882,8/25/2025,2025-26,2025-08,Municipal Services,V0047,Supplier 047,Office Supplies,Open Competition,PO-45236,"$12,284.84",Yes,EFT,FALSE,FALSE,FALSE,FALSE,TRUE,FALSE,FALSE,FALSE,2,Moderate,TRUE,Statistical amount outlier
PAY-001632,INV-756884,8/25/2025,2025-26,2025-08,Natural Resources,V0070,Supplier 070,Transportation Services,Open Competition,PO-82692,"$1,155.24",Yes,EFT,FALSE,FALSE,FALSE,FALSE,FALSE,FALSE,FALSE,FALSE,0,Routine,FALSE,No predefined exception
PAY-002072,INV-363685,8/25/2025,2025-26,2025-08,Transportation & Infrastructure,V0043,Supplier 043,Training,Standing Offer,,"$1,164.20",Yes,EFT,FALSE,FALSE,TRUE,FALSE,FALSE,FALSE,FALSE,FALSE,1,Routine,FALSE,Missing purchase order
PAY-000273,INV-459698,8/25/2025,2025-26,2025-08,Digital Government,V0049,Supplier 049,Professional Services,Open Competition,PO-93944,"$4,292.09",Yes,EFT,FALSE,FALSE,FALSE,FALSE,FALSE,FALSE,FALSE,FALSE,0,Routine,FALSE,No predefined exception
PAY-000245,INV-123548,8/26/2025,2025-26,2025-08,Digital Government,V0035,Supplier 035,Software & Licensing,Invitational,PO-14236,"$1,757.77",Yes,EFT,FALSE,FALSE,FALSE,FALSE,FALSE,FALSE,FALSE,FALSE,0,Routine,FALSE,No predefined exception
PAY-000241,INV-648065,8/26/2025,2025-26,2025-08,Health Services,V0015,Supplier 015,Office Supplies,Open Competition,PO-12017,"$8,477.79",Yes,EFT,FALSE,FALSE,FALSE,FALSE,FALSE,FALSE,FALSE,FALSE,0,Routine,FALSE,No predefined exception
PAY-001207,INV-844265,8/26/2025,2025-26,2025-08,Digital Government,V0033,Supplier 033,Equipment,Open Competition,PO-83137,"$3,898.52",Yes,EFT,FALSE,FALSE,FALSE,FALSE,FALSE,FALSE,FALSE,FALSE,0,Routine,FALSE,No predefined exception
PAY-001549,INV-271999,8/26/2025,2025-26,2025-08,Municipal Services,V0068,Supplier 068,Training,Standing Offer,PO-70494,"$4,097.03",Yes,Cheque,FALSE,FALSE,FALSE,FALSE,FALSE,FALSE,FALSE,FALSE,0,Routine,FALSE,No predefined exception
PAY-000646,INV-351063,8/26/2025,2025-26,2025-08,Justice & Public Safety,V0014,Supplier 014,Transportation Services,Invitational,PO-79700,"$3,808.77",Yes,EFT,FALSE,FALSE,FALSE,FALSE,FALSE,FALSE,FALSE,FALSE,0,Routine,FALSE,No predefined exception
PAY-001399,INV-776760,8/26/2025,2025-26,2025-08,Justice & Public Safety,V0028,Supplier 028,Transportation Services,Open Competition,,"$3,772.25",Yes,EFT,FALSE,FALSE,TRUE,FALSE,FALSE,FALSE,FALSE,FALSE,1,Routine,FALSE,Missing purchase order
PAY-001122,INV-575573,8/26/2025,2025-26,2025-08,Natural Resources,V0036,Supplier 036,Software & Licensing,Open Competition,PO-41052,"$10,496.89",Yes,EFT,FALSE,FALSE,FALSE,FALSE,TRUE,FALSE,FALSE,FALSE,2,Moderate,TRUE,Statistical amount outlier
PAY-001819,INV-100727,8/26/2025,2025-26,2025-08,Justice & Public Safety,V0022,Supplier 022,IT Hardware,Standing Offer,PO-61517,"$3,017.23",Yes,EFT,FALSE,FALSE,FALSE,FALSE,FALSE,FALSE,FALSE,FALSE,0,Routine,FALSE,No predefined exception
PAY-002285,INV-704596,8/27/2025,2025-26,2025-08,Transportation & Infrastructure,V0013,Supplier 013,Transportation Services,Open Competition,PO-62692,$739.71,Yes,EFT,FALSE,FALSE,FALSE,FALSE,FALSE,FALSE,FALSE,FALSE,0,Routine,FALSE,No predefined exception
PAY-002481,INV-856572,8/27/2025,2025-26,2025-08,Justice & Public Safety,V0065,Supplier 065,Software & Licensing,Standing Offer,PO-80846,"$1,526.06",Yes,EFT,FALSE,FALSE,FALSE,FALSE,FALSE,FALSE,FALSE,FALSE,0,Routine,FALSE,No predefined exception
PAY-001168,INV-590588,8/27/2025,2025-26,2025-08,Municipal Services,V0026,Supplier 026,IT Hardware,Open Competition,PO-50431,"$1,245.82",Yes,EFT,FALSE,FALSE,FALSE,FALSE,FALSE,FALSE,FALSE,FALSE,0,Routine,FALSE,No predefined exception
PAY-001440,INV-915915,8/27/2025,2025-26,2025-08,Digital Government,V0033,Supplier 033,Transportation Services,Open Competition,PO-79052,"$1,047.91",Yes,EFT,FALSE,FALSE,FALSE,FALSE,FALSE,FALSE,FALSE,FALSE,0,Routine,FALSE,No predefined exception
PAY-002236,INV-941135,8/27/2025,2025-26,2025-08,Justice & Public Safety,V0040,Supplier 040,Equipment,Standing Offer,PO-87162,"$1,800.83",Yes,Cheque,FALSE,FALSE,FALSE,FALSE,FALSE,FALSE,FALSE,FALSE,0,Routine,FALSE,No predefined exception
PAY-000663,INV-480457,8/27/2025,2025-26,2025-08,Health Services,V0045,Supplier 045,Construction Services,Standing Offer,PO-25658,$281.06,Yes,Corporate Card,FALSE,FALSE,FALSE,FALSE,FALSE,FALSE,FALSE,FALSE,0,Routine,FALSE,No predefined exception
PAY-002442,INV-977676,8/27/2025,2025-26,2025-08,Health Services,V0004,Supplier 004,Office Supplies,Open Competition,PO-64421,"$1,598.65",Yes,EFT,FALSE,FALSE,FALSE,FALSE,FALSE,FALSE,FALSE,FALSE,0,Routine,FALSE,No predefined exception
PAY-001377,INV-914468,8/27/2025,2025-26,2025-08,Education,V0042,Supplier 042,Professional Services,Open Competition,PO-96742,$698.45,Yes,EFT,FALSE,FALSE,FALSE,FALSE,FALSE,FALSE,FALSE,FALSE,0,Routine,FALSE,No predefined exception
PAY-002338,INV-309720,8/27/2025,2025-26,2025-08,Natural Resources,V0074,Supplier 074,Transportation Services,Open Competition,PO-95230,"$3,183.69",Yes,Cheque,FALSE,FALSE,FALSE,FALSE,FALSE,FALSE,FALSE,FALSE,0,Routine,FALSE,No predefined exception
PAY-000017,INV-259484,8/28/2025,2025-26,2025-08,Transportation & Infrastructure,V0060,Supplier 060,Building Maintenance,Standing Offer,PO-80400,$612.16,Yes,EFT,FALSE,FALSE,FALSE,FALSE,FALSE,FALSE,FALSE,FALSE,0,Routine,FALSE,No predefined exception
PAY-000401,INV-213768,8/28/2025,2025-26,2025-08,Digital Government,V0065,Supplier 065,Building Maintenance,Open Competition,PO-30707,"$5,914.50",Yes,Cheque,FALSE,FALSE,FALSE,FALSE,FALSE,FALSE,FALSE,FALSE,0,Routine,FALSE,No predefined exception
PAY-001199,INV-166617,8/28/2025,2025-26,2025-08,Natural Resources,V0071,Supplier 071,Professional Services,Open Competition,PO-70633,"$1,154.41",Yes,EFT,FALSE,FALSE,FALSE,FALSE,FALSE,FALSE,FALSE,FALSE,0,Routine,FALSE,No predefined exception
PAY-001892,INV-378026,8/28/2025,2025-26,2025-08,Justice & Public Safety,V0024,Supplier 024,Professional Services,Open Competition,PO-98334,"$1,298.66",Yes,Cheque,FALSE,FALSE,FALSE,FALSE,FALSE,FALSE,FALSE,FALSE,0,Routine,FALSE,No predefined exception
PAY-002237,INV-719265,8/28/2025,2025-26,2025-08,Health Services,V0074,Supplier 074,Equipment,Invitational,PO-79037,"$1,579.43",Yes,EFT,FALSE,FALSE,FALSE,FALSE,FALSE,FALSE,FALSE,FALSE,0,Routine,FALSE,No predefined exception
PAY-002307,INV-152021,8/28/2025,2025-26,2025-08,Natural Resources,V0068,Supplier 068,Construction Services,Standing Offer,PO-56970,"$1,121.70",Yes,Corporate Card,FALSE,FALSE,FALSE,FALSE,FALSE,FALSE,FALSE,FALSE,0,Routine,FALSE,No predefined exception
PAY-002430,INV-291285,8/29/2025,2025-26,2025-08,Digital Government,V0009,Supplier 009,Professional Services,Open Competition,PO-60809,"$11,304.91",Yes,EFT,FALSE,FALSE,FALSE,FALSE,TRUE,FALSE,FALSE,FALSE,2,Moderate,TRUE,Statistical amount outlier
PAY-000825,INV-397515,8/29/2025,2025-26,2025-08,Digital Government,V0048,Supplier 048,Office Supplies,Open Competition,PO-23302,"$1,186.29",Yes,EFT,FALSE,FALSE,FALSE,FALSE,FALSE,FALSE,FALSE,FALSE,0,Routine,FALSE,No predefined exception
PAY-000549,INV-193944,8/29/2025,2025-26,2025-08,Education,V0061,Supplier 061,Transportation Services,Standing Offer,PO-94287,"$4,149.61",Yes,EFT,FALSE,FALSE,FALSE,FALSE,FALSE,FALSE,FALSE,FALSE,0,Routine,FALSE,No predefined exception
PAY-000365,INV-993182,8/29/2025,2025-26,2025-08,Natural Resources,V0080,Supplier 080,IT Hardware,Open Competition,PO-52668,"$2,982.10",Yes,EFT,FALSE,FALSE,FALSE,FALSE,FALSE,FALSE,FALSE,FALSE,0,Routine,FALSE,No predefined exception
PAY-000255,INV-655913,8/29/2025,2025-26,2025-08,Natural Resources,V0077,Supplier 077,Training,Standing Offer,PO-10234,"$1,410.65",Yes,EFT,FALSE,FALSE,FALSE,FALSE,FALSE,FALSE,FALSE,FALSE,0,Routine,FALSE,No predefined exception
PAY-000583,INV-537043,8/29/2025,2025-26,2025-08,Transportation & Infrastructure,V0018,Supplier 018,Office Supplies,Sole Source,PO-86008,"$1,827.75",Yes,EFT,FALSE,FALSE,FALSE,FALSE,FALSE,FALSE,FALSE,FALSE,0,Routine,FALSE,No predefined exception
PAY-002348,INV-703146,8/29/2025,2025-26,2025-08,Transportation & Infrastructure,V0012,Supplier 012,Construction Services,Open Competition,PO-72358,"$2,721.98",Yes,Cheque,FALSE,FALSE,FALSE,FALSE,FALSE,FALSE,FALSE,FALSE,0,Routine,FALSE,No predefined exception
PAY-002039,INV-911028,8/29/2025,2025-26,2025-08,Health Services,V0010,Supplier 010,Software & Licensing,Open Competition,PO-60393,"$5,416.54",Yes,EFT,FALSE,FALSE,FALSE,FALSE,FALSE,FALSE,FALSE,FALSE,0,Routine,FALSE,No predefined exception
PAY-001282,INV-638938,8/29/2025,2025-26,2025-08,Natural Resources,V0075,Supplier 075,Construction Services,Standing Offer,PO-71788,$860.36,Yes,EFT,FALSE,FALSE,FALSE,FALSE,FALSE,FALSE,FALSE,FALSE,0,Routine,FALSE,No predefined exception
PAY-000505,INV-758851,8/30/2025,2025-26,2025-08,Health Services,,,Office Supplies,Open Competition,PO-76930,"$1,423.96",Yes,EFT,FALSE,TRUE,FALSE,FALSE,FALSE,FALSE,FALSE,FALSE,2,Moderate,TRUE,Missing vendor information
PAY-001391,INV-945457,8/30/2025,2025-26,2025-08,Justice & Public Safety,V0065,Supplier 065,Construction Services,Open Competition,PO-32415,"$1,926.33",Yes,EFT,FALSE,FALSE,FALSE,FALSE,FALSE,FALSE,FALSE,FALSE,0,Routine,FALSE,No predefined exception
PAY-000015,INV-823906,8/30/2025,2025-26,2025-08,Justice & Public Safety,V0007,Supplier 007,Equipment,Open Competition,PO-81980,$279.51,Yes,EFT,FALSE,FALSE,FALSE,FALSE,FALSE,FALSE,FALSE,FALSE,0,Routine,FALSE,No predefined exception
PAY-000548,INV-901798,8/30/2025,2025-26,2025-08,Transportation & Infrastructure,V0076,Supplier 076,Professional Services,Standing Offer,PO-91313,"$11,452.13",Yes,EFT,FALSE,FALSE,FALSE,FALSE,TRUE,FALSE,FALSE,FALSE,2,Moderate,TRUE,Statistical amount outlier
PAY-001190,INV-291303,8/30/2025,2025-26,2025-08,Justice & Public Safety,V0072,Supplier 072,Construction Services,Open Competition,PO-34843,"$7,619.89",Yes,EFT,FALSE,FALSE,FALSE,FALSE,FALSE,FALSE,FALSE,FALSE,0,Routine,FALSE,No predefined exception
PAY-001916,INV-352712,8/30/2025,2025-26,2025-08,Transportation & Infrastructure,V0065,Supplier 065,Construction Services,Standing Offer,PO-95066,$603.96,Yes,EFT,FALSE,FALSE,FALSE,FALSE,FALSE,FALSE,FALSE,FALSE,0,Routine,FALSE,No predefined exception
PAY-001475,INV-653006,8/30/2025,2025-26,2025-08,Education,V0012,Supplier 012,Transportation Services,Invitational,PO-17637,"$8,137.26",Yes,EFT,FALSE,FALSE,FALSE,FALSE,FALSE,FALSE,FALSE,FALSE,0,Routine,FALSE,No predefined exception
PAY-000190,INV-445744,8/30/2025,2025-26,2025-08,Health Services,V0068,Supplier 068,Transportation Services,Standing Offer,PO-82807,"$12,435.49",Yes,EFT,FALSE,FALSE,FALSE,FALSE,TRUE,FALSE,FALSE,FALSE,2,Moderate,TRUE,Statistical amount outlier
PAY-002219,INV-582450,8/30/2025,2025-26,2025-08,Justice & Public Safety,V0066,Supplier 066,Construction Services,Open Competition,PO-38436,"$3,278.31",Yes,EFT,FALSE,FALSE,FALSE,FALSE,FALSE,FALSE,FALSE,FALSE,0,Routine,FALSE,No predefined exception
PAY-002211,INV-337902,8/30/2025,2025-26,2025-08,Education,V0035,Supplier 035,Construction Services,Standing Offer,PO-52112,"$1,105.08",Yes,EFT,FALSE,FALSE,FALSE,FALSE,FALSE,FALSE,FALSE,FALSE,0,Routine,FALSE,No predefined exception
PAY-000277,INV-873429,8/30/2025,2025-26,2025-08,Natural Resources,V0034,Supplier 034,IT Hardware,Invitational,PO-39495,"$2,948.64",Yes,EFT,FALSE,FALSE,FALSE,FALSE,FALSE,FALSE,FALSE,FALSE,0,Routine,FALSE,No predefined exception
PAY-001066,INV-360710,8/31/2025,2025-26,2025-08,Health Services,V0067,Supplier 067,Transportation Services,Open Competition,PO-27061,$222.17,Yes,Cheque,FALSE,FALSE,FALSE,FALSE,FALSE,FALSE,FALSE,FALSE,0,Routine,FALSE,No predefined exception
PAY-001347,INV-436473,8/31/2025,2025-26,2025-08,Municipal Services,V0013,Supplier 013,Software & Licensing,Open Competition,PO-89859,$933.49,Yes,EFT,FALSE,FALSE,FALSE,FALSE,FALSE,FALSE,FALSE,FALSE,0,Routine,FALSE,No predefined exception
PAY-000396,INV-856547,8/31/2025,2025-26,2025-08,Justice & Public Safety,V0054,Supplier 054,Training,Open Competition,PO-80921,"$1,435.66",Yes,EFT,FALSE,FALSE,FALSE,FALSE,FALSE,FALSE,FALSE,FALSE,0,Routine,FALSE,No predefined exception
PAY-000290,INV-308281,8/31/2025,2025-26,2025-08,Transportation & Infrastructure,V0060,Supplier 060,Professional Services,Open Competition,PO-11198,"$1,807.86",Yes,EFT,FALSE,FALSE,FALSE,FALSE,FALSE,FALSE,FALSE,FALSE,0,Routine,FALSE,No predefined exception
PAY-001525,INV-313482,8/31/2025,2025-26,2025-08,Health Services,V0048,Supplier 048,IT Hardware,Open Competition,PO-93747,"$1,212.84",Yes,EFT,FALSE,FALSE,FALSE,FALSE,FALSE,FALSE,FALSE,FALSE,0,Routine,FALSE,No predefined exception
PAY-001543,INV-341535,8/31/2025,2025-26,2025-08,Transportation & Infrastructure,V0010,Supplier 010,Building Maintenance,Sole Source,PO-90398,"$1,377.17",Yes,Cheque,FALSE,FALSE,FALSE,FALSE,FALSE,FALSE,FALSE,FALSE,0,Routine,FALSE,No predefined exception
PAY-001777,INV-738464,8/31/2025,2025-26,2025-08,Education,V0078,Supplier 078,IT Hardware,Invitational,PO-19550,"$3,286.74",Yes,EFT,FALSE,FALSE,FALSE,FALSE,FALSE,FALSE,FALSE,FALSE,0,Routine,FALSE,No predefined exception
PAY-002133,INV-663508,8/31/2025,2025-26,2025-08,Justice & Public Safety,V0062,Supplier 062,Office Supplies,Open Competition,PO-86008,"$1,377.41",Yes,EFT,FALSE,FALSE,FALSE,FALSE,FALSE,FALSE,FALSE,FALSE,0,Routine,FALSE,No predefined exception
PAY-000891,INV-365976,9/1/2025,2025-26,2025-09,Education,V0057,Supplier 057,Construction Services,Open Competition,PO-16476,"$4,022.10",Yes,EFT,FALSE,FALSE,FALSE,FALSE,FALSE,FALSE,FALSE,FALSE,0,Routine,FALSE,No predefined exception
PAY-002132,INV-217996,9/1/2025,2025-26,2025-09,Education,V0021,Supplier 021,Professional Services,Open Competition,PO-46497,"$1,613.32",Yes,EFT,FALSE,FALSE,FALSE,FALSE,FALSE,FALSE,FALSE,FALSE,0,Routine,FALSE,No predefined exception
PAY-001830,INV-305603,9/1/2025,2025-26,2025-09,Justice & Public Safety,V0024,Supplier 024,Construction Services,Standing Offer,PO-48593,"$4,830.07",Yes,EFT,FALSE,FALSE,FALSE,FALSE,FALSE,FALSE,FALSE,FALSE,0,Routine,FALSE,No predefined exception
PAY-000464,INV-353017,9/1/2025,2025-26,2025-09,Education,V0058,Supplier 058,Transportation Services,Invitational,PO-30163,"$3,278.80",Yes,EFT,FALSE,FALSE,FALSE,FALSE,FALSE,FALSE,FALSE,FALSE,0,Routine,FALSE,No predefined exception
PAY-002360,INV-811932,9/1/2025,2025-26,2025-09,Natural Resources,V0003,Supplier 003,Software & Licensing,Standing Offer,PO-62814,$765.01,Yes,EFT,FALSE,FALSE,FALSE,FALSE,FALSE,FALSE,FALSE,FALSE,0,Routine,FALSE,No predefined exception
PAY-000767,INV-269357,9/1/2025,2025-26,2025-09,Education,V0007,Supplier 007,Equipment,Open Competition,PO-46763,"$7,156.18",Yes,EFT,FALSE,FALSE,FALSE,FALSE,FALSE,FALSE,FALSE,FALSE,0,Routine,FALSE,No predefined exception
PAY-001174,INV-786093,9/1/2025,2025-26,2025-09,Education,V0023,Supplier 023,Software & Licensing,Open Competition,PO-58104,"$2,188.75",Yes,EFT,FALSE,FALSE,FALSE,FALSE,FALSE,FALSE,FALSE,FALSE,0,Routine,FALSE,No predefined exception
PAY-001405,INV-704494,9/1/2025,2025-26,2025-09,Education,V0031,Supplier 031,Office Supplies,Open Competition,PO-95934,"$13,226.26",Yes,EFT,FALSE,FALSE,FALSE,FALSE,TRUE,FALSE,FALSE,FALSE,2,Moderate,TRUE,Statistical amount outlier
PAY-002214,INV-163079,9/1/2025,2025-26,2025-09,Education,V0048,Supplier 048,IT Hardware,Sole Source,PO-29875,"$1,505.64",Yes,EFT,FALSE,FALSE,FALSE,FALSE,FALSE,FALSE,FALSE,FALSE,0,Routine,FALSE,No predefined exception
PAY-001330,INV-733123,9/1/2025,2025-26,2025-09,Transportation & Infrastructure,V0006,Supplier 006,Equipment,Open Competition,PO-24735,"$5,032.49",Yes,EFT,FALSE,FALSE,FALSE,FALSE,FALSE,FALSE,FALSE,FALSE,0,Routine,FALSE,No predefined exception
PAY-001200,INV-741857,9/1/2025,2025-26,2025-09,Digital Government,V0080,Supplier 080,IT Hardware,Open Competition,PO-43921,"$2,728.72",Yes,Cheque,FALSE,FALSE,FALSE,FALSE,FALSE,FALSE,FALSE,FALSE,0,Routine,FALSE,No predefined exception
PAY-000836,INV-882409,9/2/2025,2025-26,2025-09,Digital Government,V0006,Supplier 006,Building Maintenance,Open Competition,,"$1,058.69",Yes,EFT,FALSE,FALSE,TRUE,FALSE,FALSE,FALSE,FALSE,FALSE,1,Routine,FALSE,Missing purchase order
PAY-001673,INV-919555,9/2/2025,2025-26,2025-09,Municipal Services,V0047,Supplier 047,Software & Licensing,Open Competition,PO-59128,"$2,213.63",Yes,EFT,FALSE,FALSE,FALSE,FALSE,FALSE,FALSE,FALSE,FALSE,0,Routine,FALSE,No predefined exception
PAY-001649,INV-594064,9/2/2025,2025-26,2025-09,Digital Government,V0017,Supplier 017,Building Maintenance,Open Competition,PO-30310,$494.15,Yes,EFT,FALSE,FALSE,FALSE,FALSE,FALSE,FALSE,FALSE,FALSE,0,Routine,FALSE,No predefined exception
PAY-000367,INV-244233,9/2/2025,2025-26,2025-09,Digital Government,V0051,Supplier 051,Transportation Services,Open Competition,PO-53997,$778.96,Yes,EFT,FALSE,FALSE,FALSE,FALSE,FALSE,FALSE,FALSE,FALSE,0,Routine,FALSE,No predefined exception
PAY-002469,INV-709756,9/2/2025,2025-26,2025-09,Education,V0058,Supplier 058,Equipment,Open Competition,PO-78965,"$2,209.68",Yes,EFT,FALSE,FALSE,FALSE,FALSE,FALSE,FALSE,FALSE,FALSE,0,Routine,FALSE,No predefined exception
PAY-001201,INV-831672,9/3/2025,2025-26,2025-09,Municipal Services,V0071,Supplier 071,Software & Licensing,Invitational,PO-34982,$538.39,Yes,EFT,FALSE,FALSE,FALSE,FALSE,FALSE,FALSE,FALSE,FALSE,0,Routine,FALSE,No predefined exception
PAY-002167,INV-936971,9/3/2025,2025-26,2025-09,Health Services,V0040,Supplier 040,IT Hardware,Open Competition,PO-56132,"$1,586.98",Yes,Corporate Card,FALSE,FALSE,FALSE,FALSE,FALSE,FALSE,FALSE,FALSE,0,Routine,FALSE,No predefined exception
PAY-002001,INV-522275,9/3/2025,2025-26,2025-09,Municipal Services,V0016,Supplier 016,Training,Invitational,PO-64738,"$3,000.21",Yes,EFT,FALSE,FALSE,FALSE,FALSE,FALSE,FALSE,FALSE,FALSE,0,Routine,FALSE,No predefined exception
PAY-002444,INV-148113,9/3/2025,2025-26,2025-09,Health Services,V0068,Supplier 068,IT Hardware,Invitational,PO-27048,"$1,947.62",Yes,EFT,FALSE,FALSE,FALSE,FALSE,FALSE,FALSE,FALSE,FALSE,0,Routine,FALSE,No predefined exception
PAY-000687,INV-415288,9/3/2025,2025-26,2025-09,Education,V0045,Supplier 045,Equipment,Standing Offer,PO-25948,"$2,431.95",Yes,EFT,FALSE,FALSE,FALSE,FALSE,FALSE,FALSE,FALSE,FALSE,0,Routine,FALSE,No predefined exception
PAY-001729,INV-921462,9/4/2025,2025-26,2025-09,Justice & Public Safety,V0023,Supplier 023,Building Maintenance,Open Competition,PO-83834,"$2,319.50",Yes,EFT,FALSE,FALSE,FALSE,FALSE,FALSE,FALSE,FALSE,FALSE,0,Routine,FALSE,No predefined exception
PAY-001083,INV-493445,9/4/2025,2025-26,2025-09,Health Services,V0037,Supplier 037,Office Supplies,Open Competition,PO-14258,"$10,820.23",Yes,Corporate Card,FALSE,FALSE,FALSE,FALSE,TRUE,FALSE,FALSE,FALSE,2,Moderate,TRUE,Statistical amount outlier
PAY-002165,INV-498825,9/4/2025,2025-26,2025-09,Education,V0022,Supplier 022,Software & Licensing,Invitational,PO-57112,"$1,229.66",Yes,EFT,FALSE,FALSE,FALSE,FALSE,FALSE,FALSE,FALSE,FALSE,0,Routine,FALSE,No predefined exception
PAY-000092,INV-978260,9/4/2025,2025-26,2025-09,Health Services,V0012,Supplier 012,Training,Open Competition,PO-74102,"$1,811.74",Yes,EFT,FALSE,FALSE,FALSE,FALSE,FALSE,FALSE,FALSE,FALSE,0,Routine,FALSE,No predefined exception
PAY-002049,INV-745099,9/4/2025,2025-26,2025-09,Health Services,V0020,Supplier 020,Professional Services,Open Competition,PO-31470,"$3,821.48",Yes,EFT,FALSE,FALSE,FALSE,FALSE,FALSE,FALSE,FALSE,FALSE,0,Routine,FALSE,No predefined exception
PAY-001108,INV-907182,9/4/2025,2025-26,2025-09,Health Services,V0028,Supplier 028,IT Hardware,Sole Source,PO-71146,"$52,588.05",Yes,EFT,FALSE,FALSE,FALSE,FALSE,TRUE,TRUE,FALSE,FALSE,4,Higher,TRUE,Statistical amount outlier; Higher-value sole-source transaction
PAY-001105,INV-429963,9/4/2025,2025-26,2025-09,Health Services,V0073,Supplier 073,Construction Services,Sole Source,PO-17196,"$35,570.71",Yes,EFT,FALSE,FALSE,FALSE,FALSE,TRUE,TRUE,FALSE,FALSE,4,Higher,TRUE,Statistical amount outlier; Higher-value sole-source transaction
PAY-001080,INV-856488,9/4/2025,2025-26,2025-09,Digital Government,V0072,Supplier 072,Equipment,Open Competition,PO-81836,"$3,513.94",Yes,EFT,FALSE,FALSE,FALSE,FALSE,FALSE,FALSE,FALSE,FALSE,0,Routine,FALSE,No predefined exception
PAY-000430,INV-797652,9/5/2025,2025-26,2025-09,Municipal Services,V0037,Supplier 037,Professional Services,Standing Offer,PO-77933,"$5,556.67",Yes,EFT,FALSE,FALSE,FALSE,FALSE,FALSE,FALSE,FALSE,FALSE,0,Routine,FALSE,No predefined exception
PAY-002172,INV-997691,9/5/2025,2025-26,2025-09,Justice & Public Safety,V0018,Supplier 018,Training,Open Competition,PO-26684,"$9,047.39",Yes,EFT,FALSE,FALSE,FALSE,FALSE,TRUE,FALSE,FALSE,FALSE,2,Moderate,TRUE,Statistical amount outlier
PAY-001661,INV-670819,9/5/2025,2025-26,2025-09,Digital Government,V0073,Supplier 073,Professional Services,Open Competition,PO-87462,$324.50,Yes,EFT,FALSE,FALSE,FALSE,FALSE,FALSE,FALSE,FALSE,FALSE,0,Routine,FALSE,No predefined exception
PAY-002316,INV-464206,9/5/2025,2025-26,2025-09,Municipal Services,V0014,Supplier 014,Construction Services,Invitational,PO-50995,"$3,773.78",Yes,EFT,FALSE,FALSE,FALSE,FALSE,FALSE,FALSE,FALSE,FALSE,0,Routine,FALSE,No predefined exception
PAY-002376,INV-890073,9/5/2025,2025-26,2025-09,Justice & Public Safety,V0004,Supplier 004,Professional Services,Open Competition,PO-92532,"$1,913.30",Yes,EFT,FALSE,FALSE,FALSE,FALSE,FALSE,FALSE,FALSE,FALSE,0,Routine,FALSE,No predefined exception
PAY-001222,INV-985540,9/5/2025,2025-26,2025-09,Transportation & Infrastructure,V0032,Supplier 032,IT Hardware,Invitational,PO-41775,$520.52,Yes,EFT,FALSE,FALSE,FALSE,FALSE,FALSE,FALSE,FALSE,FALSE,0,Routine,FALSE,No predefined exception
PAY-000310,INV-327966,9/5/2025,2025-26,2025-09,Justice & Public Safety,V0074,Supplier 074,Office Supplies,Standing Offer,PO-54790,"$3,416.84",Yes,Cheque,FALSE,FALSE,FALSE,FALSE,FALSE,FALSE,FALSE,FALSE,0,Routine,FALSE,No predefined exception
PAY-001521,INV-809163,9/5/2025,2025-26,2025-09,Transportation & Infrastructure,V0064,Supplier 064,Office Supplies,Open Competition,PO-16626,$383.14,Yes,EFT,FALSE,FALSE,FALSE,FALSE,FALSE,FALSE,FALSE,FALSE,0,Routine,FALSE,No predefined exception
PAY-001310,INV-927165,9/5/2025,2025-26,2025-09,Digital Government,V0055,Supplier 055,Office Supplies,Open Competition,PO-48245,"$2,312.22",Yes,EFT,FALSE,FALSE,FALSE,FALSE,FALSE,FALSE,FALSE,FALSE,0,Routine,FALSE,No predefined exception
PAY-000333,INV-117143,9/5/2025,2025-26,2025-09,Digital Government,V0066,Supplier 066,Training,Standing Offer,PO-90195,"$6,710.59",Yes,EFT,FALSE,FALSE,FALSE,FALSE,FALSE,FALSE,FALSE,FALSE,0,Routine,FALSE,No predefined exception
PAY-002378,INV-395103,9/5/2025,2025-26,2025-09,Education,V0044,Supplier 044,IT Hardware,Standing Offer,,$865.27,Yes,Cheque,FALSE,FALSE,TRUE,FALSE,FALSE,FALSE,FALSE,FALSE,1,Routine,FALSE,Missing purchase order
PAY-002092,INV-404543,9/6/2025,2025-26,2025-09,Education,V0057,Supplier 057,IT Hardware,Sole Source,PO-95620,$315.37,Yes,EFT,FALSE,FALSE,FALSE,FALSE,FALSE,FALSE,FALSE,FALSE,0,Routine,FALSE,No predefined exception
PAY-001098,INV-914468,9/6/2025,2025-26,2025-09,Health Services,V0013,Supplier 013,Office Supplies,Invitational,PO-85122,$353.15,Yes,EFT,FALSE,FALSE,FALSE,FALSE,FALSE,FALSE,FALSE,FALSE,0,Routine,FALSE,No predefined exception
PAY-002185,INV-394358,9/6/2025,2025-26,2025-09,Natural Resources,V0041,Supplier 041,Construction Services,Invitational,PO-36950,"$1,087.25",Yes,EFT,FALSE,FALSE,FALSE,FALSE,FALSE,FALSE,FALSE,FALSE,0,Routine,FALSE,No predefined exception
PAY-001474,INV-968331,9/6/2025,2025-26,2025-09,Transportation & Infrastructure,V0013,Supplier 013,IT Hardware,Sole Source,PO-95472,$847.23,Yes,EFT,FALSE,FALSE,FALSE,FALSE,FALSE,FALSE,FALSE,FALSE,0,Routine,FALSE,No predefined exception
PAY-001909,INV-259472,9/6/2025,2025-26,2025-09,Digital Government,V0043,Supplier 043,Equipment,Invitational,PO-64588,"$1,166.66",Yes,EFT,FALSE,FALSE,FALSE,FALSE,FALSE,FALSE,FALSE,FALSE,0,Routine,FALSE,No predefined exception
PAY-002492,INV-882920,9/7/2025,2025-26,2025-09,Natural Resources,V0076,Supplier 076,Professional Services,Open Competition,PO-96760,"$5,387.07",Yes,EFT,FALSE,FALSE,FALSE,FALSE,FALSE,FALSE,FALSE,FALSE,0,Routine,FALSE,No predefined exception
PAY-000838,INV-769250,9/7/2025,2025-26,2025-09,Natural Resources,V0026,Supplier 026,Training,Open Competition,PO-52793,$637.58,Yes,EFT,FALSE,FALSE,FALSE,FALSE,FALSE,FALSE,FALSE,FALSE,0,Routine,FALSE,No predefined exception
PAY-000659,INV-174231,9/7/2025,2025-26,2025-09,Municipal Services,V0039,Supplier 039,Software & Licensing,Standing Offer,PO-78460,"$3,056.17",Yes,EFT,FALSE,FALSE,FALSE,FALSE,FALSE,FALSE,FALSE,FALSE,0,Routine,FALSE,No predefined exception
PAY-002240,INV-996618,9/7/2025,2025-26,2025-09,Education,V0023,Supplier 023,IT Hardware,Standing Offer,PO-23522,"$4,066.48",Yes,EFT,FALSE,FALSE,FALSE,FALSE,FALSE,FALSE,FALSE,FALSE,0,Routine,FALSE,No predefined exception
PAY-001579,INV-393132,9/7/2025,2025-26,2025-09,Natural Resources,V0002,Supplier 002,Office Supplies,Open Competition,PO-46852,"$4,411.83",Yes,Cheque,FALSE,FALSE,FALSE,FALSE,FALSE,FALSE,FALSE,FALSE,0,Routine,FALSE,No predefined exception
PAY-001659,INV-657176,9/7/2025,2025-26,2025-09,Digital Government,V0003,Supplier 003,Construction Services,Open Competition,PO-10046,"$1,047.97",Yes,EFT,FALSE,FALSE,FALSE,FALSE,FALSE,FALSE,FALSE,FALSE,0,Routine,FALSE,No predefined exception
PAY-000503,INV-377483,9/7/2025,2025-26,2025-09,Health Services,,,Training,Open Competition,PO-17913,"$20,702.00",Yes,EFT,FALSE,TRUE,FALSE,FALSE,TRUE,FALSE,FALSE,FALSE,4,Higher,TRUE,Missing vendor information; Statistical amount outlier
PAY-001814,INV-974072,9/7/2025,2025-26,2025-09,Justice & Public Safety,V0072,Supplier 072,Building Maintenance,Open Competition,PO-50140,"$4,234.15",Yes,EFT,FALSE,FALSE,FALSE,FALSE,FALSE,FALSE,FALSE,FALSE,0,Routine,FALSE,No predefined exception
PAY-002424,INV-461462,9/7/2025,2025-26,2025-09,Justice & Public Safety,V0017,Supplier 017,Transportation Services,Standing Offer,PO-84660,"$4,845.22",Yes,EFT,FALSE,FALSE,FALSE,FALSE,FALSE,FALSE,FALSE,FALSE,0,Routine,FALSE,No predefined exception
PAY-000219,INV-926547,9/7/2025,2025-26,2025-09,Health Services,V0020,Supplier 020,Training,Invitational,PO-84675,"$9,850.00",Yes,EFT,FALSE,FALSE,FALSE,TRUE,TRUE,FALSE,FALSE,FALSE,4,Higher,TRUE,Near hypothetical threshold; Statistical amount outlier
PAY-002284,INV-517230,9/7/2025,2025-26,2025-09,Education,V0023,Supplier 023,Construction Services,Open Competition,PO-12929,"$2,468.24",Yes,EFT,FALSE,FALSE,FALSE,FALSE,FALSE,FALSE,FALSE,FALSE,0,Routine,FALSE,No predefined exception
PAY-000269,INV-766514,9/7/2025,2025-26,2025-09,Justice & Public Safety,V0056,Supplier 056,Professional Services,Sole Source,,"$19,189.48",Yes,EFT,FALSE,FALSE,TRUE,FALSE,TRUE,TRUE,FALSE,FALSE,5,Higher,TRUE,Missing purchase order; Statistical amount outlier; Higher-value sole-source transaction
PAY-000192,INV-607173,9/7/2025,2025-26,2025-09,Education,V0030,Supplier 030,Office Supplies,Open Competition,PO-30386,$870.44,Yes,EFT,FALSE,FALSE,FALSE,FALSE,FALSE,FALSE,FALSE,FALSE,0,Routine,FALSE,No predefined exception
PAY-000153,INV-700699,9/7/2025,2025-26,2025-09,Municipal Services,V0037,Supplier 037,Professional Services,Open Competition,PO-47924,"$1,046.08",Yes,EFT,FALSE,FALSE,FALSE,FALSE,FALSE,FALSE,FALSE,FALSE,0,Routine,FALSE,No predefined exception
PAY-002084,INV-466047,9/8/2025,2025-26,2025-09,Health Services,V0064,Supplier 064,Office Supplies,Standing Offer,PO-47872,"$4,159.55",Yes,EFT,FALSE,FALSE,FALSE,FALSE,FALSE,FALSE,FALSE,FALSE,0,Routine,FALSE,No predefined exception
PAY-001820,INV-143822,9/8/2025,2025-26,2025-09,Municipal Services,V0017,Supplier 017,Professional Services,Invitational,PO-39297,$773.25,Yes,EFT,FALSE,FALSE,FALSE,FALSE,FALSE,FALSE,FALSE,FALSE,0,Routine,FALSE,No predefined exception
PAY-000024,INV-564432,9/8/2025,2025-26,2025-09,Digital Government,V0056,Supplier 056,Software & Licensing,Invitational,PO-48660,"$6,270.36",Yes,EFT,FALSE,FALSE,FALSE,FALSE,FALSE,FALSE,FALSE,FALSE,0,Routine,FALSE,No predefined exception
PAY-001490,INV-245693,9/8/2025,2025-26,2025-09,Municipal Services,V0026,Supplier 026,Software & Licensing,Open Competition,PO-29290,"$3,272.36",Yes,EFT,FALSE,FALSE,FALSE,FALSE,FALSE,FALSE,FALSE,FALSE,0,Routine,FALSE,No predefined exception
PAY-002342,INV-362512,9/8/2025,2025-26,2025-09,Natural Resources,V0069,Supplier 069,Equipment,Open Competition,PO-80499,"$2,287.55",Yes,EFT,FALSE,FALSE,FALSE,FALSE,FALSE,FALSE,FALSE,FALSE,0,Routine,FALSE,No predefined exception
PAY-002234,INV-638065,9/8/2025,2025-26,2025-09,Digital Government,V0024,Supplier 024,IT Hardware,Standing Offer,PO-99947,"$3,121.41",Yes,EFT,FALSE,FALSE,FALSE,FALSE,FALSE,FALSE,FALSE,FALSE,0,Routine,FALSE,No predefined exception
PAY-001195,INV-993993,9/8/2025,2025-26,2025-09,Justice & Public Safety,V0040,Supplier 040,Office Supplies,Sole Source,PO-45301,"$5,673.72",Yes,EFT,FALSE,FALSE,FALSE,FALSE,FALSE,FALSE,FALSE,FALSE,0,Routine,FALSE,No predefined exception
PAY-002018,INV-922545,9/8/2025,2025-26,2025-09,Digital Government,V0045,Supplier 045,Office Supplies,Standing Offer,PO-32943,"$2,448.10",Yes,Corporate Card,FALSE,FALSE,FALSE,FALSE,FALSE,FALSE,FALSE,FALSE,0,Routine,FALSE,No predefined exception
PAY-000349,INV-602716,9/8/2025,2025-26,2025-09,Municipal Services,V0061,Supplier 061,Transportation Services,Standing Offer,PO-58556,"$1,994.42",Yes,EFT,FALSE,FALSE,FALSE,FALSE,FALSE,FALSE,FALSE,FALSE,0,Routine,FALSE,No predefined exception
PAY-001002,INV-196058,9/8/2025,2025-26,2025-09,Municipal Services,V0044,Supplier 044,Construction Services,Sole Source,PO-17421,"$18,868.14",Yes,EFT,FALSE,FALSE,FALSE,FALSE,TRUE,TRUE,FALSE,FALSE,4,Higher,TRUE,Statistical amount outlier; Higher-value sole-source transaction
PAY-000280,INV-880427,9/8/2025,2025-26,2025-09,Digital Government,V0066,Supplier 066,Transportation Services,Sole Source,PO-75841,"$2,132.68",Yes,Cheque,FALSE,FALSE,FALSE,FALSE,FALSE,FALSE,FALSE,FALSE,0,Routine,FALSE,No predefined exception
PAY-001281,INV-213606,9/8/2025,2025-26,2025-09,Justice & Public Safety,V0005,Supplier 005,Training,Open Competition,PO-39967,"$2,275.28",Yes,EFT,FALSE,FALSE,FALSE,FALSE,FALSE,FALSE,FALSE,FALSE,0,Routine,FALSE,No predefined exception
PAY-000298,INV-409945,9/8/2025,2025-26,2025-09,Transportation & Infrastructure,V0070,Supplier 070,IT Hardware,Sole Source,PO-77542,"$5,354.63",Yes,EFT,FALSE,FALSE,FALSE,FALSE,FALSE,FALSE,FALSE,FALSE,0,Routine,FALSE,No predefined exception
PAY-001245,INV-856556,9/9/2025,2025-26,2025-09,Natural Resources,V0019,Supplier 019,IT Hardware,Standing Offer,PO-98519,"$1,950.55",Yes,EFT,FALSE,FALSE,FALSE,FALSE,FALSE,FALSE,FALSE,FALSE,0,Routine,FALSE,No predefined exception
PAY-000769,INV-880445,9/9/2025,2025-26,2025-09,Education,V0007,Supplier 007,Professional Services,Sole Source,PO-24177,"$5,324.09",No,EFT,FALSE,FALSE,FALSE,FALSE,FALSE,FALSE,FALSE,TRUE,3,Moderate,TRUE,Approval exception
PAY-000072,INV-468615,9/9/2025,2025-26,2025-09,Education,V0044,Supplier 044,Building Maintenance,Open Competition,PO-72987,"$2,694.63",Yes,EFT,FALSE,FALSE,FALSE,FALSE,FALSE,FALSE,FALSE,FALSE,0,Routine,FALSE,No predefined exception
PAY-001750,INV-523041,9/9/2025,2025-26,2025-09,Digital Government,V0060,Supplier 060,IT Hardware,Open Competition,PO-33449,"$9,923.44",Yes,Corporate Card,FALSE,FALSE,FALSE,TRUE,TRUE,FALSE,FALSE,FALSE,4,Higher,TRUE,Near hypothetical threshold; Statistical amount outlier
PAY-000594,INV-662167,9/10/2025,2025-26,2025-09,Justice & Public Safety,V0053,Supplier 053,Transportation Services,Open Competition,PO-72977,"$3,767.10",Yes,EFT,FALSE,FALSE,FALSE,FALSE,FALSE,FALSE,FALSE,FALSE,0,Routine,FALSE,No predefined exception
PAY-000295,INV-547746,9/10/2025,2025-26,2025-09,Municipal Services,V0036,Supplier 036,IT Hardware,Standing Offer,PO-57937,"$4,130.87",Yes,EFT,FALSE,FALSE,FALSE,FALSE,FALSE,FALSE,FALSE,FALSE,0,Routine,FALSE,No predefined exception
PAY-001751,INV-923271,9/10/2025,2025-26,2025-09,Health Services,V0023,Supplier 023,Transportation Services,Open Competition,PO-75494,"$3,382.81",Yes,EFT,FALSE,FALSE,FALSE,FALSE,FALSE,FALSE,FALSE,FALSE,0,Routine,FALSE,No predefined exception
PAY-000507,INV-721781,9/10/2025,2025-26,2025-09,Municipal Services,,,Construction Services,Open Competition,PO-29467,"$1,528.02",Yes,EFT,FALSE,TRUE,FALSE,FALSE,FALSE,FALSE,FALSE,FALSE,2,Moderate,TRUE,Missing vendor information
PAY-001683,INV-167560,9/10/2025,2025-26,2025-09,Health Services,V0052,Supplier 052,IT Hardware,Open Competition,PO-68482,"$3,489.15",Yes,EFT,FALSE,FALSE,FALSE,FALSE,FALSE,FALSE,FALSE,FALSE,0,Routine,FALSE,No predefined exception
PAY-000105,INV-870519,9/10/2025,2025-26,2025-09,Municipal Services,V0033,Supplier 033,Construction Services,Invitational,PO-87167,$954.30,Yes,EFT,TRUE,FALSE,FALSE,FALSE,FALSE,FALSE,FALSE,FALSE,3,Moderate,TRUE,Potential duplicate
PAY-001966,INV-126393,9/10/2025,2025-26,2025-09,Education,V0059,Supplier 059,Training,Open Competition,PO-21920,"$1,768.47",Yes,EFT,FALSE,FALSE,FALSE,FALSE,FALSE,FALSE,FALSE,FALSE,0,Routine,FALSE,No predefined exception
PAY-002385,INV-694486,9/10/2025,2025-26,2025-09,Transportation & Infrastructure,V0017,Supplier 017,Office Supplies,Open Competition,PO-80773,"$1,656.08",Yes,EFT,FALSE,FALSE,FALSE,FALSE,FALSE,FALSE,FALSE,FALSE,0,Routine,FALSE,No predefined exception
PAY-DUP-005,INV-870519,9/10/2025,2025-26,2025-09,Municipal Services,V0033,Supplier 033,Construction Services,Invitational,PO-87167,$954.30,Yes,EFT,TRUE,FALSE,FALSE,FALSE,FALSE,FALSE,FALSE,FALSE,3,Moderate,TRUE,Potential duplicate
PAY-002272,INV-998599,9/11/2025,2025-26,2025-09,Natural Resources,V0060,Supplier 060,Construction Services,Standing Offer,PO-34807,"$1,540.39",Yes,EFT,FALSE,FALSE,FALSE,FALSE,FALSE,FALSE,FALSE,FALSE,0,Routine,FALSE,No predefined exception
PAY-000691,INV-278371,9/11/2025,2025-26,2025-09,Natural Resources,V0007,Supplier 007,Transportation Services,Open Competition,PO-46110,"$1,005.31",Yes,EFT,FALSE,FALSE,FALSE,FALSE,FALSE,FALSE,FALSE,FALSE,0,Routine,FALSE,No predefined exception
PAY-002398,INV-501752,9/11/2025,2025-26,2025-09,Natural Resources,V0008,Supplier 008,Office Supplies,Open Competition,PO-40838,"$3,884.42",Yes,EFT,FALSE,FALSE,FALSE,FALSE,FALSE,FALSE,FALSE,FALSE,0,Routine,FALSE,No predefined exception
PAY-001381,INV-339647,9/11/2025,2025-26,2025-09,Transportation & Infrastructure,V0015,Supplier 015,IT Hardware,Open Competition,PO-73849,"$1,457.50",Yes,Cheque,FALSE,FALSE,FALSE,FALSE,FALSE,FALSE,FALSE,FALSE,0,Routine,FALSE,No predefined exception
PAY-000669,INV-373326,9/11/2025,2025-26,2025-09,Health Services,V0064,Supplier 064,IT Hardware,Standing Offer,PO-11085,"$1,731.19",Yes,Cheque,FALSE,FALSE,FALSE,FALSE,FALSE,FALSE,FALSE,FALSE,0,Routine,FALSE,No predefined exception
PAY-000540,INV-679789,9/11/2025,2025-26,2025-09,Municipal Services,V0034,Supplier 034,Professional Services,Standing Offer,PO-59741,"$3,849.33",Yes,EFT,FALSE,FALSE,FALSE,FALSE,FALSE,FALSE,FALSE,FALSE,0,Routine,FALSE,No predefined exception
PAY-002493,INV-872783,9/11/2025,2025-26,2025-09,Health Services,V0060,Supplier 060,Office Supplies,Standing Offer,PO-17636,"$1,364.33",Yes,Corporate Card,FALSE,FALSE,FALSE,FALSE,FALSE,FALSE,FALSE,FALSE,0,Routine,FALSE,No predefined exception
PAY-002227,INV-145807,9/11/2025,2025-26,2025-09,Municipal Services,V0003,Supplier 003,Training,Open Competition,PO-54956,"$1,759.78",Yes,EFT,FALSE,FALSE,FALSE,FALSE,FALSE,FALSE,FALSE,FALSE,0,Routine,FALSE,No predefined exception
PAY-001969,INV-579551,9/11/2025,2025-26,2025-09,Justice & Public Safety,V0020,Supplier 020,Construction Services,Invitational,PO-44973,"$2,783.98",Yes,EFT,FALSE,FALSE,FALSE,FALSE,FALSE,FALSE,FALSE,FALSE,0,Routine,FALSE,No predefined exception
PAY-001712,INV-260576,9/11/2025,2025-26,2025-09,Natural Resources,V0068,Supplier 068,Building Maintenance,Invitational,PO-49170,"$1,823.97",Yes,EFT,FALSE,FALSE,FALSE,FALSE,FALSE,FALSE,FALSE,FALSE,0,Routine,FALSE,No predefined exception
PAY-001044,INV-135187,9/12/2025,2025-26,2025-09,Transportation & Infrastructure,V0020,Supplier 020,Building Maintenance,Standing Offer,PO-12918,"$4,715.93",Yes,EFT,FALSE,FALSE,FALSE,FALSE,FALSE,FALSE,FALSE,FALSE,0,Routine,FALSE,No predefined exception
PAY-001346,INV-907733,9/12/2025,2025-26,2025-09,Education,V0012,Supplier 012,Equipment,Open Competition,PO-94956,"$2,211.09",Yes,EFT,FALSE,FALSE,FALSE,FALSE,FALSE,FALSE,FALSE,FALSE,0,Routine,FALSE,No predefined exception
PAY-001274,INV-154225,9/12/2025,2025-26,2025-09,Health Services,V0028,Supplier 028,Equipment,Open Competition,PO-87700,$812.52,Yes,EFT,FALSE,FALSE,FALSE,FALSE,FALSE,FALSE,FALSE,FALSE,0,Routine,FALSE,No predefined exception
PAY-001996,INV-103435,9/12/2025,2025-26,2025-09,Transportation & Infrastructure,V0052,Supplier 052,Equipment,Open Competition,PO-40472,"$7,303.95",Yes,Corporate Card,FALSE,FALSE,FALSE,FALSE,FALSE,FALSE,FALSE,FALSE,0,Routine,FALSE,No predefined exception
PAY-000750,INV-298110,9/12/2025,2025-26,2025-09,Natural Resources,V0007,Supplier 007,Construction Services,Invitational,PO-99452,"$6,697.75",Yes,Cheque,FALSE,FALSE,FALSE,FALSE,FALSE,FALSE,FALSE,FALSE,0,Routine,FALSE,No predefined exception
PAY-000616,INV-897157,9/12/2025,2025-26,2025-09,Justice & Public Safety,V0031,Supplier 031,Equipment,Standing Offer,,"$1,884.83",Yes,EFT,FALSE,FALSE,TRUE,FALSE,FALSE,FALSE,FALSE,FALSE,1,Routine,FALSE,Missing purchase order
PAY-000185,INV-794089,9/12/2025,2025-26,2025-09,Justice & Public Safety,V0041,Supplier 041,Equipment,Open Competition,PO-84090,"$5,920.57",Yes,EFT,FALSE,FALSE,FALSE,FALSE,FALSE,FALSE,FALSE,FALSE,0,Routine,FALSE,No predefined exception
PAY-000800,INV-254062,9/13/2025,2025-26,2025-09,Justice & Public Safety,V0021,Supplier 021,Construction Services,Sole Source,PO-11056,"$3,107.43",Yes,EFT,FALSE,FALSE,FALSE,FALSE,FALSE,FALSE,FALSE,FALSE,0,Routine,FALSE,No predefined exception
PAY-001800,INV-347541,9/13/2025,2025-26,2025-09,Municipal Services,V0080,Supplier 080,Equipment,Open Competition,PO-63165,$140.68,Yes,EFT,FALSE,FALSE,FALSE,FALSE,FALSE,FALSE,FALSE,FALSE,0,Routine,FALSE,No predefined exception
PAY-001236,INV-964360,9/13/2025,2025-26,2025-09,Justice & Public Safety,V0030,Supplier 030,Software & Licensing,Open Competition,PO-53050,$378.92,Yes,EFT,FALSE,FALSE,FALSE,FALSE,FALSE,FALSE,FALSE,FALSE,0,Routine,FALSE,No predefined exception
PAY-001833,INV-472949,9/13/2025,2025-26,2025-09,Health Services,V0063,Supplier 063,Construction Services,Open Competition,PO-21243,"$1,544.87",Yes,EFT,FALSE,FALSE,FALSE,FALSE,FALSE,FALSE,FALSE,FALSE,0,Routine,FALSE,No predefined exception
PAY-001785,INV-872466,9/13/2025,2025-26,2025-09,Municipal Services,V0038,Supplier 038,Transportation Services,Open Competition,PO-50241,$527.42,Yes,EFT,FALSE,FALSE,FALSE,FALSE,FALSE,FALSE,FALSE,FALSE,0,Routine,FALSE,No predefined exception
PAY-002373,INV-207338,9/13/2025,2025-26,2025-09,Municipal Services,V0071,Supplier 071,Training,Invitational,PO-94487,$975.91,Yes,EFT,FALSE,FALSE,FALSE,FALSE,FALSE,FALSE,FALSE,FALSE,0,Routine,FALSE,No predefined exception
PAY-000047,INV-760354,9/14/2025,2025-26,2025-09,Natural Resources,V0038,Supplier 038,Construction Services,Open Competition,PO-72876,$935.42,Yes,EFT,FALSE,FALSE,FALSE,FALSE,FALSE,FALSE,FALSE,FALSE,0,Routine,FALSE,No predefined exception
PAY-002266,INV-739724,9/14/2025,2025-26,2025-09,Municipal Services,V0003,Supplier 003,Training,Invitational,PO-86034,"$2,006.00",Yes,EFT,FALSE,FALSE,FALSE,FALSE,FALSE,FALSE,FALSE,FALSE,0,Routine,FALSE,No predefined exception
PAY-002255,INV-702294,9/14/2025,2025-26,2025-09,Justice & Public Safety,V0024,Supplier 024,IT Hardware,Standing Offer,PO-43241,"$7,730.58",Yes,EFT,FALSE,FALSE,FALSE,FALSE,FALSE,FALSE,FALSE,FALSE,0,Routine,FALSE,No predefined exception
PAY-000633,INV-326024,9/14/2025,2025-26,2025-09,Transportation & Infrastructure,V0029,Supplier 029,Training,Open Competition,PO-81317,"$4,685.58",Yes,Corporate Card,FALSE,FALSE,FALSE,FALSE,FALSE,FALSE,FALSE,FALSE,0,Routine,FALSE,No predefined exception
PAY-002223,INV-167194,9/14/2025,2025-26,2025-09,Health Services,V0045,Supplier 045,Equipment,Open Competition,PO-82726,"$1,383.52",Yes,EFT,FALSE,FALSE,FALSE,FALSE,FALSE,FALSE,FALSE,FALSE,0,Routine,FALSE,No predefined exception
PAY-000609,INV-354043,9/15/2025,2025-26,2025-09,Natural Resources,V0017,Supplier 017,Office Supplies,Invitational,,"$1,563.23",Yes,EFT,FALSE,FALSE,TRUE,FALSE,FALSE,FALSE,FALSE,FALSE,1,Routine,FALSE,Missing purchase order
PAY-000514,INV-387307,9/15/2025,2025-26,2025-09,Health Services,V0056,Supplier 056,Software & Licensing,Open Competition,PO-61050,"$4,164.37",Yes,EFT,FALSE,FALSE,FALSE,FALSE,FALSE,FALSE,FALSE,FALSE,0,Routine,FALSE,No predefined exception
PAY-001358,INV-646547,9/15/2025,2025-26,2025-09,Natural Resources,V0079,Supplier 079,Transportation Services,Invitational,PO-62791,"$1,059.67",Yes,EFT,FALSE,FALSE,FALSE,FALSE,FALSE,FALSE,FALSE,FALSE,0,Routine,FALSE,No predefined exception
PAY-001009,INV-577843,9/15/2025,2025-26,2025-09,Natural Resources,V0064,Supplier 064,Equipment,Invitational,,"$3,744.47",Yes,EFT,FALSE,FALSE,TRUE,FALSE,FALSE,FALSE,FALSE,FALSE,1,Routine,FALSE,Missing purchase order
PAY-001634,INV-149402,9/15/2025,2025-26,2025-09,Health Services,V0078,Supplier 078,Equipment,Sole Source,PO-65674,"$2,343.14",Yes,EFT,FALSE,FALSE,FALSE,FALSE,FALSE,FALSE,FALSE,FALSE,0,Routine,FALSE,No predefined exception
PAY-000297,INV-684570,9/16/2025,2025-26,2025-09,Municipal Services,V0051,Supplier 051,Professional Services,Invitational,PO-92306,"$2,343.29",Yes,EFT,FALSE,FALSE,FALSE,FALSE,FALSE,FALSE,FALSE,FALSE,0,Routine,FALSE,No predefined exception
PAY-001640,INV-407980,9/16/2025,2025-26,2025-09,Education,V0042,Supplier 042,Construction Services,Open Competition,PO-98943,"$2,548.82",Yes,EFT,FALSE,FALSE,FALSE,FALSE,FALSE,FALSE,FALSE,FALSE,0,Routine,FALSE,No predefined exception
PAY-002085,INV-618790,9/16/2025,2025-26,2025-09,Justice & Public Safety,V0053,Supplier 053,Equipment,Standing Offer,PO-39340,"$1,910.74",Yes,EFT,FALSE,FALSE,FALSE,FALSE,FALSE,FALSE,FALSE,FALSE,0,Routine,FALSE,No predefined exception
PAY-000374,INV-257403,9/17/2025,2025-26,2025-09,Digital Government,V0056,Supplier 056,Training,Open Competition,PO-22952,"$2,011.33",Yes,EFT,FALSE,FALSE,FALSE,FALSE,FALSE,FALSE,FALSE,FALSE,0,Routine,FALSE,No predefined exception
PAY-001597,INV-864325,9/17/2025,2025-26,2025-09,Natural Resources,V0052,Supplier 052,Equipment,Sole Source,PO-13372,"$1,220.25",Yes,EFT,FALSE,FALSE,FALSE,FALSE,FALSE,FALSE,FALSE,FALSE,0,Routine,FALSE,No predefined exception
PAY-001495,INV-398818,9/17/2025,2025-26,2025-09,Justice & Public Safety,V0055,Supplier 055,Building Maintenance,Sole Source,PO-34133,"$5,759.21",Yes,EFT,FALSE,FALSE,FALSE,FALSE,FALSE,FALSE,FALSE,FALSE,0,Routine,FALSE,No predefined exception
PAY-000160,INV-338441,9/17/2025,2025-26,2025-09,Justice & Public Safety,V0073,Supplier 073,Training,Open Competition,PO-56993,$685.27,Yes,EFT,FALSE,FALSE,FALSE,FALSE,FALSE,FALSE,FALSE,FALSE,0,Routine,FALSE,No predefined exception
PAY-002209,INV-217798,9/17/2025,2025-26,2025-09,Justice & Public Safety,V0003,Supplier 003,Equipment,Open Competition,PO-10105,"$11,353.44",Yes,EFT,FALSE,FALSE,FALSE,FALSE,TRUE,FALSE,FALSE,FALSE,2,Moderate,TRUE,Statistical amount outlier
PAY-000032,INV-782265,9/17/2025,2025-26,2025-09,Natural Resources,V0073,Supplier 073,IT Hardware,Open Competition,PO-66198,$486.95,Yes,EFT,FALSE,FALSE,FALSE,FALSE,FALSE,FALSE,FALSE,FALSE,0,Routine,FALSE,No predefined exception
PAY-001646,INV-586134,9/17/2025,2025-26,2025-09,Municipal Services,V0024,Supplier 024,Transportation Services,Open Competition,PO-25345,"$3,464.80",Yes,EFT,FALSE,FALSE,FALSE,FALSE,FALSE,FALSE,FALSE,FALSE,0,Routine,FALSE,No predefined exception
PAY-000610,INV-743198,9/17/2025,2025-26,2025-09,Municipal Services,V0057,Supplier 057,Transportation Services,Open Competition,,$681.68,Yes,EFT,FALSE,FALSE,TRUE,FALSE,FALSE,FALSE,FALSE,FALSE,1,Routine,FALSE,Missing purchase order
PAY-000845,INV-437164,9/17/2025,2025-26,2025-09,Transportation & Infrastructure,V0025,Supplier 025,IT Hardware,Sole Source,PO-86899,"$4,662.47",Yes,EFT,FALSE,FALSE,FALSE,FALSE,FALSE,FALSE,FALSE,FALSE,0,Routine,FALSE,No predefined exception
PAY-000407,INV-188741,9/17/2025,2025-26,2025-09,Transportation & Infrastructure,V0055,Supplier 055,Software & Licensing,Open Competition,PO-66200,"$1,453.17",Yes,EFT,FALSE,FALSE,FALSE,FALSE,FALSE,FALSE,FALSE,FALSE,0,Routine,FALSE,No predefined exception
PAY-000149,INV-270824,9/18/2025,2025-26,2025-09,Municipal Services,V0030,Supplier 030,Transportation Services,Open Competition,PO-10605,"$1,283.58",Yes,EFT,FALSE,FALSE,FALSE,FALSE,FALSE,FALSE,FALSE,FALSE,0,Routine,FALSE,No predefined exception
PAY-001142,INV-451060,9/18/2025,2025-26,2025-09,Transportation & Infrastructure,V0030,Supplier 030,IT Hardware,Open Competition,PO-91793,"$7,163.84",Yes,EFT,FALSE,FALSE,FALSE,FALSE,FALSE,FALSE,FALSE,FALSE,0,Routine,FALSE,No predefined exception
PAY-001482,INV-475595,9/18/2025,2025-26,2025-09,Municipal Services,V0018,Supplier 018,IT Hardware,Open Competition,PO-36507,"$4,203.97",Yes,EFT,FALSE,FALSE,FALSE,FALSE,FALSE,FALSE,FALSE,FALSE,0,Routine,FALSE,No predefined exception
PAY-001987,INV-811058,9/18/2025,2025-26,2025-09,Digital Government,V0048,Supplier 048,Office Supplies,Open Competition,PO-42492,"$1,814.76",Yes,EFT,FALSE,FALSE,FALSE,FALSE,FALSE,FALSE,FALSE,FALSE,0,Routine,FALSE,No predefined exception
PAY-002298,INV-996650,9/19/2025,2025-26,2025-09,Education,V0067,Supplier 067,Building Maintenance,Open Competition,PO-11229,"$1,641.50",Yes,EFT,FALSE,FALSE,FALSE,FALSE,FALSE,FALSE,FALSE,FALSE,0,Routine,FALSE,No predefined exception
PAY-000189,INV-533541,9/19/2025,2025-26,2025-09,Transportation & Infrastructure,V0051,Supplier 051,IT Hardware,Open Competition,PO-79400,"$5,405.10",Yes,EFT,FALSE,FALSE,FALSE,FALSE,FALSE,FALSE,FALSE,FALSE,0,Routine,FALSE,No predefined exception
PAY-000217,INV-222989,9/19/2025,2025-26,2025-09,Health Services,V0003,Supplier 003,Building Maintenance,Open Competition,PO-51842,"$9,850.00",Yes,EFT,FALSE,FALSE,FALSE,TRUE,TRUE,FALSE,FALSE,FALSE,4,Higher,TRUE,Near hypothetical threshold; Statistical amount outlier
PAY-000121,INV-308606,9/19/2025,2025-26,2025-09,Justice & Public Safety,V0056,Supplier 056,Equipment,Invitational,PO-49708,"$1,241.59",Yes,EFT,FALSE,FALSE,FALSE,FALSE,FALSE,FALSE,FALSE,FALSE,0,Routine,FALSE,No predefined exception
PAY-001007,INV-872838,9/19/2025,2025-26,2025-09,Natural Resources,V0025,Supplier 025,Professional Services,Open Competition,PO-25329,"$2,491.77",Yes,Cheque,FALSE,FALSE,FALSE,FALSE,FALSE,FALSE,FALSE,FALSE,0,Routine,FALSE,No predefined exception
PAY-002194,INV-233177,9/19/2025,2025-26,2025-09,Municipal Services,V0045,Supplier 045,IT Hardware,Open Competition,PO-85506,"$1,795.46",Yes,EFT,FALSE,FALSE,FALSE,FALSE,FALSE,FALSE,FALSE,FALSE,0,Routine,FALSE,No predefined exception
PAY-001421,INV-331525,9/19/2025,2025-26,2025-09,Transportation & Infrastructure,V0076,Supplier 076,Training,Open Competition,PO-21194,"$3,086.54",Yes,EFT,FALSE,FALSE,FALSE,FALSE,FALSE,FALSE,FALSE,FALSE,0,Routine,FALSE,No predefined exception
PAY-000331,INV-100654,9/19/2025,2025-26,2025-09,Natural Resources,V0068,Supplier 068,Construction Services,Open Competition,PO-15877,$983.31,Yes,EFT,FALSE,FALSE,FALSE,FALSE,FALSE,FALSE,FALSE,FALSE,0,Routine,FALSE,No predefined exception
PAY-000660,INV-173606,9/20/2025,2025-26,2025-09,Health Services,V0072,Supplier 072,Equipment,Sole Source,PO-24641,"$1,115.01",Yes,Corporate Card,FALSE,FALSE,FALSE,FALSE,FALSE,FALSE,FALSE,FALSE,0,Routine,FALSE,No predefined exception
PAY-001363,INV-766470,9/20/2025,2025-26,2025-09,Transportation & Infrastructure,V0040,Supplier 040,Professional Services,Open Competition,PO-79588,"$3,359.70",Yes,EFT,FALSE,FALSE,FALSE,FALSE,FALSE,FALSE,FALSE,FALSE,0,Routine,FALSE,No predefined exception
PAY-000979,INV-371733,9/20/2025,2025-26,2025-09,Municipal Services,V0019,Supplier 019,Professional Services,Open Competition,PO-25454,"$1,121.51",Yes,Cheque,FALSE,FALSE,FALSE,FALSE,FALSE,FALSE,FALSE,FALSE,0,Routine,FALSE,No predefined exception
PAY-001882,INV-141954,9/20/2025,2025-26,2025-09,Municipal Services,V0059,Supplier 059,Professional Services,Invitational,PO-72052,$401.11,Yes,Cheque,FALSE,FALSE,FALSE,FALSE,FALSE,FALSE,FALSE,FALSE,0,Routine,FALSE,No predefined exception
PAY-002491,INV-646894,9/20/2025,2025-26,2025-09,Natural Resources,V0063,Supplier 063,Equipment,Open Competition,PO-66193,$536.90,Yes,EFT,FALSE,FALSE,FALSE,FALSE,FALSE,FALSE,FALSE,FALSE,0,Routine,FALSE,No predefined exception
PAY-000658,INV-647026,9/20/2025,2025-26,2025-09,Health Services,V0024,Supplier 024,Office Supplies,Standing Offer,PO-12411,"$1,090.38",Yes,EFT,FALSE,FALSE,FALSE,FALSE,FALSE,FALSE,FALSE,FALSE,0,Routine,FALSE,No predefined exception
PAY-000758,INV-790568,9/20/2025,2025-26,2025-09,Municipal Services,V0007,Supplier 007,Building Maintenance,Open Competition,PO-61175,"$3,508.12",Yes,EFT,FALSE,FALSE,FALSE,FALSE,FALSE,FALSE,FALSE,FALSE,0,Routine,FALSE,No predefined exception
PAY-002195,INV-299176,9/20/2025,2025-26,2025-09,Municipal Services,V0028,Supplier 028,Construction Services,Open Competition,PO-95581,"$2,237.38",Yes,EFT,FALSE,FALSE,FALSE,FALSE,FALSE,FALSE,FALSE,FALSE,0,Routine,FALSE,No predefined exception
PAY-000383,INV-782465,9/20/2025,2025-26,2025-09,Justice & Public Safety,V0051,Supplier 051,Training,Open Competition,PO-37492,"$1,031.12",Yes,EFT,FALSE,FALSE,FALSE,FALSE,FALSE,FALSE,FALSE,FALSE,0,Routine,FALSE,No predefined exception
PAY-000640,INV-114390,9/20/2025,2025-26,2025-09,Justice & Public Safety,V0080,Supplier 080,IT Hardware,Open Competition,PO-69336,"$2,507.79",Yes,EFT,FALSE,FALSE,FALSE,FALSE,FALSE,FALSE,FALSE,FALSE,0,Routine,FALSE,No predefined exception
PAY-002412,INV-510343,9/20/2025,2025-26,2025-09,Digital Government,V0037,Supplier 037,Equipment,Invitational,PO-67061,"$6,670.30",Yes,EFT,FALSE,FALSE,FALSE,FALSE,FALSE,FALSE,FALSE,FALSE,0,Routine,FALSE,No predefined exception
PAY-001112,INV-288674,9/20/2025,2025-26,2025-09,Health Services,V0013,Supplier 013,Transportation Services,Sole Source,PO-61544,"$57,392.14",Yes,EFT,FALSE,FALSE,FALSE,FALSE,TRUE,TRUE,FALSE,FALSE,4,Higher,TRUE,Statistical amount outlier; Higher-value sole-source transaction
PAY-001768,INV-568977,9/21/2025,2025-26,2025-09,Digital Government,V0064,Supplier 064,Equipment,Sole Source,PO-38002,$773.56,Yes,EFT,FALSE,FALSE,FALSE,FALSE,FALSE,FALSE,FALSE,FALSE,0,Routine,FALSE,No predefined exception
PAY-000360,INV-938092,9/21/2025,2025-26,2025-09,Digital Government,V0068,Supplier 068,Professional Services,Open Competition,PO-74533,"$225,000.00",No,Cheque,FALSE,FALSE,FALSE,FALSE,TRUE,FALSE,FALSE,TRUE,5,Higher,TRUE,Statistical amount outlier; Approval exception
PAY-000607,INV-536442,9/21/2025,2025-26,2025-09,Transportation & Infrastructure,V0072,Supplier 072,Professional Services,Open Competition,,"$2,556.27",Yes,EFT,FALSE,FALSE,TRUE,FALSE,FALSE,FALSE,FALSE,FALSE,1,Routine,FALSE,Missing purchase order
PAY-001836,INV-113265,9/21/2025,2025-26,2025-09,Natural Resources,V0045,Supplier 045,Equipment,Standing Offer,PO-69064,"$6,564.36",Yes,EFT,FALSE,FALSE,FALSE,FALSE,FALSE,FALSE,FALSE,FALSE,0,Routine,FALSE,No predefined exception
PAY-001231,INV-549274,9/22/2025,2025-26,2025-09,Health Services,V0038,Supplier 038,IT Hardware,Open Competition,PO-28319,"$3,048.45",Yes,EFT,FALSE,FALSE,FALSE,FALSE,FALSE,FALSE,FALSE,FALSE,0,Routine,FALSE,No predefined exception
PAY-002054,INV-749179,9/22/2025,2025-26,2025-09,Health Services,V0049,Supplier 049,Professional Services,Open Competition,PO-84091,"$1,616.18",Yes,EFT,FALSE,FALSE,FALSE,FALSE,FALSE,FALSE,FALSE,FALSE,0,Routine,FALSE,No predefined exception
PAY-001994,INV-840970,9/22/2025,2025-26,2025-09,Justice & Public Safety,V0053,Supplier 053,Office Supplies,Open Competition,PO-47713,$576.80,Yes,EFT,FALSE,FALSE,FALSE,FALSE,FALSE,FALSE,FALSE,FALSE,0,Routine,FALSE,No predefined exception
PAY-002230,INV-760501,9/22/2025,2025-26,2025-09,Health Services,V0042,Supplier 042,Office Supplies,Open Competition,,"$18,550.03",Yes,EFT,FALSE,FALSE,TRUE,FALSE,TRUE,FALSE,FALSE,FALSE,3,Moderate,TRUE,Missing purchase order; Statistical amount outlier
PAY-000036,INV-969953,9/22/2025,2025-26,2025-09,Education,V0007,Supplier 007,Office Supplies,Sole Source,PO-56814,"$1,200.07",Yes,EFT,FALSE,FALSE,FALSE,FALSE,FALSE,FALSE,FALSE,FALSE,0,Routine,FALSE,No predefined exception
PAY-001733,INV-969460,9/22/2025,2025-26,2025-09,Natural Resources,V0040,Supplier 040,Transportation Services,Open Competition,PO-53327,"$2,283.93",Yes,EFT,FALSE,FALSE,FALSE,FALSE,FALSE,FALSE,FALSE,FALSE,0,Routine,FALSE,No predefined exception
PAY-001709,INV-995781,9/22/2025,2025-26,2025-09,Justice & Public Safety,V0054,Supplier 054,Office Supplies,Open Competition,PO-87275,"$5,545.72",Yes,EFT,FALSE,FALSE,FALSE,FALSE,FALSE,FALSE,FALSE,FALSE,0,Routine,FALSE,No predefined exception
PAY-000372,INV-321439,9/23/2025,2025-26,2025-09,Education,V0070,Supplier 070,IT Hardware,Standing Offer,PO-99547,"$9,440.72",Yes,Cheque,FALSE,FALSE,FALSE,FALSE,TRUE,FALSE,FALSE,FALSE,2,Moderate,TRUE,Statistical amount outlier
PAY-002087,INV-727867,9/23/2025,2025-26,2025-09,Justice & Public Safety,V0076,Supplier 076,Construction Services,Standing Offer,PO-58020,"$3,466.78",Yes,EFT,FALSE,FALSE,FALSE,FALSE,FALSE,FALSE,FALSE,FALSE,0,Routine,FALSE,No predefined exception
PAY-001465,INV-508294,9/23/2025,2025-26,2025-09,Digital Government,V0026,Supplier 026,IT Hardware,Open Competition,PO-12292,"$1,905.84",Yes,EFT,FALSE,FALSE,FALSE,FALSE,FALSE,FALSE,FALSE,FALSE,0,Routine,FALSE,No predefined exception
PAY-000307,INV-897653,9/23/2025,2025-26,2025-09,Health Services,V0075,Supplier 075,Training,Standing Offer,PO-34054,$836.47,Yes,EFT,FALSE,FALSE,FALSE,FALSE,FALSE,FALSE,FALSE,FALSE,0,Routine,FALSE,No predefined exception
PAY-001607,INV-367688,9/23/2025,2025-26,2025-09,Education,V0018,Supplier 018,Software & Licensing,Standing Offer,,"$2,489.20",Yes,EFT,FALSE,FALSE,TRUE,FALSE,FALSE,FALSE,FALSE,FALSE,1,Routine,FALSE,Missing purchase order
PAY-001611,INV-687536,9/23/2025,2025-26,2025-09,Municipal Services,V0074,Supplier 074,IT Hardware,Open Competition,PO-17791,"$1,518.52",Yes,EFT,FALSE,FALSE,FALSE,FALSE,FALSE,FALSE,FALSE,FALSE,0,Routine,FALSE,No predefined exception
PAY-001196,INV-899395,9/24/2025,2025-26,2025-09,Natural Resources,V0034,Supplier 034,Training,Open Competition,PO-31366,"$1,565.70",Yes,EFT,FALSE,FALSE,FALSE,FALSE,FALSE,FALSE,FALSE,FALSE,0,Routine,FALSE,No predefined exception
PAY-001518,INV-364291,9/24/2025,2025-26,2025-09,Health Services,V0029,Supplier 029,Building Maintenance,Sole Source,PO-25205,"$3,834.34",Yes,EFT,FALSE,FALSE,FALSE,FALSE,FALSE,FALSE,FALSE,FALSE,0,Routine,FALSE,No predefined exception
PAY-001918,INV-104055,9/24/2025,2025-26,2025-09,Transportation & Infrastructure,V0071,Supplier 071,Professional Services,Open Competition,,"$5,574.78",Yes,Cheque,FALSE,FALSE,TRUE,FALSE,FALSE,FALSE,FALSE,FALSE,1,Routine,FALSE,Missing purchase order
PAY-000544,INV-310387,9/24/2025,2025-26,2025-09,Natural Resources,V0016,Supplier 016,Professional Services,Standing Offer,PO-89432,"$2,065.60",Yes,EFT,FALSE,FALSE,FALSE,FALSE,FALSE,FALSE,FALSE,FALSE,0,Routine,FALSE,No predefined exception
PAY-000737,INV-837197,9/24/2025,2025-26,2025-09,Education,V0007,Supplier 007,Training,Standing Offer,PO-91115,"$9,998.41",Yes,EFT,FALSE,FALSE,FALSE,TRUE,TRUE,FALSE,FALSE,FALSE,4,Higher,TRUE,Near hypothetical threshold; Statistical amount outlier
PAY-001206,INV-181494,9/24/2025,2025-26,2025-09,Natural Resources,V0033,Supplier 033,Transportation Services,Open Competition,,$845.39,Yes,EFT,FALSE,FALSE,TRUE,FALSE,FALSE,FALSE,FALSE,FALSE,1,Routine,FALSE,Missing purchase order
PAY-000728,INV-559822,9/24/2025,2025-26,2025-09,Municipal Services,V0007,Supplier 007,Transportation Services,Open Competition,PO-51100,"$9,500.28",Yes,EFT,FALSE,FALSE,FALSE,TRUE,TRUE,FALSE,FALSE,FALSE,4,Higher,TRUE,Near hypothetical threshold; Statistical amount outlier
PAY-001567,INV-760246,9/24/2025,2025-26,2025-09,Transportation & Infrastructure,V0047,Supplier 047,Office Supplies,Open Competition,PO-96492,"$3,142.60",Yes,EFT,FALSE,FALSE,FALSE,FALSE,FALSE,FALSE,FALSE,FALSE,0,Routine,FALSE,No predefined exception
PAY-000568,INV-643410,9/24/2025,2025-26,2025-09,Health Services,V0047,Supplier 047,Training,Open Competition,PO-31198,"$5,528.17",Yes,EFT,FALSE,FALSE,FALSE,FALSE,FALSE,FALSE,FALSE,FALSE,0,Routine,FALSE,No predefined exception
PAY-000506,INV-493922,9/25/2025,2025-26,2025-09,Digital Government,,,Equipment,Open Competition,PO-77957,"$1,242.61",Yes,Cheque,FALSE,TRUE,FALSE,FALSE,FALSE,FALSE,FALSE,FALSE,2,Moderate,TRUE,Missing vendor information
PAY-001853,INV-195310,9/25/2025,2025-26,2025-09,Education,V0043,Supplier 043,Software & Licensing,Standing Offer,PO-77151,"$1,922.84",Yes,EFT,FALSE,FALSE,FALSE,FALSE,FALSE,FALSE,FALSE,FALSE,0,Routine,FALSE,No predefined exception
PAY-002036,INV-490555,9/25/2025,2025-26,2025-09,Education,V0047,Supplier 047,Building Maintenance,Open Competition,PO-20041,"$3,600.32",No,Cheque,FALSE,FALSE,FALSE,FALSE,FALSE,FALSE,FALSE,TRUE,3,Moderate,TRUE,Approval exception
PAY-001573,INV-736548,9/25/2025,2025-26,2025-09,Transportation & Infrastructure,V0044,Supplier 044,Transportation Services,Open Competition,PO-46109,"$2,290.72",Yes,Corporate Card,FALSE,FALSE,FALSE,FALSE,FALSE,FALSE,FALSE,FALSE,0,Routine,FALSE,No predefined exception
PAY-002462,INV-298139,9/25/2025,2025-26,2025-09,Health Services,V0079,Supplier 079,Professional Services,Standing Offer,PO-48627,"$4,359.84",Yes,EFT,FALSE,FALSE,FALSE,FALSE,FALSE,FALSE,FALSE,FALSE,0,Routine,FALSE,No predefined exception
PAY-001249,INV-906434,9/25/2025,2025-26,2025-09,Health Services,V0021,Supplier 021,Building Maintenance,Sole Source,PO-57383,"$3,721.65",Yes,EFT,FALSE,FALSE,FALSE,FALSE,FALSE,FALSE,FALSE,FALSE,0,Routine,FALSE,No predefined exception
PAY-000696,INV-230193,9/25/2025,2025-26,2025-09,Health Services,V0059,Supplier 059,Equipment,Invitational,PO-26818,"$2,368.42",Yes,EFT,FALSE,FALSE,FALSE,FALSE,FALSE,FALSE,FALSE,FALSE,0,Routine,FALSE,No predefined exception
PAY-002437,INV-710278,9/25/2025,2025-26,2025-09,Transportation & Infrastructure,V0036,Supplier 036,IT Hardware,Invitational,PO-35998,$339.88,Yes,EFT,FALSE,FALSE,FALSE,FALSE,FALSE,FALSE,FALSE,FALSE,0,Routine,FALSE,No predefined exception
PAY-001003,INV-187876,9/25/2025,2025-26,2025-09,Digital Government,V0058,Supplier 058,Training,Open Competition,PO-23554,"$13,794.60",Yes,EFT,FALSE,FALSE,FALSE,FALSE,TRUE,FALSE,FALSE,FALSE,2,Moderate,TRUE,Statistical amount outlier
PAY-002019,INV-741462,9/26/2025,2025-26,2025-09,Education,V0004,Supplier 004,Training,Open Competition,PO-72860,"$1,810.91",Yes,EFT,FALSE,FALSE,FALSE,FALSE,FALSE,FALSE,FALSE,FALSE,0,Routine,FALSE,No predefined exception
PAY-000509,INV-596753,9/26/2025,2025-26,2025-09,Digital Government,,,Equipment,Invitational,PO-94423,"$3,503.10",Yes,EFT,FALSE,TRUE,FALSE,FALSE,FALSE,FALSE,FALSE,FALSE,2,Moderate,TRUE,Missing vendor information
PAY-001076,INV-816284,9/26/2025,2025-26,2025-09,Digital Government,V0040,Supplier 040,Professional Services,Sole Source,PO-47352,"$1,937.83",Yes,EFT,FALSE,FALSE,FALSE,FALSE,FALSE,FALSE,FALSE,FALSE,0,Routine,FALSE,No predefined exception
PAY-001188,INV-189051,9/26/2025,2025-26,2025-09,Digital Government,V0006,Supplier 006,Software & Licensing,Open Competition,PO-40993,"$7,834.56",Yes,Cheque,FALSE,FALSE,FALSE,FALSE,FALSE,FALSE,FALSE,FALSE,0,Routine,FALSE,No predefined exception
PAY-001809,INV-165867,9/26/2025,2025-26,2025-09,Natural Resources,V0036,Supplier 036,Software & Licensing,Standing Offer,PO-61798,"$3,948.62",Yes,EFT,FALSE,FALSE,FALSE,FALSE,FALSE,FALSE,FALSE,FALSE,0,Routine,FALSE,No predefined exception
PAY-000138,INV-894953,9/26/2025,2025-26,2025-09,Justice & Public Safety,V0066,Supplier 066,Construction Services,Standing Offer,PO-63749,"$2,334.97",Yes,EFT,FALSE,FALSE,FALSE,FALSE,FALSE,FALSE,FALSE,FALSE,0,Routine,FALSE,No predefined exception
PAY-001060,INV-847642,9/26/2025,2025-26,2025-09,Natural Resources,V0042,Supplier 042,Building Maintenance,Open Competition,PO-26552,"$3,199.24",Yes,EFT,FALSE,FALSE,FALSE,FALSE,FALSE,FALSE,FALSE,FALSE,0,Routine,FALSE,No predefined exception
PAY-000406,INV-729112,9/27/2025,2025-26,2025-09,Transportation & Infrastructure,V0019,Supplier 019,IT Hardware,Invitational,PO-96673,$648.74,Yes,EFT,FALSE,FALSE,FALSE,FALSE,FALSE,FALSE,FALSE,FALSE,0,Routine,FALSE,No predefined exception
PAY-000195,INV-950185,9/27/2025,2025-26,2025-09,Transportation & Infrastructure,V0026,Supplier 026,IT Hardware,Standing Offer,PO-12353,"$4,311.00",No,EFT,FALSE,FALSE,FALSE,FALSE,FALSE,FALSE,FALSE,TRUE,3,Moderate,TRUE,Approval exception
PAY-002358,INV-647200,9/27/2025,2025-26,2025-09,Health Services,V0043,Supplier 043,Building Maintenance,Open Competition,PO-23648,"$2,009.54",Yes,EFT,FALSE,FALSE,FALSE,FALSE,FALSE,FALSE,FALSE,FALSE,0,Routine,FALSE,No predefined exception
PAY-000880,INV-190925,9/27/2025,2025-26,2025-09,Digital Government,V0042,Supplier 042,Transportation Services,Open Competition,PO-33804,"$1,923.41",Yes,EFT,FALSE,FALSE,FALSE,FALSE,FALSE,FALSE,FALSE,FALSE,0,Routine,FALSE,No predefined exception
PAY-000490,INV-177527,9/27/2025,2025-26,2025-09,Transportation & Infrastructure,V0062,Supplier 062,Building Maintenance,Invitational,PO-23127,"$1,514.63",Yes,EFT,FALSE,FALSE,FALSE,FALSE,FALSE,FALSE,FALSE,FALSE,0,Routine,FALSE,No predefined exception
PAY-001192,INV-881700,9/27/2025,2025-26,2025-09,Natural Resources,V0014,Supplier 014,IT Hardware,Standing Offer,PO-13888,"$1,977.48",Yes,EFT,FALSE,FALSE,FALSE,FALSE,FALSE,FALSE,FALSE,FALSE,0,Routine,FALSE,No predefined exception
PAY-000588,INV-130270,9/28/2025,2025-26,2025-09,Justice & Public Safety,V0063,Supplier 063,Equipment,Invitational,PO-82619,$456.02,Yes,EFT,FALSE,FALSE,FALSE,FALSE,FALSE,FALSE,FALSE,FALSE,0,Routine,FALSE,No predefined exception
PAY-001772,INV-152127,9/28/2025,2025-26,2025-09,Municipal Services,V0072,Supplier 072,Software & Licensing,Invitational,PO-28426,"$1,117.87",Yes,EFT,FALSE,FALSE,FALSE,FALSE,FALSE,FALSE,FALSE,FALSE,0,Routine,FALSE,No predefined exception
PAY-002489,INV-383126,9/28/2025,2025-26,2025-09,Education,V0046,Supplier 046,Training,Standing Offer,PO-59104,"$3,396.88",Yes,EFT,FALSE,FALSE,FALSE,FALSE,FALSE,FALSE,FALSE,FALSE,0,Routine,FALSE,No predefined exception
PAY-001373,INV-186155,9/28/2025,2025-26,2025-09,Education,V0007,Supplier 007,IT Hardware,Invitational,PO-20836,"$3,504.50",Yes,EFT,FALSE,FALSE,FALSE,FALSE,FALSE,FALSE,FALSE,FALSE,0,Routine,FALSE,No predefined exception
PAY-000342,INV-411011,9/28/2025,2025-26,2025-09,Natural Resources,V0011,Supplier 011,Construction Services,Open Competition,PO-79903,"$12,686.89",Yes,EFT,FALSE,FALSE,FALSE,FALSE,TRUE,FALSE,FALSE,FALSE,2,Moderate,TRUE,Statistical amount outlier
PAY-002023,INV-401173,9/28/2025,2025-26,2025-09,Natural Resources,V0022,Supplier 022,Equipment,Standing Offer,PO-70461,"$3,193.97",Yes,Corporate Card,FALSE,FALSE,FALSE,FALSE,FALSE,FALSE,FALSE,FALSE,0,Routine,FALSE,No predefined exception
PAY-001645,INV-733669,9/28/2025,2025-26,2025-09,Digital Government,V0005,Supplier 005,Construction Services,Invitational,PO-75941,"$2,091.31",Yes,Cheque,FALSE,FALSE,FALSE,FALSE,FALSE,FALSE,FALSE,FALSE,0,Routine,FALSE,No predefined exception
PAY-000632,INV-861058,9/29/2025,2025-26,2025-09,Transportation & Infrastructure,V0053,Supplier 053,Training,Standing Offer,PO-15054,"$4,869.36",Yes,EFT,FALSE,FALSE,FALSE,FALSE,FALSE,FALSE,FALSE,FALSE,0,Routine,FALSE,No predefined exception
PAY-001163,INV-605173,9/29/2025,2025-26,2025-09,Health Services,V0046,Supplier 046,IT Hardware,Open Competition,PO-24743,"$1,824.19",Yes,EFT,FALSE,FALSE,FALSE,FALSE,FALSE,FALSE,FALSE,FALSE,0,Routine,FALSE,No predefined exception
PAY-001275,INV-289921,9/29/2025,2025-26,2025-09,Municipal Services,V0029,Supplier 029,Office Supplies,Open Competition,PO-78004,$884.49,Yes,EFT,FALSE,FALSE,FALSE,FALSE,FALSE,FALSE,FALSE,FALSE,0,Routine,FALSE,No predefined exception
PAY-001189,INV-914299,9/29/2025,2025-26,2025-09,Transportation & Infrastructure,V0050,Supplier 050,Training,Open Competition,PO-84663,"$1,040.72",Yes,EFT,FALSE,FALSE,FALSE,FALSE,FALSE,FALSE,FALSE,FALSE,0,Routine,FALSE,No predefined exception
PAY-000554,INV-366294,9/30/2025,2025-26,2025-09,Digital Government,V0020,Supplier 020,IT Hardware,Standing Offer,PO-77967,"$4,973.51",Yes,EFT,FALSE,FALSE,FALSE,FALSE,FALSE,FALSE,FALSE,FALSE,0,Routine,FALSE,No predefined exception
PAY-002475,INV-836786,9/30/2025,2025-26,2025-09,Digital Government,V0079,Supplier 079,Office Supplies,Open Competition,PO-89098,$613.49,Yes,EFT,FALSE,FALSE,FALSE,FALSE,FALSE,FALSE,FALSE,FALSE,0,Routine,FALSE,No predefined exception
PAY-000826,INV-865710,9/30/2025,2025-26,2025-09,Municipal Services,V0057,Supplier 057,Transportation Services,Open Competition,PO-72270,"$2,712.55",Yes,EFT,FALSE,FALSE,FALSE,FALSE,FALSE,FALSE,FALSE,FALSE,0,Routine,FALSE,No predefined exception
PAY-001483,INV-347113,9/30/2025,2025-26,2025-09,Health Services,V0066,Supplier 066,Software & Licensing,Standing Offer,PO-23057,"$1,273.49",Yes,EFT,FALSE,FALSE,FALSE,FALSE,FALSE,FALSE,FALSE,FALSE,0,Routine,FALSE,No predefined exception
PAY-001886,INV-362739,9/30/2025,2025-26,2025-09,Health Services,V0042,Supplier 042,IT Hardware,Open Competition,PO-56357,"$7,374.42",Yes,EFT,FALSE,FALSE,FALSE,FALSE,FALSE,FALSE,FALSE,FALSE,0,Routine,FALSE,No predefined exception
PAY-002498,INV-661669,9/30/2025,2025-26,2025-09,Education,V0073,Supplier 073,Software & Licensing,Invitational,PO-55676,$473.20,Yes,EFT,FALSE,FALSE,FALSE,FALSE,FALSE,FALSE,FALSE,FALSE,0,Routine,FALSE,No predefined exception
PAY-002035,INV-801517,10/1/2025,2025-26,2025-10,Municipal Services,V0045,Supplier 045,Transportation Services,Open Competition,PO-67470,"$1,648.63",Yes,EFT,FALSE,FALSE,FALSE,FALSE,FALSE,FALSE,FALSE,FALSE,0,Routine,FALSE,No predefined exception
PAY-000831,INV-632465,10/1/2025,2025-26,2025-10,Municipal Services,V0077,Supplier 077,IT Hardware,Open Competition,PO-37509,"$5,751.81",Yes,EFT,FALSE,FALSE,FALSE,FALSE,FALSE,FALSE,FALSE,FALSE,0,Routine,FALSE,No predefined exception
PAY-000224,INV-399850,10/1/2025,2025-26,2025-10,Transportation & Infrastructure,V0034,Supplier 034,Software & Licensing,Open Competition,PO-22281,"$9,990.00",Yes,EFT,FALSE,FALSE,FALSE,TRUE,TRUE,FALSE,FALSE,FALSE,4,Higher,TRUE,Near hypothetical threshold; Statistical amount outlier
PAY-000810,INV-499346,10/1/2025,2025-26,2025-10,Digital Government,V0059,Supplier 059,Software & Licensing,Sole Source,PO-47429,"$3,514.12",Yes,EFT,FALSE,FALSE,FALSE,FALSE,FALSE,FALSE,FALSE,FALSE,0,Routine,FALSE,No predefined exception
PAY-001103,INV-406521,10/1/2025,2025-26,2025-10,Natural Resources,V0020,Supplier 020,Building Maintenance,Sole Source,PO-83885,"$42,554.77",Yes,EFT,FALSE,FALSE,FALSE,FALSE,TRUE,TRUE,FALSE,FALSE,4,Higher,TRUE,Statistical amount outlier; Higher-value sole-source transaction
PAY-000467,INV-909253,10/2/2025,2025-26,2025-10,Health Services,V0007,Supplier 007,Building Maintenance,Standing Offer,PO-84137,"$7,876.24",Yes,EFT,FALSE,FALSE,FALSE,FALSE,FALSE,FALSE,FALSE,FALSE,0,Routine,FALSE,No predefined exception
PAY-002032,INV-341474,10/2/2025,2025-26,2025-10,Digital Government,V0051,Supplier 051,IT Hardware,Open Competition,PO-32584,"$4,409.50",Yes,EFT,FALSE,FALSE,FALSE,FALSE,FALSE,FALSE,FALSE,FALSE,0,Routine,FALSE,No predefined exception
PAY-001510,INV-568451,10/2/2025,2025-26,2025-10,Health Services,V0016,Supplier 016,Training,Sole Source,PO-84625,"$5,520.94",Yes,Corporate Card,FALSE,FALSE,FALSE,FALSE,FALSE,FALSE,FALSE,FALSE,0,Routine,FALSE,No predefined exception
PAY-001621,INV-513606,10/3/2025,2025-26,2025-10,Justice & Public Safety,V0020,Supplier 020,Office Supplies,Open Competition,PO-94724,"$1,403.45",Yes,Cheque,FALSE,FALSE,FALSE,FALSE,FALSE,FALSE,FALSE,FALSE,0,Routine,FALSE,No predefined exception
PAY-000694,INV-726701,10/3/2025,2025-26,2025-10,Education,V0018,Supplier 018,Equipment,Open Competition,PO-96281,"$4,316.79",Yes,EFT,FALSE,FALSE,FALSE,FALSE,FALSE,FALSE,FALSE,FALSE,0,Routine,FALSE,No predefined exception
PAY-000397,INV-461652,10/3/2025,2025-26,2025-10,Education,V0055,Supplier 055,Construction Services,Open Competition,PO-88943,$259.87,Yes,Cheque,FALSE,FALSE,FALSE,FALSE,FALSE,FALSE,FALSE,FALSE,0,Routine,FALSE,No predefined exception
PAY-001930,INV-170400,10/3/2025,2025-26,2025-10,Justice & Public Safety,V0023,Supplier 023,Construction Services,Open Competition,PO-75294,"$2,973.00",Yes,EFT,FALSE,FALSE,FALSE,FALSE,FALSE,FALSE,FALSE,FALSE,0,Routine,FALSE,No predefined exception
PAY-000590,INV-820177,10/3/2025,2025-26,2025-10,Health Services,V0024,Supplier 024,Training,Open Competition,PO-60528,"$10,920.20",Yes,EFT,FALSE,FALSE,FALSE,FALSE,TRUE,FALSE,FALSE,FALSE,2,Moderate,TRUE,Statistical amount outlier
PAY-001531,INV-699649,10/4/2025,2025-26,2025-10,Health Services,V0065,Supplier 065,Office Supplies,Standing Offer,PO-87686,"$2,071.29",Yes,EFT,FALSE,FALSE,FALSE,FALSE,FALSE,FALSE,FALSE,FALSE,0,Routine,FALSE,No predefined exception
PAY-000893,INV-112467,10/4/2025,2025-26,2025-10,Municipal Services,V0043,Supplier 043,Professional Services,Standing Offer,PO-99976,$815.73,Yes,EFT,FALSE,FALSE,FALSE,FALSE,FALSE,FALSE,FALSE,FALSE,0,Routine,FALSE,No predefined exception
PAY-000205,INV-527991,10/4/2025,2025-26,2025-10,Transportation & Infrastructure,V0078,Supplier 078,Software & Licensing,Sole Source,PO-45097,"$9,990.00",Yes,Cheque,FALSE,FALSE,FALSE,TRUE,TRUE,FALSE,FALSE,FALSE,4,Higher,TRUE,Near hypothetical threshold; Statistical amount outlier
PAY-000155,INV-298153,10/4/2025,2025-26,2025-10,Health Services,V0030,Supplier 030,Training,Invitational,PO-25930,"$2,092.69",Yes,EFT,FALSE,FALSE,FALSE,FALSE,FALSE,FALSE,FALSE,FALSE,0,Routine,FALSE,No predefined exception
PAY-001383,INV-389962,10/4/2025,2025-26,2025-10,Natural Resources,V0053,Supplier 053,Transportation Services,Open Competition,PO-25096,"$3,474.62",Yes,EFT,FALSE,FALSE,FALSE,FALSE,FALSE,FALSE,FALSE,FALSE,0,Routine,FALSE,No predefined exception
PAY-000566,INV-396379,10/4/2025,2025-26,2025-10,Digital Government,V0009,Supplier 009,IT Hardware,Standing Offer,PO-18699,"$4,318.93",Yes,EFT,FALSE,FALSE,FALSE,FALSE,FALSE,FALSE,FALSE,FALSE,0,Routine,FALSE,No predefined exception
PAY-000237,INV-778145,10/4/2025,2025-26,2025-10,Health Services,V0017,Supplier 017,Software & Licensing,Invitational,,"$4,342.14",Yes,EFT,FALSE,FALSE,TRUE,FALSE,FALSE,FALSE,FALSE,FALSE,1,Routine,FALSE,Missing purchase order
PAY-002494,INV-333867,10/5/2025,2025-26,2025-10,Natural Resources,V0065,Supplier 065,IT Hardware,Open Competition,PO-24989,"$2,314.15",Yes,EFT,FALSE,FALSE,FALSE,FALSE,FALSE,FALSE,FALSE,FALSE,0,Routine,FALSE,No predefined exception
PAY-002258,INV-574869,10/5/2025,2025-26,2025-10,Justice & Public Safety,V0039,Supplier 039,Office Supplies,Standing Offer,PO-12221,"$1,537.66",Yes,Cheque,FALSE,FALSE,FALSE,FALSE,FALSE,FALSE,FALSE,FALSE,0,Routine,FALSE,No predefined exception
PAY-001868,INV-369670,10/5/2025,2025-26,2025-10,Transportation & Infrastructure,V0043,Supplier 043,Equipment,Sole Source,PO-56687,"$4,844.91",Yes,EFT,FALSE,FALSE,FALSE,FALSE,FALSE,FALSE,FALSE,FALSE,0,Routine,FALSE,No predefined exception
PAY-001477,INV-339967,10/5/2025,2025-26,2025-10,Health Services,V0065,Supplier 065,Office Supplies,Open Competition,PO-26155,"$2,862.19",Yes,EFT,FALSE,FALSE,FALSE,FALSE,FALSE,FALSE,FALSE,FALSE,0,Routine,FALSE,No predefined exception
PAY-000090,INV-622820,10/5/2025,2025-26,2025-10,Natural Resources,V0045,Supplier 045,Professional Services,Invitational,PO-94170,"$2,628.77",Yes,EFT,FALSE,FALSE,FALSE,FALSE,FALSE,FALSE,FALSE,FALSE,0,Routine,FALSE,No predefined exception
PAY-001650,INV-334898,10/5/2025,2025-26,2025-10,Education,V0020,Supplier 020,Equipment,Open Competition,PO-48159,"$2,849.56",Yes,EFT,FALSE,FALSE,FALSE,FALSE,FALSE,FALSE,FALSE,FALSE,0,Routine,FALSE,No predefined exception
PAY-001288,INV-373945,10/5/2025,2025-26,2025-10,Education,V0078,Supplier 078,Transportation Services,Open Competition,PO-97059,"$4,355.63",Yes,EFT,FALSE,FALSE,FALSE,FALSE,FALSE,FALSE,FALSE,FALSE,0,Routine,FALSE,No predefined exception
PAY-000345,INV-258272,10/5/2025,2025-26,2025-10,Transportation & Infrastructure,V0025,Supplier 025,Building Maintenance,Standing Offer,PO-14490,"$1,141.38",Yes,EFT,FALSE,FALSE,FALSE,FALSE,FALSE,FALSE,FALSE,FALSE,0,Routine,FALSE,No predefined exception
PAY-000033,INV-827963,10/5/2025,2025-26,2025-10,Natural Resources,V0007,Supplier 007,Professional Services,Invitational,PO-14902,"$6,418.37",Yes,EFT,FALSE,FALSE,FALSE,FALSE,FALSE,FALSE,FALSE,FALSE,0,Routine,FALSE,No predefined exception
PAY-001680,INV-340270,10/5/2025,2025-26,2025-10,Transportation & Infrastructure,V0027,Supplier 027,Professional Services,Open Competition,PO-18209,"$2,624.23",Yes,EFT,FALSE,FALSE,FALSE,FALSE,FALSE,FALSE,FALSE,FALSE,0,Routine,FALSE,No predefined exception
PAY-000006,INV-278986,10/6/2025,2025-26,2025-10,Health Services,V0051,Supplier 051,Equipment,Open Competition,PO-79098,"$5,282.90",Yes,EFT,FALSE,FALSE,FALSE,FALSE,FALSE,FALSE,FALSE,FALSE,0,Routine,FALSE,No predefined exception
PAY-001211,INV-879957,10/6/2025,2025-26,2025-10,Transportation & Infrastructure,V0007,Supplier 007,Office Supplies,Invitational,PO-70083,$831.49,Yes,EFT,FALSE,FALSE,FALSE,FALSE,FALSE,FALSE,FALSE,FALSE,0,Routine,FALSE,No predefined exception
PAY-000457,INV-477082,10/6/2025,2025-26,2025-10,Natural Resources,V0017,Supplier 017,Construction Services,Sole Source,PO-97889,"$5,381.65",Yes,EFT,FALSE,FALSE,FALSE,FALSE,FALSE,FALSE,FALSE,FALSE,0,Routine,FALSE,No predefined exception
PAY-001364,INV-987278,10/7/2025,2025-26,2025-10,Natural Resources,V0045,Supplier 045,IT Hardware,Open Competition,PO-48554,$460.01,Yes,EFT,FALSE,FALSE,FALSE,FALSE,FALSE,FALSE,FALSE,FALSE,0,Routine,FALSE,No predefined exception
PAY-000035,INV-405063,10/7/2025,2025-26,2025-10,Digital Government,V0064,Supplier 064,IT Hardware,Sole Source,PO-18280,"$1,984.16",Yes,EFT,FALSE,FALSE,FALSE,FALSE,FALSE,FALSE,FALSE,FALSE,0,Routine,FALSE,No predefined exception
PAY-000651,INV-813076,10/7/2025,2025-26,2025-10,Health Services,V0030,Supplier 030,Construction Services,Open Competition,PO-47066,"$2,360.42",Yes,Corporate Card,FALSE,FALSE,FALSE,FALSE,FALSE,FALSE,FALSE,FALSE,0,Routine,FALSE,No predefined exception
PAY-000174,INV-696822,10/7/2025,2025-26,2025-10,Municipal Services,V0061,Supplier 061,Construction Services,Standing Offer,PO-41334,"$2,500.05",Yes,Cheque,FALSE,FALSE,FALSE,FALSE,FALSE,FALSE,FALSE,FALSE,0,Routine,FALSE,No predefined exception
PAY-002359,INV-180771,10/7/2025,2025-26,2025-10,Transportation & Infrastructure,V0073,Supplier 073,IT Hardware,Open Competition,PO-52936,"$1,306.33",Yes,EFT,FALSE,FALSE,FALSE,FALSE,FALSE,FALSE,FALSE,FALSE,0,Routine,FALSE,No predefined exception
PAY-000550,INV-827467,10/7/2025,2025-26,2025-10,Health Services,V0042,Supplier 042,Construction Services,Open Competition,PO-33665,"$2,589.72",Yes,EFT,FALSE,FALSE,FALSE,FALSE,FALSE,FALSE,FALSE,FALSE,0,Routine,FALSE,No predefined exception
PAY-002445,INV-239861,10/7/2025,2025-26,2025-10,Education,V0025,Supplier 025,Office Supplies,Sole Source,PO-19876,"$5,687.01",Yes,Cheque,FALSE,FALSE,FALSE,FALSE,FALSE,FALSE,FALSE,FALSE,0,Routine,FALSE,No predefined exception
PAY-000399,INV-390886,10/7/2025,2025-26,2025-10,Municipal Services,V0062,Supplier 062,Construction Services,Invitational,PO-12936,"$18,247.75",Yes,EFT,FALSE,FALSE,FALSE,FALSE,TRUE,FALSE,FALSE,FALSE,2,Moderate,TRUE,Statistical amount outlier
PAY-000080,INV-475348,10/7/2025,2025-26,2025-10,Education,V0011,Supplier 011,Transportation Services,Invitational,PO-17135,"$1,236.47",Yes,Cheque,FALSE,FALSE,FALSE,FALSE,FALSE,FALSE,FALSE,FALSE,0,Routine,FALSE,No predefined exception
PAY-000069,INV-720253,10/8/2025,2025-26,2025-10,Digital Government,V0051,Supplier 051,Office Supplies,Invitational,PO-58643,$768.84,Yes,EFT,FALSE,FALSE,FALSE,FALSE,FALSE,FALSE,FALSE,FALSE,0,Routine,FALSE,No predefined exception
PAY-002495,INV-212223,10/8/2025,2025-26,2025-10,Natural Resources,V0055,Supplier 055,Office Supplies,Open Competition,PO-46062,"$1,628.71",Yes,EFT,FALSE,FALSE,FALSE,FALSE,FALSE,FALSE,FALSE,FALSE,0,Routine,FALSE,No predefined exception
PAY-001648,INV-158047,10/8/2025,2025-26,2025-10,Health Services,V0062,Supplier 062,Training,Invitational,PO-74268,"$8,918.96",Yes,EFT,FALSE,FALSE,FALSE,FALSE,FALSE,FALSE,FALSE,FALSE,0,Routine,FALSE,No predefined exception
PAY-000652,INV-328300,10/8/2025,2025-26,2025-10,Transportation & Infrastructure,V0057,Supplier 057,Training,Standing Offer,PO-42771,"$1,377.96",Yes,EFT,FALSE,FALSE,FALSE,FALSE,FALSE,FALSE,FALSE,FALSE,0,Routine,FALSE,No predefined exception
PAY-000347,INV-974506,10/8/2025,2025-26,2025-10,Health Services,V0030,Supplier 030,Software & Licensing,Standing Offer,PO-16377,"$1,598.28",Yes,EFT,FALSE,FALSE,FALSE,FALSE,FALSE,FALSE,FALSE,FALSE,0,Routine,FALSE,No predefined exception
PAY-002465,INV-645648,10/8/2025,2025-26,2025-10,Justice & Public Safety,V0019,Supplier 019,Building Maintenance,Open Competition,PO-46022,"$1,003.82",Yes,Cheque,FALSE,FALSE,FALSE,FALSE,FALSE,FALSE,FALSE,FALSE,0,Routine,FALSE,No predefined exception
PAY-001708,INV-412712,10/9/2025,2025-26,2025-10,Natural Resources,V0040,Supplier 040,Software & Licensing,Open Competition,PO-46043,"$5,674.83",Yes,EFT,FALSE,FALSE,FALSE,FALSE,FALSE,FALSE,FALSE,FALSE,0,Routine,FALSE,No predefined exception
PAY-000022,INV-882955,10/9/2025,2025-26,2025-10,Natural Resources,V0077,Supplier 077,IT Hardware,Open Competition,,"$2,752.69",Yes,EFT,FALSE,FALSE,TRUE,FALSE,FALSE,FALSE,FALSE,FALSE,1,Routine,FALSE,Missing purchase order
PAY-000702,INV-268733,10/9/2025,2025-26,2025-10,Natural Resources,V0007,Supplier 007,Transportation Services,Open Competition,PO-25707,"$3,041.74",Yes,EFT,FALSE,FALSE,FALSE,FALSE,FALSE,FALSE,FALSE,FALSE,0,Routine,FALSE,No predefined exception
PAY-000788,INV-367614,10/9/2025,2025-26,2025-10,Justice & Public Safety,V0007,Supplier 007,IT Hardware,Sole Source,PO-13901,"$5,385.31",Yes,EFT,FALSE,FALSE,FALSE,FALSE,FALSE,FALSE,FALSE,FALSE,0,Routine,FALSE,No predefined exception
PAY-002081,INV-773166,10/9/2025,2025-26,2025-10,Justice & Public Safety,V0013,Supplier 013,Software & Licensing,Open Competition,PO-53869,"$2,067.80",Yes,EFT,FALSE,FALSE,FALSE,FALSE,FALSE,FALSE,FALSE,FALSE,0,Routine,FALSE,No predefined exception
PAY-001699,INV-289773,10/9/2025,2025-26,2025-10,Transportation & Infrastructure,V0010,Supplier 010,Training,Open Competition,PO-77426,$973.64,Yes,Cheque,FALSE,FALSE,FALSE,FALSE,FALSE,FALSE,FALSE,FALSE,0,Routine,FALSE,No predefined exception
PAY-000328,INV-892244,10/9/2025,2025-26,2025-10,Transportation & Infrastructure,V0043,Supplier 043,Training,Standing Offer,PO-75095,$838.93,Yes,EFT,FALSE,FALSE,FALSE,FALSE,FALSE,FALSE,FALSE,FALSE,0,Routine,FALSE,No predefined exception
PAY-000458,INV-180730,10/9/2025,2025-26,2025-10,Natural Resources,V0048,Supplier 048,Software & Licensing,Open Competition,,"$1,660.57",Yes,EFT,FALSE,FALSE,TRUE,FALSE,FALSE,FALSE,FALSE,FALSE,1,Routine,FALSE,Missing purchase order
PAY-000542,INV-127043,10/9/2025,2025-26,2025-10,Health Services,V0009,Supplier 009,Office Supplies,Open Competition,PO-84923,"$1,644.78",Yes,EFT,FALSE,FALSE,FALSE,FALSE,FALSE,FALSE,FALSE,FALSE,0,Routine,FALSE,No predefined exception
PAY-001371,INV-189743,10/10/2025,2025-26,2025-10,Health Services,V0062,Supplier 062,Training,Standing Offer,PO-81880,"$2,932.55",Yes,EFT,FALSE,FALSE,FALSE,FALSE,FALSE,FALSE,FALSE,FALSE,0,Routine,FALSE,No predefined exception
PAY-002056,INV-585319,10/10/2025,2025-26,2025-10,Digital Government,V0002,Supplier 002,IT Hardware,Standing Offer,PO-69042,$792.99,Yes,EFT,FALSE,FALSE,FALSE,FALSE,FALSE,FALSE,FALSE,FALSE,0,Routine,FALSE,No predefined exception
PAY-001702,INV-181199,10/10/2025,2025-26,2025-10,Education,V0051,Supplier 051,Training,Open Competition,PO-79282,$221.86,Yes,EFT,FALSE,FALSE,FALSE,FALSE,FALSE,FALSE,FALSE,FALSE,0,Routine,FALSE,No predefined exception
PAY-001526,INV-939934,10/10/2025,2025-26,2025-10,Municipal Services,V0012,Supplier 012,Training,Standing Offer,PO-43484,"$1,522.84",Yes,EFT,FALSE,FALSE,FALSE,FALSE,FALSE,FALSE,FALSE,FALSE,0,Routine,FALSE,No predefined exception
PAY-001232,INV-990752,10/11/2025,2025-26,2025-10,Justice & Public Safety,V0062,Supplier 062,Software & Licensing,Standing Offer,PO-86178,"$8,670.77",Yes,EFT,FALSE,FALSE,FALSE,FALSE,FALSE,FALSE,FALSE,FALSE,0,Routine,FALSE,No predefined exception
PAY-000975,INV-519972,10/11/2025,2025-26,2025-10,Health Services,V0034,Supplier 034,Construction Services,Standing Offer,PO-27232,$708.36,Yes,EFT,FALSE,FALSE,FALSE,FALSE,FALSE,FALSE,FALSE,FALSE,0,Routine,FALSE,No predefined exception
PAY-000613,INV-488333,10/11/2025,2025-26,2025-10,Digital Government,V0045,Supplier 045,Building Maintenance,Standing Offer,,"$3,929.44",Yes,EFT,FALSE,FALSE,TRUE,FALSE,FALSE,FALSE,FALSE,FALSE,1,Routine,FALSE,Missing purchase order
PAY-000293,INV-125938,10/11/2025,2025-26,2025-10,Health Services,V0073,Supplier 073,Equipment,Invitational,PO-77983,$714.26,Yes,EFT,FALSE,FALSE,FALSE,FALSE,FALSE,FALSE,FALSE,FALSE,0,Routine,FALSE,No predefined exception
PAY-001832,INV-279006,10/11/2025,2025-26,2025-10,Education,V0056,Supplier 056,Transportation Services,Open Competition,PO-56887,"$1,981.94",Yes,EFT,FALSE,FALSE,FALSE,FALSE,FALSE,FALSE,FALSE,FALSE,0,Routine,FALSE,No predefined exception
PAY-000304,INV-581873,10/12/2025,2025-26,2025-10,Justice & Public Safety,V0080,Supplier 080,Equipment,Standing Offer,PO-89271,"$1,913.01",Yes,EFT,FALSE,FALSE,FALSE,FALSE,FALSE,FALSE,FALSE,FALSE,0,Routine,FALSE,No predefined exception
PAY-000833,INV-351842,10/12/2025,2025-26,2025-10,Education,V0076,Supplier 076,IT Hardware,Invitational,PO-11206,"$3,341.21",Yes,EFT,FALSE,FALSE,FALSE,FALSE,FALSE,FALSE,FALSE,FALSE,0,Routine,FALSE,No predefined exception
PAY-001594,INV-519503,10/12/2025,2025-26,2025-10,Natural Resources,V0060,Supplier 060,Training,Open Competition,PO-60750,"$8,534.98",Yes,EFT,FALSE,FALSE,FALSE,FALSE,FALSE,FALSE,FALSE,FALSE,0,Routine,FALSE,No predefined exception
PAY-000835,INV-714229,10/12/2025,2025-26,2025-10,Transportation & Infrastructure,V0037,Supplier 037,Construction Services,Standing Offer,,"$3,213.80",Yes,EFT,FALSE,FALSE,TRUE,FALSE,FALSE,FALSE,FALSE,FALSE,1,Routine,FALSE,Missing purchase order
PAY-001737,INV-359418,10/12/2025,2025-26,2025-10,Digital Government,V0027,Supplier 027,Building Maintenance,Invitational,PO-47081,"$1,218.05",Yes,EFT,FALSE,FALSE,FALSE,FALSE,FALSE,FALSE,FALSE,FALSE,0,Routine,FALSE,No predefined exception
PAY-001974,INV-193650,10/12/2025,2025-26,2025-10,Health Services,V0057,Supplier 057,Equipment,Standing Offer,PO-54253,"$1,726.83",Yes,EFT,FALSE,FALSE,FALSE,FALSE,FALSE,FALSE,FALSE,FALSE,0,Routine,FALSE,No predefined exception
PAY-001295,INV-777758,10/12/2025,2025-26,2025-10,Justice & Public Safety,V0006,Supplier 006,Building Maintenance,Standing Offer,PO-24020,"$7,197.31",Yes,EFT,FALSE,FALSE,FALSE,FALSE,FALSE,FALSE,FALSE,FALSE,0,Routine,FALSE,No predefined exception
PAY-001088,INV-147779,10/13/2025,2025-26,2025-10,Natural Resources,V0030,Supplier 030,IT Hardware,Standing Offer,PO-28792,"$3,583.17",Yes,EFT,FALSE,FALSE,FALSE,FALSE,FALSE,FALSE,FALSE,FALSE,0,Routine,FALSE,No predefined exception
PAY-000418,INV-377342,10/13/2025,2025-26,2025-10,Transportation & Infrastructure,V0056,Supplier 056,Building Maintenance,Standing Offer,PO-58068,"$1,208.40",Yes,EFT,FALSE,FALSE,FALSE,FALSE,FALSE,FALSE,FALSE,FALSE,0,Routine,FALSE,No predefined exception
PAY-002361,INV-731581,10/13/2025,2025-26,2025-10,Justice & Public Safety,V0072,Supplier 072,Construction Services,Open Competition,PO-56972,"$3,065.92",Yes,EFT,FALSE,FALSE,FALSE,FALSE,FALSE,FALSE,FALSE,FALSE,0,Routine,FALSE,No predefined exception
PAY-000533,INV-377648,10/13/2025,2025-26,2025-10,Natural Resources,V0074,Supplier 074,Building Maintenance,Standing Offer,PO-15379,"$1,332.20",Yes,EFT,FALSE,FALSE,FALSE,FALSE,FALSE,FALSE,FALSE,FALSE,0,Routine,FALSE,No predefined exception
PAY-001694,INV-850401,10/13/2025,2025-26,2025-10,Natural Resources,V0067,Supplier 067,Building Maintenance,Open Competition,PO-24760,$633.91,Yes,EFT,FALSE,FALSE,FALSE,FALSE,FALSE,FALSE,FALSE,FALSE,0,Routine,FALSE,No predefined exception
PAY-002277,INV-263384,10/13/2025,2025-26,2025-10,Education,V0002,Supplier 002,Transportation Services,Invitational,PO-85069,"$4,784.70",Yes,EFT,FALSE,FALSE,FALSE,FALSE,FALSE,FALSE,FALSE,FALSE,0,Routine,FALSE,No predefined exception
PAY-001292,INV-394478,10/14/2025,2025-26,2025-10,Municipal Services,V0016,Supplier 016,Construction Services,Standing Offer,PO-31416,"$10,859.87",Yes,Corporate Card,FALSE,FALSE,FALSE,FALSE,TRUE,FALSE,FALSE,FALSE,2,Moderate,TRUE,Statistical amount outlier
PAY-000743,INV-297286,10/14/2025,2025-26,2025-10,Municipal Services,V0007,Supplier 007,Building Maintenance,Sole Source,PO-91377,"$2,746.94",Yes,EFT,FALSE,FALSE,FALSE,FALSE,FALSE,FALSE,FALSE,FALSE,0,Routine,FALSE,No predefined exception
PAY-000713,INV-744795,10/14/2025,2025-26,2025-10,Transportation & Infrastructure,V0007,Supplier 007,Training,Standing Offer,PO-97111,$976.34,Yes,EFT,FALSE,FALSE,FALSE,FALSE,FALSE,FALSE,FALSE,FALSE,0,Routine,FALSE,No predefined exception
PAY-000182,INV-785611,10/15/2025,2025-26,2025-10,Digital Government,V0011,Supplier 011,Building Maintenance,Open Competition,PO-46277,"$1,225.66",Yes,EFT,FALSE,FALSE,FALSE,FALSE,FALSE,FALSE,FALSE,FALSE,0,Routine,FALSE,No predefined exception
PAY-002014,INV-718119,10/15/2025,2025-26,2025-10,Health Services,V0068,Supplier 068,Office Supplies,Open Competition,PO-41586,"$2,220.18",Yes,EFT,FALSE,FALSE,FALSE,FALSE,FALSE,FALSE,FALSE,FALSE,0,Routine,FALSE,No predefined exception
PAY-001534,INV-224232,10/15/2025,2025-26,2025-10,Health Services,V0005,Supplier 005,Office Supplies,Open Competition,PO-59178,"$1,531.50",Yes,EFT,FALSE,FALSE,FALSE,FALSE,FALSE,FALSE,FALSE,FALSE,0,Routine,FALSE,No predefined exception
PAY-001443,INV-306724,10/15/2025,2025-26,2025-10,Education,V0057,Supplier 057,Building Maintenance,Sole Source,PO-92494,"$2,477.72",Yes,EFT,FALSE,FALSE,FALSE,FALSE,FALSE,FALSE,FALSE,FALSE,0,Routine,FALSE,No predefined exception
PAY-001073,INV-505377,10/15/2025,2025-26,2025-10,Natural Resources,V0077,Supplier 077,Transportation Services,Open Competition,PO-31264,"$5,075.02",Yes,EFT,FALSE,FALSE,FALSE,FALSE,FALSE,FALSE,FALSE,FALSE,0,Routine,FALSE,No predefined exception
PAY-001193,INV-303305,10/15/2025,2025-26,2025-10,Municipal Services,V0005,Supplier 005,IT Hardware,Open Competition,PO-17426,"$3,619.96",Yes,EFT,FALSE,FALSE,FALSE,FALSE,FALSE,FALSE,FALSE,FALSE,0,Routine,FALSE,No predefined exception
PAY-000231,INV-403446,10/15/2025,2025-26,2025-10,Municipal Services,V0021,Supplier 021,IT Hardware,Sole Source,PO-46388,"$1,707.70",Yes,EFT,FALSE,FALSE,FALSE,FALSE,FALSE,FALSE,FALSE,FALSE,0,Routine,FALSE,No predefined exception
PAY-000220,INV-376393,10/15/2025,2025-26,2025-10,Justice & Public Safety,V0074,Supplier 074,Construction Services,Open Competition,PO-19859,"$9,950.00",Yes,EFT,FALSE,FALSE,FALSE,TRUE,TRUE,FALSE,FALSE,FALSE,4,Higher,TRUE,Near hypothetical threshold; Statistical amount outlier
PAY-002112,INV-765979,10/16/2025,2025-26,2025-10,Health Services,V0005,Supplier 005,Building Maintenance,Invitational,PO-10284,"$3,435.38",Yes,EFT,FALSE,FALSE,FALSE,FALSE,FALSE,FALSE,FALSE,FALSE,0,Routine,FALSE,No predefined exception
PAY-001770,INV-300065,10/16/2025,2025-26,2025-10,Digital Government,V0050,Supplier 050,Software & Licensing,Open Competition,PO-91499,"$1,616.92",Yes,EFT,FALSE,FALSE,FALSE,FALSE,FALSE,FALSE,FALSE,FALSE,0,Routine,FALSE,No predefined exception
PAY-000247,INV-749837,10/16/2025,2025-26,2025-10,Transportation & Infrastructure,V0072,Supplier 072,Equipment,Sole Source,PO-40100,"$1,156.04",Yes,EFT,FALSE,FALSE,FALSE,FALSE,FALSE,FALSE,FALSE,FALSE,0,Routine,FALSE,No predefined exception
PAY-001544,INV-432103,10/16/2025,2025-26,2025-10,Education,V0024,Supplier 024,Equipment,Open Competition,PO-33104,"$1,052.66",Yes,EFT,FALSE,FALSE,FALSE,FALSE,FALSE,FALSE,FALSE,FALSE,0,Routine,FALSE,No predefined exception
PAY-001456,INV-802716,10/16/2025,2025-26,2025-10,Municipal Services,V0042,Supplier 042,Professional Services,Sole Source,PO-56304,"$1,003.51",Yes,EFT,FALSE,FALSE,FALSE,FALSE,FALSE,FALSE,FALSE,FALSE,0,Routine,FALSE,No predefined exception
PAY-001129,INV-793464,10/17/2025,2025-26,2025-10,Transportation & Infrastructure,V0064,Supplier 064,Building Maintenance,Open Competition,PO-29268,"$6,118.12",Yes,Cheque,FALSE,FALSE,FALSE,FALSE,FALSE,FALSE,FALSE,FALSE,0,Routine,FALSE,No predefined exception
PAY-001444,INV-115733,10/17/2025,2025-26,2025-10,Natural Resources,V0001,Supplier 001,Training,Sole Source,PO-36067,$534.76,Yes,EFT,FALSE,FALSE,FALSE,FALSE,FALSE,FALSE,FALSE,FALSE,0,Routine,FALSE,No predefined exception
PAY-002288,INV-511377,10/17/2025,2025-26,2025-10,Health Services,V0020,Supplier 020,Equipment,Standing Offer,PO-18823,$757.09,Yes,Cheque,FALSE,FALSE,FALSE,FALSE,FALSE,FALSE,FALSE,FALSE,0,Routine,FALSE,No predefined exception
PAY-001407,INV-290545,10/18/2025,2025-26,2025-10,Municipal Services,V0078,Supplier 078,Building Maintenance,Open Competition,,"$10,575.06",Yes,EFT,FALSE,FALSE,TRUE,FALSE,TRUE,FALSE,FALSE,FALSE,3,Moderate,TRUE,Missing purchase order; Statistical amount outlier
PAY-001404,INV-294716,10/18/2025,2025-26,2025-10,Digital Government,V0011,Supplier 011,Equipment,Standing Offer,PO-58049,"$1,637.22",Yes,EFT,FALSE,FALSE,FALSE,FALSE,FALSE,FALSE,FALSE,FALSE,0,Routine,FALSE,No predefined exception
PAY-DUP-012,INV-896790,10/18/2025,2025-26,2025-10,Education,V0079,Supplier 079,Software & Licensing,Sole Source,PO-97754,"$4,350.88",Yes,EFT,TRUE,FALSE,FALSE,FALSE,FALSE,FALSE,FALSE,FALSE,3,Moderate,TRUE,Potential duplicate
PAY-000704,INV-324970,10/18/2025,2025-26,2025-10,Health Services,V0007,Supplier 007,Building Maintenance,Standing Offer,PO-68882,"$3,674.62",Yes,EFT,FALSE,FALSE,FALSE,FALSE,FALSE,FALSE,FALSE,FALSE,0,Routine,FALSE,No predefined exception
PAY-001325,INV-851972,10/18/2025,2025-26,2025-10,Digital Government,V0050,Supplier 050,Building Maintenance,Standing Offer,PO-73534,"$3,645.21",Yes,EFT,FALSE,FALSE,FALSE,FALSE,FALSE,FALSE,FALSE,FALSE,0,Routine,FALSE,No predefined exception
PAY-000112,INV-896790,10/18/2025,2025-26,2025-10,Education,V0079,Supplier 079,Software & Licensing,Sole Source,PO-97754,"$4,350.88",Yes,EFT,TRUE,FALSE,FALSE,FALSE,FALSE,FALSE,FALSE,FALSE,3,Moderate,TRUE,Potential duplicate
PAY-000235,INV-768903,10/18/2025,2025-26,2025-10,Education,V0012,Supplier 012,Construction Services,Standing Offer,PO-89066,"$2,463.12",Yes,EFT,FALSE,FALSE,FALSE,FALSE,FALSE,FALSE,FALSE,FALSE,0,Routine,FALSE,No predefined exception
PAY-000751,INV-449345,10/19/2025,2025-26,2025-10,Health Services,V0007,Supplier 007,Software & Licensing,Sole Source,PO-13851,"$12,618.14",Yes,Corporate Card,FALSE,FALSE,FALSE,FALSE,TRUE,TRUE,FALSE,FALSE,4,Higher,TRUE,Statistical amount outlier; Higher-value sole-source transaction
PAY-002224,INV-571022,10/19/2025,2025-26,2025-10,Digital Government,V0074,Supplier 074,Equipment,Standing Offer,PO-96363,"$3,126.04",Yes,EFT,FALSE,FALSE,FALSE,FALSE,FALSE,FALSE,FALSE,FALSE,0,Routine,FALSE,No predefined exception
PAY-001309,INV-203535,10/19/2025,2025-26,2025-10,Transportation & Infrastructure,V0021,Supplier 021,Equipment,Open Competition,PO-75124,"$2,568.59",Yes,EFT,FALSE,FALSE,FALSE,FALSE,FALSE,FALSE,FALSE,FALSE,0,Routine,FALSE,No predefined exception
PAY-001171,INV-858171,10/19/2025,2025-26,2025-10,Digital Government,V0019,Supplier 019,IT Hardware,Open Competition,PO-21004,"$1,623.77",Yes,EFT,FALSE,FALSE,FALSE,FALSE,FALSE,FALSE,FALSE,FALSE,0,Routine,FALSE,No predefined exception
PAY-001899,INV-144912,10/19/2025,2025-26,2025-10,Transportation & Infrastructure,V0048,Supplier 048,Office Supplies,Standing Offer,PO-32053,"$1,286.98",Yes,EFT,FALSE,FALSE,FALSE,FALSE,FALSE,FALSE,FALSE,FALSE,0,Routine,FALSE,No predefined exception
PAY-000635,INV-191288,10/19/2025,2025-26,2025-10,Transportation & Infrastructure,V0059,Supplier 059,Office Supplies,Standing Offer,PO-82956,$970.68,Yes,EFT,FALSE,FALSE,FALSE,FALSE,FALSE,FALSE,FALSE,FALSE,0,Routine,FALSE,No predefined exception
PAY-001821,INV-465543,10/19/2025,2025-26,2025-10,Transportation & Infrastructure,V0007,Supplier 007,Construction Services,Standing Offer,PO-43991,$943.96,Yes,EFT,FALSE,FALSE,FALSE,FALSE,FALSE,FALSE,FALSE,FALSE,0,Routine,FALSE,No predefined exception
PAY-000073,INV-301798,10/19/2025,2025-26,2025-10,Transportation & Infrastructure,V0065,Supplier 065,Professional Services,Sole Source,PO-72167,"$1,948.96",Yes,EFT,FALSE,FALSE,FALSE,FALSE,FALSE,FALSE,FALSE,FALSE,0,Routine,FALSE,No predefined exception
PAY-000666,INV-593896,10/20/2025,2025-26,2025-10,Justice & Public Safety,V0031,Supplier 031,Office Supplies,Open Competition,PO-64936,"$5,681.44",Yes,Cheque,FALSE,FALSE,FALSE,FALSE,FALSE,FALSE,FALSE,FALSE,0,Routine,FALSE,No predefined exception
PAY-000223,INV-911032,10/20/2025,2025-26,2025-10,Natural Resources,V0046,Supplier 046,IT Hardware,Open Competition,PO-67824,"$9,995.00",Yes,Corporate Card,FALSE,FALSE,FALSE,TRUE,TRUE,FALSE,FALSE,FALSE,4,Higher,TRUE,Near hypothetical threshold; Statistical amount outlier
PAY-000977,INV-168369,10/20/2025,2025-26,2025-10,Digital Government,V0026,Supplier 026,IT Hardware,Sole Source,PO-76056,$702.93,Yes,EFT,FALSE,FALSE,FALSE,FALSE,FALSE,FALSE,FALSE,FALSE,0,Routine,FALSE,No predefined exception
PAY-002154,INV-942843,10/20/2025,2025-26,2025-10,Digital Government,V0080,Supplier 080,Office Supplies,Standing Offer,PO-44494,"$3,333.71",Yes,EFT,FALSE,FALSE,FALSE,FALSE,FALSE,FALSE,FALSE,FALSE,0,Routine,FALSE,No predefined exception
PAY-001711,INV-719256,10/21/2025,2025-26,2025-10,Municipal Services,V0062,Supplier 062,Professional Services,Open Competition,PO-25604,"$1,349.76",Yes,EFT,FALSE,FALSE,FALSE,FALSE,FALSE,FALSE,FALSE,FALSE,0,Routine,FALSE,No predefined exception
PAY-001995,INV-491065,10/21/2025,2025-26,2025-10,Education,V0014,Supplier 014,IT Hardware,Open Competition,PO-18366,"$1,956.95",Yes,EFT,FALSE,FALSE,FALSE,FALSE,FALSE,FALSE,FALSE,FALSE,0,Routine,FALSE,No predefined exception
PAY-001850,INV-439606,10/21/2025,2025-26,2025-10,Health Services,V0079,Supplier 079,IT Hardware,Standing Offer,PO-43678,"$2,495.44",Yes,EFT,FALSE,FALSE,FALSE,FALSE,FALSE,FALSE,FALSE,FALSE,0,Routine,FALSE,No predefined exception
PAY-000474,INV-494051,10/21/2025,2025-26,2025-10,Education,V0006,Supplier 006,Equipment,Open Competition,PO-35040,$920.40,Yes,EFT,FALSE,FALSE,FALSE,FALSE,FALSE,FALSE,FALSE,FALSE,0,Routine,FALSE,No predefined exception
PAY-001792,INV-498008,10/22/2025,2025-26,2025-10,Education,V0004,Supplier 004,IT Hardware,Open Competition,PO-64654,"$1,595.10",Yes,EFT,FALSE,FALSE,FALSE,FALSE,FALSE,FALSE,FALSE,FALSE,0,Routine,FALSE,No predefined exception
PAY-000818,INV-738449,10/22/2025,2025-26,2025-10,Education,V0050,Supplier 050,IT Hardware,Open Competition,PO-27276,"$1,101.72",Yes,EFT,FALSE,FALSE,FALSE,FALSE,FALSE,FALSE,FALSE,FALSE,0,Routine,FALSE,No predefined exception
PAY-000759,INV-601754,10/22/2025,2025-26,2025-10,Municipal Services,V0007,Supplier 007,Transportation Services,Standing Offer,PO-23937,"$7,119.73",Yes,Cheque,FALSE,FALSE,FALSE,FALSE,FALSE,FALSE,FALSE,FALSE,0,Routine,FALSE,No predefined exception
PAY-002389,INV-208775,10/23/2025,2025-26,2025-10,Health Services,V0073,Supplier 073,Building Maintenance,Invitational,PO-95099,"$1,808.30",Yes,EFT,FALSE,FALSE,FALSE,FALSE,FALSE,FALSE,FALSE,FALSE,0,Routine,FALSE,No predefined exception
PAY-000060,INV-449317,10/23/2025,2025-26,2025-10,Health Services,V0045,Supplier 045,Construction Services,Invitational,PO-19973,"$1,157.09",Yes,EFT,FALSE,FALSE,FALSE,FALSE,FALSE,FALSE,FALSE,FALSE,0,Routine,FALSE,No predefined exception
PAY-001666,INV-597163,10/23/2025,2025-26,2025-10,Health Services,V0009,Supplier 009,Building Maintenance,Standing Offer,,"$1,326.30",Yes,Corporate Card,FALSE,FALSE,TRUE,FALSE,FALSE,FALSE,FALSE,FALSE,1,Routine,FALSE,Missing purchase order
PAY-001779,INV-432548,10/23/2025,2025-26,2025-10,Justice & Public Safety,V0004,Supplier 004,Training,Open Competition,PO-19487,"$2,721.70",Yes,Cheque,FALSE,FALSE,FALSE,FALSE,FALSE,FALSE,FALSE,FALSE,0,Routine,FALSE,No predefined exception
PAY-000574,INV-337268,10/23/2025,2025-26,2025-10,Municipal Services,V0038,Supplier 038,Training,Open Competition,PO-10761,"$9,576.06",Yes,EFT,FALSE,FALSE,FALSE,TRUE,TRUE,FALSE,FALSE,FALSE,4,Higher,TRUE,Near hypothetical threshold; Statistical amount outlier
PAY-002020,INV-246429,10/23/2025,2025-26,2025-10,Health Services,V0069,Supplier 069,Training,Open Competition,PO-80880,"$2,133.09",Yes,EFT,FALSE,FALSE,FALSE,FALSE,FALSE,FALSE,FALSE,FALSE,0,Routine,FALSE,No predefined exception
PAY-002002,INV-812917,10/24/2025,2025-26,2025-10,Municipal Services,V0060,Supplier 060,Equipment,Open Competition,PO-40702,$631.41,Yes,EFT,FALSE,FALSE,FALSE,FALSE,FALSE,FALSE,FALSE,FALSE,0,Routine,FALSE,No predefined exception
PAY-000782,INV-506396,10/24/2025,2025-26,2025-10,Education,V0007,Supplier 007,Building Maintenance,Standing Offer,PO-17534,"$6,322.38",Yes,EFT,FALSE,FALSE,FALSE,FALSE,FALSE,FALSE,FALSE,FALSE,0,Routine,FALSE,No predefined exception
PAY-001903,INV-583042,10/24/2025,2025-26,2025-10,Municipal Services,V0077,Supplier 077,Construction Services,Standing Offer,PO-86418,$475.52,Yes,EFT,FALSE,FALSE,FALSE,FALSE,FALSE,FALSE,FALSE,FALSE,0,Routine,FALSE,No predefined exception
PAY-000134,INV-495460,10/24/2025,2025-26,2025-10,Municipal Services,V0079,Supplier 079,Building Maintenance,Invitational,PO-65277,"$2,426.48",Yes,EFT,FALSE,FALSE,FALSE,FALSE,FALSE,FALSE,FALSE,FALSE,0,Routine,FALSE,No predefined exception
PAY-000881,INV-690669,10/24/2025,2025-26,2025-10,Natural Resources,V0080,Supplier 080,Training,Open Competition,PO-62073,"$5,658.66",Yes,Cheque,FALSE,FALSE,FALSE,FALSE,FALSE,FALSE,FALSE,FALSE,0,Routine,FALSE,No predefined exception
PAY-000083,INV-684326,10/25/2025,2025-26,2025-10,Health Services,V0001,Supplier 001,Professional Services,Open Competition,PO-85043,$965.18,Yes,EFT,FALSE,FALSE,FALSE,FALSE,FALSE,FALSE,FALSE,FALSE,0,Routine,FALSE,No predefined exception
PAY-001862,INV-460400,10/25/2025,2025-26,2025-10,Justice & Public Safety,V0004,Supplier 004,Office Supplies,Open Competition,PO-39581,"$4,837.62",Yes,Cheque,FALSE,FALSE,FALSE,FALSE,FALSE,FALSE,FALSE,FALSE,0,Routine,FALSE,No predefined exception
PAY-000275,INV-994230,10/25/2025,2025-26,2025-10,Municipal Services,V0017,Supplier 017,Construction Services,Open Competition,PO-57165,"$5,182.14",Yes,EFT,FALSE,FALSE,FALSE,FALSE,FALSE,FALSE,FALSE,FALSE,0,Routine,FALSE,No predefined exception
PAY-002314,INV-983435,10/25/2025,2025-26,2025-10,Natural Resources,V0011,Supplier 011,Software & Licensing,Open Competition,PO-36025,"$4,748.06",Yes,Cheque,FALSE,FALSE,FALSE,FALSE,FALSE,FALSE,FALSE,FALSE,0,Routine,FALSE,No predefined exception
PAY-000296,INV-823559,10/25/2025,2025-26,2025-10,Health Services,V0048,Supplier 048,Equipment,Sole Source,PO-84229,"$1,363.87",Yes,EFT,FALSE,FALSE,FALSE,FALSE,FALSE,FALSE,FALSE,FALSE,0,Routine,FALSE,No predefined exception
PAY-001758,INV-519204,10/25/2025,2025-26,2025-10,Digital Government,V0059,Supplier 059,Equipment,Open Competition,PO-22531,"$2,952.61",Yes,EFT,FALSE,FALSE,FALSE,FALSE,FALSE,FALSE,FALSE,FALSE,0,Routine,FALSE,No predefined exception
PAY-002212,INV-420847,10/25/2025,2025-26,2025-10,Justice & Public Safety,V0019,Supplier 019,Training,Open Competition,PO-54230,"$7,162.94",Yes,EFT,FALSE,FALSE,FALSE,FALSE,FALSE,FALSE,FALSE,FALSE,0,Routine,FALSE,No predefined exception
PAY-001793,INV-375381,10/26/2025,2025-26,2025-10,Municipal Services,V0044,Supplier 044,Construction Services,Open Competition,PO-95667,"$1,262.00",Yes,Cheque,FALSE,FALSE,FALSE,FALSE,FALSE,FALSE,FALSE,FALSE,0,Routine,FALSE,No predefined exception
PAY-001318,INV-291812,10/26/2025,2025-26,2025-10,Natural Resources,V0078,Supplier 078,IT Hardware,Open Competition,,"$1,402.25",Yes,EFT,FALSE,FALSE,TRUE,FALSE,FALSE,FALSE,FALSE,FALSE,1,Routine,FALSE,Missing purchase order
PAY-001316,INV-430322,10/26/2025,2025-26,2025-10,Municipal Services,V0050,Supplier 050,Software & Licensing,Standing Offer,PO-29328,"$1,586.38",Yes,EFT,FALSE,FALSE,FALSE,FALSE,FALSE,FALSE,FALSE,FALSE,0,Routine,FALSE,No predefined exception
PAY-002301,INV-784266,10/26/2025,2025-26,2025-10,Digital Government,V0050,Supplier 050,Transportation Services,Open Competition,PO-95824,"$2,622.75",Yes,Cheque,FALSE,FALSE,FALSE,FALSE,FALSE,FALSE,FALSE,FALSE,0,Routine,FALSE,No predefined exception
PAY-001489,INV-508548,10/27/2025,2025-26,2025-10,Natural Resources,V0026,Supplier 026,Equipment,Open Competition,,$760.79,Yes,Corporate Card,FALSE,FALSE,TRUE,FALSE,FALSE,FALSE,FALSE,FALSE,1,Routine,FALSE,Missing purchase order
PAY-001182,INV-284535,10/27/2025,2025-26,2025-10,Health Services,V0052,Supplier 052,Construction Services,Invitational,PO-72734,"$2,273.36",Yes,Corporate Card,FALSE,FALSE,FALSE,FALSE,FALSE,FALSE,FALSE,FALSE,0,Routine,FALSE,No predefined exception
PAY-001705,INV-222357,10/27/2025,2025-26,2025-10,Natural Resources,V0024,Supplier 024,Construction Services,Open Competition,PO-46397,"$7,200.78",Yes,EFT,FALSE,FALSE,FALSE,FALSE,FALSE,FALSE,FALSE,FALSE,0,Routine,FALSE,No predefined exception
PAY-001138,INV-409780,10/27/2025,2025-26,2025-10,Justice & Public Safety,V0048,Supplier 048,Office Supplies,Invitational,PO-38280,"$1,422.13",Yes,EFT,FALSE,FALSE,FALSE,FALSE,FALSE,FALSE,FALSE,FALSE,0,Routine,FALSE,No predefined exception
PAY-001891,INV-368116,10/28/2025,2025-26,2025-10,Justice & Public Safety,V0024,Supplier 024,Training,Open Competition,PO-59305,"$4,288.50",Yes,EFT,FALSE,FALSE,FALSE,FALSE,FALSE,FALSE,FALSE,FALSE,0,Routine,FALSE,No predefined exception
PAY-001219,INV-753817,10/28/2025,2025-26,2025-10,Municipal Services,V0074,Supplier 074,Equipment,Standing Offer,PO-71081,"$8,525.27",Yes,Cheque,FALSE,FALSE,FALSE,FALSE,FALSE,FALSE,FALSE,FALSE,0,Routine,FALSE,No predefined exception
PAY-000705,INV-324866,10/29/2025,2025-26,2025-10,Education,V0007,Supplier 007,Transportation Services,Open Competition,PO-11316,"$3,336.85",Yes,EFT,FALSE,FALSE,FALSE,FALSE,FALSE,FALSE,FALSE,FALSE,0,Routine,FALSE,No predefined exception
PAY-000986,INV-596297,10/29/2025,2025-26,2025-10,Education,V0015,Supplier 015,Software & Licensing,Open Competition,,"$3,347.16",Yes,EFT,FALSE,FALSE,TRUE,FALSE,FALSE,FALSE,FALSE,FALSE,1,Routine,FALSE,Missing purchase order
PAY-002486,INV-873931,10/30/2025,2025-26,2025-10,Justice & Public Safety,V0051,Supplier 051,IT Hardware,Open Competition,PO-15427,$498.95,Yes,EFT,FALSE,FALSE,FALSE,FALSE,FALSE,FALSE,FALSE,FALSE,0,Routine,FALSE,No predefined exception
PAY-001908,INV-758210,10/30/2025,2025-26,2025-10,Digital Government,V0012,Supplier 012,Construction Services,Open Competition,PO-99584,"$6,135.84",Yes,EFT,FALSE,FALSE,FALSE,FALSE,FALSE,FALSE,FALSE,FALSE,0,Routine,FALSE,No predefined exception
PAY-001043,INV-571068,10/30/2025,2025-26,2025-10,Health Services,V0019,Supplier 019,Training,Open Competition,PO-69919,"$1,754.56",Yes,EFT,FALSE,FALSE,FALSE,FALSE,FALSE,FALSE,FALSE,FALSE,0,Routine,FALSE,No predefined exception
PAY-002488,INV-644075,10/30/2025,2025-26,2025-10,Health Services,V0058,Supplier 058,IT Hardware,Standing Offer,PO-41070,$996.52,Yes,EFT,FALSE,FALSE,FALSE,FALSE,FALSE,FALSE,FALSE,FALSE,0,Routine,FALSE,No predefined exception
PAY-000082,INV-903631,10/30/2025,2025-26,2025-10,Education,V0015,Supplier 015,Professional Services,Open Competition,PO-49884,"$2,135.00",Yes,EFT,FALSE,FALSE,FALSE,FALSE,FALSE,FALSE,FALSE,FALSE,0,Routine,FALSE,No predefined exception
PAY-000665,INV-901555,10/30/2025,2025-26,2025-10,Justice & Public Safety,V0049,Supplier 049,Transportation Services,Open Competition,PO-88501,"$2,075.43",Yes,Corporate Card,FALSE,FALSE,FALSE,FALSE,FALSE,FALSE,FALSE,FALSE,0,Routine,FALSE,No predefined exception
PAY-002108,INV-645611,10/30/2025,2025-26,2025-10,Digital Government,V0071,Supplier 071,Construction Services,Sole Source,PO-81349,"$1,012.58",Yes,Corporate Card,FALSE,FALSE,FALSE,FALSE,FALSE,FALSE,FALSE,FALSE,0,Routine,FALSE,No predefined exception
PAY-000864,INV-428634,10/31/2025,2025-26,2025-10,Health Services,V0030,Supplier 030,Construction Services,Open Competition,PO-63467,"$6,194.23",Yes,Cheque,FALSE,FALSE,FALSE,FALSE,FALSE,FALSE,FALSE,FALSE,0,Routine,FALSE,No predefined exception
PAY-001808,INV-860691,10/31/2025,2025-26,2025-10,Health Services,V0033,Supplier 033,Training,Open Competition,PO-86455,"$1,732.30",Yes,EFT,FALSE,FALSE,FALSE,FALSE,FALSE,FALSE,FALSE,FALSE,0,Routine,FALSE,No predefined exception
PAY-000123,INV-513440,10/31/2025,2025-26,2025-10,Health Services,V0030,Supplier 030,Building Maintenance,Invitational,PO-26029,"$3,086.60",Yes,EFT,FALSE,FALSE,FALSE,FALSE,FALSE,FALSE,FALSE,FALSE,0,Routine,FALSE,No predefined exception
PAY-000885,INV-113731,10/31/2025,2025-26,2025-10,Education,V0027,Supplier 027,Transportation Services,Open Competition,PO-90468,"$3,649.85",Yes,Cheque,FALSE,FALSE,FALSE,FALSE,FALSE,FALSE,FALSE,FALSE,0,Routine,FALSE,No predefined exception
PAY-001156,INV-335161,10/31/2025,2025-26,2025-10,Municipal Services,V0012,Supplier 012,IT Hardware,Invitational,PO-25563,"$9,442.52",Yes,EFT,FALSE,FALSE,FALSE,FALSE,TRUE,FALSE,FALSE,FALSE,2,Moderate,TRUE,Statistical amount outlier
PAY-001787,INV-455933,10/31/2025,2025-26,2025-10,Justice & Public Safety,V0048,Supplier 048,IT Hardware,Standing Offer,PO-71303,"$8,174.54",Yes,EFT,FALSE,FALSE,FALSE,FALSE,FALSE,FALSE,FALSE,FALSE,0,Routine,FALSE,No predefined exception
PAY-002201,INV-216908,10/31/2025,2025-26,2025-10,Transportation & Infrastructure,V0038,Supplier 038,Construction Services,Standing Offer,PO-36615,"$1,858.86",Yes,Corporate Card,FALSE,FALSE,FALSE,FALSE,FALSE,FALSE,FALSE,FALSE,0,Routine,FALSE,No predefined exception
PAY-001334,INV-360529,11/1/2025,2025-26,2025-11,Digital Government,V0019,Supplier 019,Software & Licensing,Invitational,PO-96814,"$1,710.73",Yes,EFT,FALSE,FALSE,FALSE,FALSE,FALSE,FALSE,FALSE,FALSE,0,Routine,FALSE,No predefined exception
PAY-001313,INV-822648,11/1/2025,2025-26,2025-11,Education,V0002,Supplier 002,Professional Services,Invitational,PO-87538,"$4,178.65",Yes,EFT,FALSE,FALSE,FALSE,FALSE,FALSE,FALSE,FALSE,FALSE,0,Routine,FALSE,No predefined exception
PAY-001566,INV-436399,11/1/2025,2025-26,2025-11,Health Services,V0012,Supplier 012,Building Maintenance,Standing Offer,PO-80111,"$2,464.93",Yes,Corporate Card,FALSE,FALSE,FALSE,FALSE,FALSE,FALSE,FALSE,FALSE,0,Routine,FALSE,No predefined exception
PAY-000595,INV-411741,11/1/2025,2025-26,2025-11,Transportation & Infrastructure,V0080,Supplier 080,Construction Services,Open Competition,PO-10552,$819.66,Yes,EFT,FALSE,FALSE,FALSE,FALSE,FALSE,FALSE,FALSE,FALSE,0,Routine,FALSE,No predefined exception
PAY-000010,INV-402240,11/1/2025,2025-26,2025-11,Health Services,V0007,Supplier 007,Transportation Services,Open Competition,PO-34045,"$1,599.12",Yes,Corporate Card,FALSE,FALSE,FALSE,FALSE,FALSE,FALSE,FALSE,FALSE,0,Routine,FALSE,No predefined exception
PAY-001442,INV-909195,11/1/2025,2025-26,2025-11,Health Services,V0017,Supplier 017,Transportation Services,Open Competition,PO-50001,"$4,492.29",No,EFT,FALSE,FALSE,FALSE,FALSE,FALSE,FALSE,FALSE,TRUE,3,Moderate,TRUE,Approval exception
PAY-001218,INV-264404,11/1/2025,2025-26,2025-11,Natural Resources,V0038,Supplier 038,Building Maintenance,Invitational,PO-95808,"$3,135.05",Yes,EFT,FALSE,FALSE,FALSE,FALSE,FALSE,FALSE,FALSE,FALSE,0,Routine,FALSE,No predefined exception
PAY-002297,INV-682933,11/1/2025,2025-26,2025-11,Education,V0014,Supplier 014,IT Hardware,Sole Source,PO-84187,"$6,343.48",Yes,EFT,FALSE,FALSE,FALSE,FALSE,FALSE,FALSE,FALSE,FALSE,0,Routine,FALSE,No predefined exception
PAY-001468,INV-307158,11/1/2025,2025-26,2025-11,Health Services,V0009,Supplier 009,Office Supplies,Open Competition,PO-11280,"$10,664.55",Yes,EFT,FALSE,FALSE,FALSE,FALSE,TRUE,FALSE,FALSE,FALSE,2,Moderate,TRUE,Statistical amount outlier
PAY-000078,INV-986867,11/1/2025,2025-26,2025-11,Digital Government,V0056,Supplier 056,IT Hardware,Sole Source,PO-59229,"$2,850.25",Yes,EFT,FALSE,FALSE,FALSE,FALSE,FALSE,FALSE,FALSE,FALSE,0,Routine,FALSE,No predefined exception
PAY-000393,INV-565994,11/1/2025,2025-26,2025-11,Justice & Public Safety,V0019,Supplier 019,Professional Services,Open Competition,PO-84613,$263.35,Yes,EFT,FALSE,FALSE,FALSE,FALSE,FALSE,FALSE,FALSE,FALSE,0,Routine,FALSE,No predefined exception
PAY-000525,INV-930547,11/1/2025,2025-26,2025-11,Justice & Public Safety,V0020,Supplier 020,Transportation Services,Invitational,PO-10337,"$1,879.32",Yes,EFT,FALSE,FALSE,FALSE,FALSE,FALSE,FALSE,FALSE,FALSE,0,Routine,FALSE,No predefined exception
PAY-000118,INV-998704,11/2/2025,2025-26,2025-11,Transportation & Infrastructure,V0041,Supplier 041,Office Supplies,Open Competition,PO-54696,"$2,219.36",Yes,EFT,FALSE,FALSE,FALSE,FALSE,FALSE,FALSE,FALSE,FALSE,0,Routine,FALSE,No predefined exception
PAY-001577,INV-531385,11/2/2025,2025-26,2025-11,Justice & Public Safety,V0055,Supplier 055,Building Maintenance,Open Competition,PO-72358,"$7,213.17",Yes,EFT,FALSE,FALSE,FALSE,FALSE,FALSE,FALSE,FALSE,FALSE,0,Routine,FALSE,No predefined exception
PAY-001631,INV-515976,11/2/2025,2025-26,2025-11,Education,V0073,Supplier 073,Transportation Services,Standing Offer,PO-55728,"$1,197.09",Yes,EFT,FALSE,FALSE,FALSE,FALSE,FALSE,FALSE,FALSE,FALSE,0,Routine,FALSE,No predefined exception
PAY-002025,INV-493186,11/2/2025,2025-26,2025-11,Education,V0048,Supplier 048,Transportation Services,Open Competition,PO-30620,"$1,229.53",Yes,EFT,FALSE,FALSE,FALSE,FALSE,FALSE,FALSE,FALSE,FALSE,0,Routine,FALSE,No predefined exception
PAY-000889,INV-741000,11/2/2025,2025-26,2025-11,Digital Government,V0073,Supplier 073,Training,Open Competition,,"$1,628.12",Yes,Cheque,FALSE,FALSE,TRUE,FALSE,FALSE,FALSE,FALSE,FALSE,1,Routine,FALSE,Missing purchase order
PAY-002377,INV-187132,11/2/2025,2025-26,2025-11,Transportation & Infrastructure,V0002,Supplier 002,Professional Services,Open Competition,PO-61036,"$1,890.23",Yes,EFT,FALSE,FALSE,FALSE,FALSE,FALSE,FALSE,FALSE,FALSE,0,Routine,FALSE,No predefined exception
PAY-001102,INV-627340,11/2/2025,2025-26,2025-11,Transportation & Infrastructure,V0064,Supplier 064,Software & Licensing,Sole Source,PO-20109,"$64,483.48",Yes,Corporate Card,FALSE,FALSE,FALSE,FALSE,TRUE,TRUE,FALSE,FALSE,4,Higher,TRUE,Statistical amount outlier; Higher-value sole-source transaction
PAY-001437,INV-857600,11/2/2025,2025-26,2025-11,Health Services,V0073,Supplier 073,Construction Services,Invitational,PO-19657,"$1,225.33",Yes,EFT,FALSE,FALSE,FALSE,FALSE,FALSE,FALSE,FALSE,FALSE,0,Routine,FALSE,No predefined exception
PAY-000537,INV-952370,11/3/2025,2025-26,2025-11,Transportation & Infrastructure,V0056,Supplier 056,IT Hardware,Open Competition,PO-82735,"$1,623.93",Yes,EFT,FALSE,FALSE,FALSE,FALSE,FALSE,FALSE,FALSE,FALSE,0,Routine,FALSE,No predefined exception
PAY-000624,INV-957692,11/3/2025,2025-26,2025-11,Digital Government,V0016,Supplier 016,Construction Services,Open Competition,,$503.99,Yes,EFT,FALSE,FALSE,TRUE,FALSE,FALSE,FALSE,FALSE,FALSE,1,Routine,FALSE,Missing purchase order
PAY-001804,INV-427891,11/3/2025,2025-26,2025-11,Health Services,V0070,Supplier 070,Training,Open Competition,PO-16607,"$3,797.78",Yes,Cheque,FALSE,FALSE,FALSE,FALSE,FALSE,FALSE,FALSE,FALSE,0,Routine,FALSE,No predefined exception
PAY-000564,INV-953349,11/3/2025,2025-26,2025-11,Education,V0041,Supplier 041,Construction Services,Open Competition,PO-77482,$882.06,Yes,EFT,FALSE,FALSE,FALSE,FALSE,FALSE,FALSE,FALSE,FALSE,0,Routine,FALSE,No predefined exception
PAY-001411,INV-947078,11/3/2025,2025-26,2025-11,Justice & Public Safety,V0017,Supplier 017,Software & Licensing,Open Competition,PO-72823,"$1,704.88",Yes,EFT,FALSE,FALSE,FALSE,FALSE,FALSE,FALSE,FALSE,FALSE,0,Routine,FALSE,No predefined exception
PAY-000557,INV-628425,11/3/2025,2025-26,2025-11,Municipal Services,V0069,Supplier 069,IT Hardware,Open Competition,PO-35490,"$6,559.20",Yes,EFT,FALSE,FALSE,FALSE,FALSE,FALSE,FALSE,FALSE,FALSE,0,Routine,FALSE,No predefined exception
PAY-000088,INV-833375,11/3/2025,2025-26,2025-11,Education,V0029,Supplier 029,Transportation Services,Sole Source,PO-80114,"$2,717.23",Yes,Corporate Card,FALSE,FALSE,FALSE,FALSE,FALSE,FALSE,FALSE,FALSE,0,Routine,FALSE,No predefined exception
PAY-000733,INV-561691,11/3/2025,2025-26,2025-11,Transportation & Infrastructure,V0007,Supplier 007,Equipment,Invitational,,"$5,519.67",Yes,EFT,FALSE,FALSE,TRUE,FALSE,FALSE,FALSE,FALSE,FALSE,1,Routine,FALSE,Missing purchase order
PAY-002029,INV-879966,11/3/2025,2025-26,2025-11,Health Services,V0005,Supplier 005,IT Hardware,Open Competition,PO-97667,"$7,464.71",Yes,EFT,FALSE,FALSE,FALSE,FALSE,FALSE,FALSE,FALSE,FALSE,0,Routine,FALSE,No predefined exception
PAY-000070,INV-705556,11/4/2025,2025-26,2025-11,Natural Resources,V0055,Supplier 055,Professional Services,Open Competition,PO-19156,"$3,694.90",Yes,Cheque,FALSE,FALSE,FALSE,FALSE,FALSE,FALSE,FALSE,FALSE,0,Routine,FALSE,No predefined exception
PAY-002059,INV-580674,11/4/2025,2025-26,2025-11,Justice & Public Safety,V0040,Supplier 040,IT Hardware,Open Competition,PO-49404,"$10,039.74",Yes,EFT,FALSE,FALSE,FALSE,FALSE,TRUE,FALSE,FALSE,FALSE,2,Moderate,TRUE,Statistical amount outlier
PAY-000130,INV-128885,11/4/2025,2025-26,2025-11,Justice & Public Safety,V0036,Supplier 036,Construction Services,Sole Source,PO-86197,"$2,365.95",Yes,EFT,FALSE,FALSE,FALSE,FALSE,FALSE,FALSE,FALSE,FALSE,0,Routine,FALSE,No predefined exception
PAY-001558,INV-451931,11/4/2025,2025-26,2025-11,Health Services,V0002,Supplier 002,Software & Licensing,Open Competition,PO-38629,"$2,357.70",Yes,EFT,FALSE,FALSE,FALSE,FALSE,FALSE,FALSE,FALSE,FALSE,0,Routine,FALSE,No predefined exception
PAY-002262,INV-549541,11/4/2025,2025-26,2025-11,Education,V0021,Supplier 021,Transportation Services,Invitational,PO-89217,"$9,323.89",Yes,EFT,FALSE,FALSE,FALSE,FALSE,TRUE,FALSE,FALSE,FALSE,2,Moderate,TRUE,Statistical amount outlier
PAY-000218,INV-510616,11/4/2025,2025-26,2025-11,Health Services,V0032,Supplier 032,Construction Services,Standing Offer,PO-92351,"$9,900.00",Yes,EFT,FALSE,FALSE,FALSE,TRUE,TRUE,FALSE,FALSE,FALSE,4,Higher,TRUE,Near hypothetical threshold; Statistical amount outlier
PAY-001135,INV-226150,11/4/2025,2025-26,2025-11,Digital Government,V0036,Supplier 036,Professional Services,Invitational,PO-22835,"$3,053.29",Yes,EFT,FALSE,FALSE,FALSE,FALSE,FALSE,FALSE,FALSE,FALSE,0,Routine,FALSE,No predefined exception
PAY-000475,INV-380790,11/4/2025,2025-26,2025-11,Education,V0052,Supplier 052,Training,Open Competition,PO-31637,"$1,936.63",Yes,EFT,FALSE,FALSE,FALSE,FALSE,FALSE,FALSE,FALSE,FALSE,0,Routine,FALSE,No predefined exception
PAY-000857,INV-820602,11/4/2025,2025-26,2025-11,Justice & Public Safety,V0068,Supplier 068,Building Maintenance,Invitational,PO-37467,"$2,388.34",Yes,EFT,FALSE,FALSE,FALSE,FALSE,FALSE,FALSE,FALSE,FALSE,0,Routine,FALSE,No predefined exception
PAY-002477,INV-763431,11/5/2025,2025-26,2025-11,Digital Government,V0065,Supplier 065,Office Supplies,Invitational,PO-74324,"$11,617.96",Yes,EFT,FALSE,FALSE,FALSE,FALSE,TRUE,FALSE,FALSE,FALSE,2,Moderate,TRUE,Statistical amount outlier
PAY-001357,INV-417953,11/5/2025,2025-26,2025-11,Health Services,V0034,Supplier 034,Transportation Services,Open Competition,PO-89772,"$1,634.43",Yes,EFT,FALSE,FALSE,FALSE,FALSE,FALSE,FALSE,FALSE,FALSE,0,Routine,FALSE,No predefined exception
PAY-001698,INV-257212,11/5/2025,2025-26,2025-11,Justice & Public Safety,V0069,Supplier 069,Software & Licensing,Invitational,PO-81352,$691.10,Yes,EFT,FALSE,FALSE,FALSE,FALSE,FALSE,FALSE,FALSE,FALSE,0,Routine,FALSE,No predefined exception
PAY-002202,INV-345993,11/6/2025,2025-26,2025-11,Transportation & Infrastructure,V0026,Supplier 026,Office Supplies,Open Competition,PO-52722,"$1,177.61",Yes,EFT,FALSE,FALSE,FALSE,FALSE,FALSE,FALSE,FALSE,FALSE,0,Routine,FALSE,No predefined exception
PAY-000209,INV-910935,11/6/2025,2025-26,2025-11,Natural Resources,V0072,Supplier 072,Equipment,Standing Offer,PO-60852,"$9,950.00",Yes,EFT,FALSE,FALSE,FALSE,TRUE,TRUE,FALSE,FALSE,FALSE,4,Higher,TRUE,Near hypothetical threshold; Statistical amount outlier
PAY-002080,INV-593377,11/6/2025,2025-26,2025-11,Health Services,V0062,Supplier 062,Building Maintenance,Standing Offer,PO-39398,"$2,295.60",Yes,EFT,FALSE,FALSE,FALSE,FALSE,FALSE,FALSE,FALSE,FALSE,0,Routine,FALSE,No predefined exception
PAY-001913,INV-254607,11/6/2025,2025-26,2025-11,Health Services,V0027,Supplier 027,Transportation Services,Invitational,PO-94684,"$2,285.89",Yes,EFT,FALSE,FALSE,FALSE,FALSE,FALSE,FALSE,FALSE,FALSE,0,Routine,FALSE,No predefined exception
PAY-000469,INV-723765,11/6/2025,2025-26,2025-11,Natural Resources,V0015,Supplier 015,Training,Standing Offer,PO-72594,"$2,066.21",Yes,EFT,FALSE,FALSE,FALSE,FALSE,FALSE,FALSE,FALSE,FALSE,0,Routine,FALSE,No predefined exception
PAY-000643,INV-651595,11/6/2025,2025-26,2025-11,Municipal Services,V0004,Supplier 004,Office Supplies,Open Competition,PO-78882,"$4,581.29",Yes,EFT,FALSE,FALSE,FALSE,FALSE,FALSE,FALSE,FALSE,FALSE,0,Routine,FALSE,No predefined exception
PAY-000698,INV-248178,11/6/2025,2025-26,2025-11,Municipal Services,V0068,Supplier 068,IT Hardware,Standing Offer,PO-23223,"$1,747.28",Yes,Cheque,FALSE,FALSE,FALSE,FALSE,FALSE,FALSE,FALSE,FALSE,0,Routine,FALSE,No predefined exception
PAY-000332,INV-678921,11/6/2025,2025-26,2025-11,Digital Government,V0019,Supplier 019,IT Hardware,Open Competition,PO-96328,"$1,706.03",Yes,EFT,FALSE,FALSE,FALSE,FALSE,FALSE,FALSE,FALSE,FALSE,0,Routine,FALSE,No predefined exception
PAY-000706,INV-250862,11/6/2025,2025-26,2025-11,Health Services,V0007,Supplier 007,Training,Open Competition,PO-12026,"$3,651.14",Yes,EFT,FALSE,FALSE,FALSE,FALSE,FALSE,FALSE,FALSE,FALSE,0,Routine,FALSE,No predefined exception
PAY-000596,INV-103626,11/7/2025,2025-26,2025-11,Justice & Public Safety,V0024,Supplier 024,Office Supplies,Open Competition,PO-18823,"$2,078.23",Yes,EFT,FALSE,FALSE,FALSE,FALSE,FALSE,FALSE,FALSE,FALSE,0,Routine,FALSE,No predefined exception
PAY-002131,INV-446229,11/7/2025,2025-26,2025-11,Natural Resources,V0012,Supplier 012,Professional Services,Open Competition,PO-65746,"$2,536.98",Yes,EFT,FALSE,FALSE,FALSE,FALSE,FALSE,FALSE,FALSE,FALSE,0,Routine,FALSE,No predefined exception
PAY-002458,INV-816442,11/7/2025,2025-26,2025-11,Education,V0076,Supplier 076,Building Maintenance,Open Competition,PO-32953,"$1,689.47",Yes,EFT,FALSE,FALSE,FALSE,FALSE,FALSE,FALSE,FALSE,FALSE,0,Routine,FALSE,No predefined exception
PAY-001883,INV-451863,11/7/2025,2025-26,2025-11,Municipal Services,V0022,Supplier 022,Construction Services,Standing Offer,PO-75183,"$2,781.32",Yes,EFT,FALSE,FALSE,FALSE,FALSE,FALSE,FALSE,FALSE,FALSE,0,Routine,FALSE,No predefined exception
PAY-000776,INV-840045,11/8/2025,2025-26,2025-11,Health Services,V0007,Supplier 007,Office Supplies,Open Competition,PO-72996,"$12,622.17",Yes,EFT,FALSE,FALSE,FALSE,FALSE,TRUE,FALSE,FALSE,FALSE,2,Moderate,TRUE,Statistical amount outlier
PAY-000145,INV-480350,11/8/2025,2025-26,2025-11,Digital Government,V0068,Supplier 068,Software & Licensing,Open Competition,PO-71156,$311.54,Yes,EFT,FALSE,FALSE,FALSE,FALSE,FALSE,FALSE,FALSE,FALSE,0,Routine,FALSE,No predefined exception
PAY-001301,INV-689428,11/8/2025,2025-26,2025-11,Natural Resources,V0034,Supplier 034,Construction Services,Open Competition,PO-27259,"$1,992.57",Yes,EFT,FALSE,FALSE,FALSE,FALSE,FALSE,FALSE,FALSE,FALSE,0,Routine,FALSE,No predefined exception
PAY-001235,INV-971901,11/8/2025,2025-26,2025-11,Digital Government,V0077,Supplier 077,Office Supplies,Open Competition,PO-50372,$470.83,Yes,EFT,FALSE,FALSE,FALSE,FALSE,FALSE,FALSE,FALSE,FALSE,0,Routine,FALSE,No predefined exception
PAY-001778,INV-199122,11/8/2025,2025-26,2025-11,Transportation & Infrastructure,V0056,Supplier 056,Equipment,Open Competition,PO-70031,"$12,952.95",Yes,EFT,FALSE,FALSE,FALSE,FALSE,TRUE,FALSE,FALSE,FALSE,2,Moderate,TRUE,Statistical amount outlier
PAY-001691,INV-649633,11/8/2025,2025-26,2025-11,Health Services,V0014,Supplier 014,Transportation Services,Open Competition,PO-71385,$887.96,Yes,EFT,FALSE,FALSE,FALSE,FALSE,FALSE,FALSE,FALSE,FALSE,0,Routine,FALSE,No predefined exception
PAY-000481,INV-404094,11/8/2025,2025-26,2025-11,Digital Government,V0059,Supplier 059,Professional Services,Open Competition,PO-19218,"$6,240.43",Yes,EFT,FALSE,FALSE,FALSE,FALSE,FALSE,FALSE,FALSE,FALSE,0,Routine,FALSE,No predefined exception
PAY-001678,INV-147599,11/9/2025,2025-26,2025-11,Education,V0028,Supplier 028,Construction Services,Standing Offer,PO-86596,"$3,004.81",Yes,EFT,FALSE,FALSE,FALSE,FALSE,FALSE,FALSE,FALSE,FALSE,0,Routine,FALSE,No predefined exception
PAY-001848,INV-755313,11/9/2025,2025-26,2025-11,Municipal Services,V0014,Supplier 014,Equipment,Open Competition,PO-20655,"$3,398.41",Yes,EFT,FALSE,FALSE,FALSE,FALSE,FALSE,FALSE,FALSE,FALSE,0,Routine,FALSE,No predefined exception
PAY-000591,INV-165184,11/9/2025,2025-26,2025-11,Education,V0072,Supplier 072,Professional Services,Sole Source,PO-79260,"$1,201.67",Yes,EFT,FALSE,FALSE,FALSE,FALSE,FALSE,FALSE,FALSE,FALSE,0,Routine,FALSE,No predefined exception
PAY-000575,INV-579280,11/9/2025,2025-26,2025-11,Health Services,V0019,Supplier 019,Transportation Services,Invitational,PO-69698,"$1,987.89",Yes,EFT,FALSE,FALSE,FALSE,FALSE,FALSE,FALSE,FALSE,FALSE,0,Routine,FALSE,No predefined exception
PAY-002034,INV-862790,11/9/2025,2025-26,2025-11,Digital Government,V0009,Supplier 009,Building Maintenance,Standing Offer,PO-53813,"$7,384.59",Yes,EFT,FALSE,FALSE,FALSE,FALSE,FALSE,FALSE,FALSE,FALSE,0,Routine,FALSE,No predefined exception
PAY-001470,INV-101468,11/9/2025,2025-26,2025-11,Transportation & Infrastructure,V0020,Supplier 020,Professional Services,Standing Offer,PO-77165,"$4,178.62",Yes,EFT,FALSE,FALSE,FALSE,FALSE,FALSE,FALSE,FALSE,FALSE,0,Routine,FALSE,No predefined exception
PAY-000355,INV-139148,11/9/2025,2025-26,2025-11,Natural Resources,V0062,Supplier 062,Software & Licensing,Invitational,PO-91438,"$175,000.00",Yes,EFT,FALSE,FALSE,FALSE,FALSE,TRUE,FALSE,FALSE,FALSE,2,Moderate,TRUE,Statistical amount outlier
PAY-000491,INV-448848,11/9/2025,2025-26,2025-11,Transportation & Infrastructure,V0054,Supplier 054,Transportation Services,Standing Offer,PO-25453,$869.83,Yes,EFT,FALSE,FALSE,FALSE,FALSE,FALSE,FALSE,FALSE,FALSE,0,Routine,FALSE,No predefined exception
PAY-001276,INV-699142,11/9/2025,2025-26,2025-11,Justice & Public Safety,V0018,Supplier 018,Equipment,Standing Offer,PO-65300,$824.03,Yes,EFT,FALSE,FALSE,FALSE,FALSE,FALSE,FALSE,FALSE,FALSE,0,Routine,FALSE,No predefined exception
PAY-000684,INV-335943,11/10/2025,2025-26,2025-11,Transportation & Infrastructure,V0053,Supplier 053,IT Hardware,Standing Offer,PO-60627,"$11,731.01",Yes,Cheque,FALSE,FALSE,FALSE,FALSE,TRUE,FALSE,FALSE,FALSE,2,Moderate,TRUE,Statistical amount outlier
PAY-000212,INV-231827,11/10/2025,2025-26,2025-11,Municipal Services,V0031,Supplier 031,Transportation Services,Standing Offer,PO-15585,"$9,950.00",Yes,Cheque,FALSE,FALSE,FALSE,TRUE,TRUE,FALSE,FALSE,FALSE,4,Higher,TRUE,Near hypothetical threshold; Statistical amount outlier
PAY-001670,INV-150468,11/10/2025,2025-26,2025-11,Health Services,V0041,Supplier 041,IT Hardware,Sole Source,PO-40489,"$4,187.68",Yes,EFT,FALSE,FALSE,FALSE,FALSE,FALSE,FALSE,FALSE,FALSE,0,Routine,FALSE,No predefined exception
PAY-001216,INV-354265,11/10/2025,2025-26,2025-11,Justice & Public Safety,V0070,Supplier 070,Training,Open Competition,PO-12332,"$11,984.12",Yes,Cheque,FALSE,FALSE,FALSE,FALSE,TRUE,FALSE,FALSE,FALSE,2,Moderate,TRUE,Statistical amount outlier
PAY-000551,INV-555796,11/10/2025,2025-26,2025-11,Transportation & Infrastructure,V0013,Supplier 013,Building Maintenance,Open Competition,PO-33549,"$7,032.33",Yes,EFT,FALSE,FALSE,FALSE,FALSE,FALSE,FALSE,FALSE,FALSE,0,Routine,FALSE,No predefined exception
PAY-001687,INV-244575,11/10/2025,2025-26,2025-11,Digital Government,V0074,Supplier 074,Construction Services,Invitational,PO-20248,"$1,195.11",Yes,EFT,FALSE,FALSE,FALSE,FALSE,FALSE,FALSE,FALSE,FALSE,0,Routine,FALSE,No predefined exception
PAY-001315,INV-495065,11/10/2025,2025-26,2025-11,Education,V0004,Supplier 004,Equipment,Standing Offer,PO-75091,$709.38,Yes,EFT,FALSE,FALSE,FALSE,FALSE,FALSE,FALSE,FALSE,FALSE,0,Routine,FALSE,No predefined exception
PAY-001617,INV-966453,11/10/2025,2025-26,2025-11,Education,V0066,Supplier 066,Construction Services,Open Competition,PO-90692,"$7,864.49",Yes,EFT,FALSE,FALSE,FALSE,FALSE,FALSE,FALSE,FALSE,FALSE,0,Routine,FALSE,No predefined exception
PAY-000726,INV-565536,11/10/2025,2025-26,2025-11,Municipal Services,V0007,Supplier 007,Software & Licensing,Open Competition,PO-61542,"$5,660.23",Yes,EFT,FALSE,FALSE,FALSE,FALSE,FALSE,FALSE,FALSE,FALSE,0,Routine,FALSE,No predefined exception
PAY-002117,INV-566389,11/10/2025,2025-26,2025-11,Health Services,V0065,Supplier 065,Equipment,Open Competition,PO-94148,"$1,399.38",Yes,EFT,FALSE,FALSE,FALSE,FALSE,FALSE,FALSE,FALSE,FALSE,0,Routine,FALSE,No predefined exception
PAY-001825,INV-490732,11/11/2025,2025-26,2025-11,Natural Resources,V0011,Supplier 011,Professional Services,Open Competition,PO-27615,"$3,191.19",Yes,EFT,FALSE,FALSE,FALSE,FALSE,FALSE,FALSE,FALSE,FALSE,0,Routine,FALSE,No predefined exception
PAY-000987,INV-640282,11/11/2025,2025-26,2025-11,Transportation & Infrastructure,V0011,Supplier 011,Professional Services,Open Competition,PO-34556,"$2,815.33",Yes,EFT,FALSE,FALSE,FALSE,FALSE,FALSE,FALSE,FALSE,FALSE,0,Routine,FALSE,No predefined exception
PAY-001939,INV-951853,11/11/2025,2025-26,2025-11,Health Services,V0049,Supplier 049,Software & Licensing,Standing Offer,PO-43025,"$5,468.07",Yes,EFT,FALSE,FALSE,FALSE,FALSE,FALSE,FALSE,FALSE,FALSE,0,Routine,FALSE,No predefined exception
PAY-001068,INV-948152,11/11/2025,2025-26,2025-11,Justice & Public Safety,V0072,Supplier 072,Office Supplies,Open Competition,PO-72108,"$6,914.96",Yes,EFT,FALSE,FALSE,FALSE,FALSE,FALSE,FALSE,FALSE,FALSE,0,Routine,FALSE,No predefined exception
PAY-000186,INV-640022,11/11/2025,2025-26,2025-11,Natural Resources,V0066,Supplier 066,Training,Sole Source,PO-11634,"$1,801.90",Yes,EFT,FALSE,FALSE,FALSE,FALSE,FALSE,FALSE,FALSE,FALSE,0,Routine,FALSE,No predefined exception
PAY-000175,INV-849702,11/11/2025,2025-26,2025-11,Transportation & Infrastructure,V0054,Supplier 054,Professional Services,Open Competition,PO-16511,"$1,488.21",Yes,EFT,FALSE,FALSE,FALSE,FALSE,FALSE,FALSE,FALSE,FALSE,0,Routine,FALSE,No predefined exception
PAY-000213,INV-401407,11/11/2025,2025-26,2025-11,Municipal Services,V0010,Supplier 010,Construction Services,Invitational,PO-71957,"$9,975.00",Yes,Cheque,FALSE,FALSE,FALSE,TRUE,TRUE,FALSE,FALSE,FALSE,4,Higher,TRUE,Near hypothetical threshold; Statistical amount outlier
PAY-001602,INV-969029,11/12/2025,2025-26,2025-11,Education,V0026,Supplier 026,Equipment,Open Competition,PO-80713,"$2,665.36",Yes,EFT,FALSE,FALSE,FALSE,FALSE,FALSE,FALSE,FALSE,FALSE,0,Routine,FALSE,No predefined exception
PAY-001556,INV-340028,11/12/2025,2025-26,2025-11,Digital Government,V0070,Supplier 070,Equipment,Open Competition,PO-45453,$987.34,Yes,EFT,FALSE,FALSE,FALSE,FALSE,FALSE,FALSE,FALSE,FALSE,0,Routine,FALSE,No predefined exception
PAY-001542,INV-762222,11/12/2025,2025-26,2025-11,Transportation & Infrastructure,V0054,Supplier 054,Equipment,Invitational,PO-42947,"$4,563.01",Yes,EFT,FALSE,FALSE,FALSE,FALSE,FALSE,FALSE,FALSE,FALSE,0,Routine,FALSE,No predefined exception
PAY-002345,INV-747049,11/12/2025,2025-26,2025-11,Municipal Services,V0006,Supplier 006,Office Supplies,Standing Offer,PO-83490,$520.83,Yes,EFT,FALSE,FALSE,FALSE,FALSE,FALSE,FALSE,FALSE,FALSE,0,Routine,FALSE,No predefined exception
PAY-000318,INV-866887,11/12/2025,2025-26,2025-11,Health Services,V0068,Supplier 068,Transportation Services,Open Competition,PO-63639,"$1,601.39",Yes,EFT,FALSE,FALSE,FALSE,FALSE,FALSE,FALSE,FALSE,FALSE,0,Routine,FALSE,No predefined exception
PAY-001302,INV-780611,11/12/2025,2025-26,2025-11,Digital Government,V0056,Supplier 056,Transportation Services,Invitational,PO-82665,"$5,744.12",Yes,EFT,FALSE,FALSE,FALSE,FALSE,FALSE,FALSE,FALSE,FALSE,0,Routine,FALSE,No predefined exception
PAY-001595,INV-296544,11/12/2025,2025-26,2025-11,Education,V0023,Supplier 023,Professional Services,Standing Offer,PO-58780,"$1,494.09",Yes,EFT,FALSE,FALSE,FALSE,FALSE,FALSE,FALSE,FALSE,FALSE,0,Routine,FALSE,No predefined exception
PAY-000790,INV-246025,11/12/2025,2025-26,2025-11,Municipal Services,V0007,Supplier 007,Office Supplies,Open Competition,PO-97597,"$4,536.84",Yes,Corporate Card,FALSE,FALSE,FALSE,FALSE,FALSE,FALSE,FALSE,FALSE,0,Routine,FALSE,No predefined exception
PAY-002233,INV-747272,11/12/2025,2025-26,2025-11,Education,V0035,Supplier 035,IT Hardware,Invitational,PO-74618,"$2,880.38",Yes,EFT,FALSE,FALSE,FALSE,FALSE,FALSE,FALSE,FALSE,FALSE,0,Routine,FALSE,No predefined exception
PAY-001722,INV-790681,11/12/2025,2025-26,2025-11,Transportation & Infrastructure,V0070,Supplier 070,IT Hardware,Open Competition,PO-85195,"$3,909.26",Yes,EFT,FALSE,FALSE,FALSE,FALSE,FALSE,FALSE,FALSE,FALSE,0,Routine,FALSE,No predefined exception
PAY-000287,INV-972504,11/13/2025,2025-26,2025-11,Natural Resources,V0042,Supplier 042,Software & Licensing,Open Competition,PO-14808,"$1,414.60",Yes,EFT,FALSE,FALSE,FALSE,FALSE,FALSE,FALSE,FALSE,FALSE,0,Routine,FALSE,No predefined exception
PAY-001494,INV-664790,11/13/2025,2025-26,2025-11,Municipal Services,V0048,Supplier 048,Professional Services,Open Competition,PO-84697,"$3,695.99",Yes,EFT,FALSE,FALSE,FALSE,FALSE,FALSE,FALSE,FALSE,FALSE,0,Routine,FALSE,No predefined exception
PAY-001714,INV-664585,11/13/2025,2025-26,2025-11,Justice & Public Safety,V0077,Supplier 077,Training,Sole Source,PO-19363,"$1,430.69",Yes,EFT,FALSE,FALSE,FALSE,FALSE,FALSE,FALSE,FALSE,FALSE,0,Routine,FALSE,No predefined exception
PAY-001580,INV-603195,11/13/2025,2025-26,2025-11,Municipal Services,V0039,Supplier 039,Professional Services,Standing Offer,PO-16195,"$1,202.08",Yes,EFT,FALSE,FALSE,FALSE,FALSE,FALSE,FALSE,FALSE,FALSE,0,Routine,FALSE,No predefined exception
PAY-000543,INV-133635,11/13/2025,2025-26,2025-11,Transportation & Infrastructure,V0007,Supplier 007,Building Maintenance,Invitational,PO-90375,$430.05,Yes,EFT,FALSE,FALSE,FALSE,FALSE,FALSE,FALSE,FALSE,FALSE,0,Routine,FALSE,No predefined exception
PAY-001503,INV-117194,11/13/2025,2025-26,2025-11,Transportation & Infrastructure,V0046,Supplier 046,Transportation Services,Open Competition,PO-75047,$532.48,Yes,EFT,FALSE,FALSE,FALSE,FALSE,FALSE,FALSE,FALSE,FALSE,0,Routine,FALSE,No predefined exception
PAY-001386,INV-644392,11/13/2025,2025-26,2025-11,Education,V0038,Supplier 038,Equipment,Standing Offer,PO-66862,"$3,009.93",Yes,Cheque,FALSE,FALSE,FALSE,FALSE,FALSE,FALSE,FALSE,FALSE,0,Routine,FALSE,No predefined exception
PAY-000670,INV-976801,11/13/2025,2025-26,2025-11,Health Services,V0077,Supplier 077,Construction Services,Open Competition,PO-79068,"$2,916.99",Yes,EFT,FALSE,FALSE,FALSE,FALSE,FALSE,FALSE,FALSE,FALSE,0,Routine,FALSE,No predefined exception
PAY-001400,INV-410414,11/13/2025,2025-26,2025-11,Municipal Services,V0045,Supplier 045,Equipment,Open Competition,PO-67550,$390.13,Yes,EFT,FALSE,FALSE,FALSE,FALSE,FALSE,FALSE,FALSE,FALSE,0,Routine,FALSE,No predefined exception
PAY-000125,INV-879110,11/13/2025,2025-26,2025-11,Municipal Services,V0074,Supplier 074,IT Hardware,Sole Source,PO-85507,"$1,550.35",Yes,Cheque,FALSE,FALSE,FALSE,FALSE,FALSE,FALSE,FALSE,FALSE,0,Routine,FALSE,No predefined exception
PAY-002139,INV-526976,11/14/2025,2025-26,2025-11,Justice & Public Safety,V0015,Supplier 015,Building Maintenance,Invitational,PO-57668,"$1,240.13",Yes,EFT,FALSE,FALSE,FALSE,FALSE,FALSE,FALSE,FALSE,FALSE,0,Routine,FALSE,No predefined exception
PAY-001924,INV-760284,11/14/2025,2025-26,2025-11,Health Services,V0071,Supplier 071,Construction Services,Open Competition,PO-45215,"$1,910.86",Yes,EFT,FALSE,FALSE,FALSE,FALSE,FALSE,FALSE,FALSE,FALSE,0,Routine,FALSE,No predefined exception
PAY-000701,INV-633008,11/14/2025,2025-26,2025-11,Digital Government,V0007,Supplier 007,Transportation Services,Open Competition,PO-87240,"$16,131.87",Yes,EFT,FALSE,FALSE,FALSE,FALSE,TRUE,FALSE,FALSE,FALSE,2,Moderate,TRUE,Statistical amount outlier
PAY-001783,INV-582863,11/14/2025,2025-26,2025-11,Health Services,V0070,Supplier 070,Building Maintenance,Open Competition,PO-73818,"$15,151.51",Yes,EFT,FALSE,FALSE,FALSE,FALSE,TRUE,FALSE,FALSE,FALSE,2,Moderate,TRUE,Statistical amount outlier
PAY-001100,INV-695644,11/14/2025,2025-26,2025-11,Health Services,V0074,Supplier 074,Office Supplies,Invitational,PO-32319,"$2,657.54",Yes,EFT,FALSE,FALSE,FALSE,FALSE,FALSE,FALSE,FALSE,FALSE,0,Routine,FALSE,No predefined exception
PAY-002270,INV-778387,11/15/2025,2025-26,2025-11,Digital Government,V0044,Supplier 044,IT Hardware,Standing Offer,PO-33689,"$1,739.05",Yes,EFT,FALSE,FALSE,FALSE,FALSE,FALSE,FALSE,FALSE,FALSE,0,Routine,FALSE,No predefined exception
PAY-001967,INV-681768,11/15/2025,2025-26,2025-11,Health Services,V0028,Supplier 028,Professional Services,Open Competition,PO-40643,"$1,668.99",Yes,EFT,FALSE,FALSE,FALSE,FALSE,FALSE,FALSE,FALSE,FALSE,0,Routine,FALSE,No predefined exception
PAY-000439,INV-265837,11/15/2025,2025-26,2025-11,Digital Government,V0006,Supplier 006,IT Hardware,Open Competition,,"$6,840.77",Yes,EFT,FALSE,FALSE,TRUE,FALSE,FALSE,FALSE,FALSE,FALSE,1,Routine,FALSE,Missing purchase order
PAY-001038,INV-588195,11/15/2025,2025-26,2025-11,Digital Government,V0031,Supplier 031,Building Maintenance,Open Competition,PO-63913,"$1,609.87",Yes,EFT,FALSE,FALSE,FALSE,FALSE,FALSE,FALSE,FALSE,FALSE,0,Routine,FALSE,No predefined exception
PAY-001419,INV-670217,11/15/2025,2025-26,2025-11,Digital Government,V0016,Supplier 016,Training,Standing Offer,PO-97525,"$5,613.79",Yes,EFT,FALSE,FALSE,FALSE,FALSE,FALSE,FALSE,FALSE,FALSE,0,Routine,FALSE,No predefined exception
PAY-000783,INV-717125,11/15/2025,2025-26,2025-11,Justice & Public Safety,V0007,Supplier 007,Building Maintenance,Open Competition,PO-43381,"$4,738.32",Yes,EFT,FALSE,FALSE,FALSE,FALSE,FALSE,FALSE,FALSE,FALSE,0,Routine,FALSE,No predefined exception
PAY-001261,INV-953262,11/15/2025,2025-26,2025-11,Natural Resources,V0037,Supplier 037,Software & Licensing,Invitational,PO-97299,"$5,080.07",No,Cheque,FALSE,FALSE,FALSE,FALSE,FALSE,FALSE,FALSE,TRUE,3,Moderate,TRUE,Approval exception
PAY-002472,INV-155823,11/15/2025,2025-26,2025-11,Education,V0065,Supplier 065,Equipment,Open Competition,PO-81710,"$9,855.08",Yes,EFT,FALSE,FALSE,FALSE,TRUE,TRUE,FALSE,FALSE,FALSE,4,Higher,TRUE,Near hypothetical threshold; Statistical amount outlier
PAY-000668,INV-595898,11/15/2025,2025-26,2025-11,Education,V0044,Supplier 044,Equipment,Standing Offer,PO-18065,"$1,087.07",Yes,EFT,FALSE,FALSE,FALSE,FALSE,FALSE,FALSE,FALSE,FALSE,0,Routine,FALSE,No predefined exception
PAY-000605,INV-244454,11/16/2025,2025-26,2025-11,Municipal Services,V0061,Supplier 061,Software & Licensing,Open Competition,,"$2,323.01",Yes,EFT,FALSE,FALSE,TRUE,FALSE,FALSE,FALSE,FALSE,FALSE,1,Routine,FALSE,Missing purchase order
PAY-002479,INV-781509,11/16/2025,2025-26,2025-11,Digital Government,V0022,Supplier 022,Software & Licensing,Standing Offer,PO-37228,"$4,102.88",Yes,EFT,FALSE,FALSE,FALSE,FALSE,FALSE,FALSE,FALSE,FALSE,0,Routine,FALSE,No predefined exception
PAY-002287,INV-865523,11/16/2025,2025-26,2025-11,Education,V0014,Supplier 014,Construction Services,Invitational,PO-69962,"$1,957.81",Yes,EFT,FALSE,FALSE,FALSE,FALSE,FALSE,FALSE,FALSE,FALSE,0,Routine,FALSE,No predefined exception
PAY-000312,INV-302630,11/16/2025,2025-26,2025-11,Digital Government,V0063,Supplier 063,Equipment,Open Competition,PO-95184,"$3,056.65",Yes,EFT,FALSE,FALSE,FALSE,FALSE,FALSE,FALSE,FALSE,FALSE,0,Routine,FALSE,No predefined exception
PAY-001957,INV-799500,11/17/2025,2025-26,2025-11,Municipal Services,V0005,Supplier 005,Building Maintenance,Open Competition,PO-29062,"$2,577.31",Yes,EFT,FALSE,FALSE,FALSE,FALSE,FALSE,FALSE,FALSE,FALSE,0,Routine,FALSE,No predefined exception
PAY-000141,INV-653351,11/17/2025,2025-26,2025-11,Health Services,V0062,Supplier 062,Equipment,Open Competition,PO-94644,"$3,251.36",Yes,Corporate Card,FALSE,FALSE,FALSE,FALSE,FALSE,FALSE,FALSE,FALSE,0,Routine,FALSE,No predefined exception
PAY-002340,INV-851917,11/17/2025,2025-26,2025-11,Transportation & Infrastructure,V0005,Supplier 005,Training,Open Competition,PO-55306,"$2,274.60",Yes,EFT,FALSE,FALSE,FALSE,FALSE,FALSE,FALSE,FALSE,FALSE,0,Routine,FALSE,No predefined exception
PAY-000146,INV-558168,11/17/2025,2025-26,2025-11,Digital Government,V0044,Supplier 044,Office Supplies,Open Competition,PO-21326,"$3,023.41",Yes,EFT,FALSE,FALSE,FALSE,FALSE,FALSE,FALSE,FALSE,FALSE,0,Routine,FALSE,No predefined exception
PAY-000173,INV-262007,11/17/2025,2025-26,2025-11,Education,V0035,Supplier 035,Office Supplies,Open Competition,PO-67450,"$2,404.07",Yes,Cheque,FALSE,FALSE,FALSE,FALSE,FALSE,FALSE,FALSE,FALSE,0,Routine,FALSE,No predefined exception
PAY-DUP-008,INV-910486,11/17/2025,2025-26,2025-11,Justice & Public Safety,V0077,Supplier 077,Equipment,Open Competition,PO-76611,"$20,564.54",Yes,EFT,TRUE,FALSE,FALSE,FALSE,TRUE,FALSE,FALSE,FALSE,5,Higher,TRUE,Potential duplicate; Statistical amount outlier
PAY-001082,INV-232283,11/17/2025,2025-26,2025-11,Natural Resources,V0044,Supplier 044,Professional Services,Open Competition,PO-15599,"$1,802.17",Yes,EFT,FALSE,FALSE,FALSE,FALSE,FALSE,FALSE,FALSE,FALSE,0,Routine,FALSE,No predefined exception
PAY-001960,INV-701946,11/17/2025,2025-26,2025-11,Justice & Public Safety,V0032,Supplier 032,Construction Services,Open Competition,PO-84457,"$1,439.39",Yes,EFT,FALSE,FALSE,FALSE,FALSE,FALSE,FALSE,FALSE,FALSE,0,Routine,FALSE,No predefined exception
PAY-002461,INV-844854,11/17/2025,2025-26,2025-11,Transportation & Infrastructure,V0004,Supplier 004,Construction Services,Standing Offer,PO-80244,$969.69,Yes,EFT,FALSE,FALSE,FALSE,FALSE,FALSE,FALSE,FALSE,FALSE,0,Routine,FALSE,No predefined exception
PAY-000108,INV-910486,11/17/2025,2025-26,2025-11,Justice & Public Safety,V0077,Supplier 077,Equipment,Open Competition,PO-76611,"$20,564.54",Yes,EFT,TRUE,FALSE,FALSE,FALSE,TRUE,FALSE,FALSE,FALSE,5,Higher,TRUE,Potential duplicate; Statistical amount outlier
PAY-001385,INV-419849,11/18/2025,2025-26,2025-11,Health Services,V0009,Supplier 009,Building Maintenance,Open Competition,PO-25700,$889.95,Yes,Corporate Card,FALSE,FALSE,FALSE,FALSE,FALSE,FALSE,FALSE,FALSE,0,Routine,FALSE,No predefined exception
PAY-002065,INV-189031,11/18/2025,2025-26,2025-11,Health Services,V0007,Supplier 007,Office Supplies,Open Competition,PO-70269,$740.38,Yes,EFT,FALSE,FALSE,FALSE,FALSE,FALSE,FALSE,FALSE,FALSE,0,Routine,FALSE,No predefined exception
PAY-002269,INV-909216,11/18/2025,2025-26,2025-11,Justice & Public Safety,V0045,Supplier 045,Equipment,Invitational,PO-65610,"$10,658.36",Yes,EFT,FALSE,FALSE,FALSE,FALSE,TRUE,FALSE,FALSE,FALSE,2,Moderate,TRUE,Statistical amount outlier
PAY-000179,INV-408645,11/19/2025,2025-26,2025-11,Municipal Services,V0030,Supplier 030,Office Supplies,Open Competition,PO-90202,"$1,683.86",Yes,Cheque,FALSE,FALSE,FALSE,FALSE,FALSE,FALSE,FALSE,FALSE,0,Routine,FALSE,No predefined exception
PAY-000337,INV-225851,11/19/2025,2025-26,2025-11,Education,V0016,Supplier 016,Building Maintenance,Standing Offer,PO-88731,"$1,564.34",Yes,Cheque,FALSE,FALSE,FALSE,FALSE,FALSE,FALSE,FALSE,FALSE,0,Routine,FALSE,No predefined exception
PAY-000194,INV-728274,11/19/2025,2025-26,2025-11,Municipal Services,V0017,Supplier 017,Professional Services,Invitational,PO-63283,"$2,426.76",Yes,EFT,FALSE,FALSE,FALSE,FALSE,FALSE,FALSE,FALSE,FALSE,0,Routine,FALSE,No predefined exception
PAY-000570,INV-163879,11/19/2025,2025-26,2025-11,Municipal Services,V0076,Supplier 076,Construction Services,Open Competition,PO-32474,"$6,714.27",Yes,EFT,FALSE,FALSE,FALSE,FALSE,FALSE,FALSE,FALSE,FALSE,0,Routine,FALSE,No predefined exception
PAY-001686,INV-620112,11/19/2025,2025-26,2025-11,Natural Resources,V0046,Supplier 046,Office Supplies,Invitational,PO-64612,"$6,088.73",Yes,EFT,FALSE,FALSE,FALSE,FALSE,FALSE,FALSE,FALSE,FALSE,0,Routine,FALSE,No predefined exception
PAY-000851,INV-727763,11/19/2025,2025-26,2025-11,Education,V0037,Supplier 037,Office Supplies,Standing Offer,PO-83487,"$2,429.98",Yes,EFT,FALSE,FALSE,FALSE,FALSE,FALSE,FALSE,FALSE,FALSE,0,Routine,FALSE,No predefined exception
PAY-000674,INV-126128,11/19/2025,2025-26,2025-11,Education,V0006,Supplier 006,Transportation Services,Open Competition,PO-94164,"$7,364.95",Yes,Cheque,FALSE,FALSE,FALSE,FALSE,FALSE,FALSE,FALSE,FALSE,0,Routine,FALSE,No predefined exception
PAY-001827,INV-573594,11/19/2025,2025-26,2025-11,Health Services,V0025,Supplier 025,Equipment,Open Competition,PO-58703,"$8,102.77",Yes,EFT,FALSE,FALSE,FALSE,FALSE,FALSE,FALSE,FALSE,FALSE,0,Routine,FALSE,No predefined exception
PAY-000271,INV-457092,11/19/2025,2025-26,2025-11,Health Services,V0059,Supplier 059,Professional Services,Open Competition,PO-97189,"$2,038.59",Yes,EFT,FALSE,FALSE,FALSE,FALSE,FALSE,FALSE,FALSE,FALSE,0,Routine,FALSE,No predefined exception
PAY-001675,INV-765078,11/19/2025,2025-26,2025-11,Transportation & Infrastructure,V0063,Supplier 063,Office Supplies,Open Competition,PO-74333,$582.57,Yes,EFT,FALSE,FALSE,FALSE,FALSE,FALSE,FALSE,FALSE,FALSE,0,Routine,FALSE,No predefined exception
PAY-000188,INV-272409,11/20/2025,2025-26,2025-11,Municipal Services,V0080,Supplier 080,Equipment,Open Competition,PO-66081,"$1,463.07",Yes,EFT,FALSE,FALSE,FALSE,FALSE,FALSE,FALSE,FALSE,FALSE,0,Routine,FALSE,No predefined exception
PAY-002044,INV-628943,11/20/2025,2025-26,2025-11,Health Services,V0054,Supplier 054,Software & Licensing,Open Competition,PO-67724,"$6,965.87",Yes,EFT,FALSE,FALSE,FALSE,FALSE,FALSE,FALSE,FALSE,FALSE,0,Routine,FALSE,No predefined exception
PAY-001294,INV-113288,11/20/2025,2025-26,2025-11,Transportation & Infrastructure,V0058,Supplier 058,Transportation Services,Open Competition,PO-72976,"$4,986.78",Yes,EFT,FALSE,FALSE,FALSE,FALSE,FALSE,FALSE,FALSE,FALSE,0,Routine,FALSE,No predefined exception
PAY-001653,INV-170246,11/21/2025,2025-26,2025-11,Municipal Services,V0015,Supplier 015,Training,Open Competition,PO-29048,"$1,497.41",Yes,EFT,FALSE,FALSE,FALSE,FALSE,FALSE,FALSE,FALSE,FALSE,0,Routine,FALSE,No predefined exception
PAY-001328,INV-531779,11/21/2025,2025-26,2025-11,Municipal Services,V0056,Supplier 056,Equipment,Standing Offer,PO-68954,"$2,475.76",Yes,EFT,FALSE,FALSE,FALSE,FALSE,FALSE,FALSE,FALSE,FALSE,0,Routine,FALSE,No predefined exception
PAY-000820,INV-784076,11/21/2025,2025-26,2025-11,Transportation & Infrastructure,V0056,Supplier 056,IT Hardware,Open Competition,PO-58276,"$1,835.17",Yes,EFT,FALSE,FALSE,FALSE,FALSE,FALSE,FALSE,FALSE,FALSE,0,Routine,FALSE,No predefined exception
PAY-000597,INV-710224,11/21/2025,2025-26,2025-11,Health Services,V0021,Supplier 021,Building Maintenance,Standing Offer,PO-10860,"$5,085.34",Yes,Corporate Card,FALSE,FALSE,FALSE,FALSE,FALSE,FALSE,FALSE,FALSE,0,Routine,FALSE,No predefined exception
PAY-000775,INV-942955,11/22/2025,2025-26,2025-11,Natural Resources,V0007,Supplier 007,Office Supplies,Open Competition,PO-31875,"$4,626.20",Yes,EFT,FALSE,FALSE,FALSE,FALSE,FALSE,FALSE,FALSE,FALSE,0,Routine,FALSE,No predefined exception
PAY-001781,INV-721458,11/22/2025,2025-26,2025-11,Justice & Public Safety,V0017,Supplier 017,Construction Services,Open Competition,PO-21366,"$6,340.72",Yes,EFT,FALSE,FALSE,FALSE,FALSE,FALSE,FALSE,FALSE,FALSE,0,Routine,FALSE,No predefined exception
PAY-000028,INV-115116,11/22/2025,2025-26,2025-11,Transportation & Infrastructure,V0032,Supplier 032,Equipment,Open Competition,PO-54802,"$1,392.41",Yes,EFT,FALSE,FALSE,FALSE,FALSE,FALSE,FALSE,FALSE,FALSE,0,Routine,FALSE,No predefined exception
PAY-001509,INV-331408,11/22/2025,2025-26,2025-11,Transportation & Infrastructure,V0080,Supplier 080,Office Supplies,Invitational,PO-87099,"$9,363.46",Yes,Cheque,FALSE,FALSE,FALSE,FALSE,TRUE,FALSE,FALSE,FALSE,2,Moderate,TRUE,Statistical amount outlier
PAY-001024,INV-205185,11/22/2025,2025-26,2025-11,Health Services,V0015,Supplier 015,Professional Services,Sole Source,PO-19305,"$2,842.84",Yes,EFT,FALSE,FALSE,FALSE,FALSE,FALSE,FALSE,FALSE,FALSE,0,Routine,FALSE,No predefined exception
PAY-001512,INV-176298,11/22/2025,2025-26,2025-11,Municipal Services,V0066,Supplier 066,Training,Open Competition,PO-21110,"$1,013.03",Yes,EFT,FALSE,FALSE,FALSE,FALSE,FALSE,FALSE,FALSE,FALSE,0,Routine,FALSE,No predefined exception
PAY-001739,INV-334433,11/22/2025,2025-26,2025-11,Digital Government,V0013,Supplier 013,Equipment,Open Competition,PO-59239,"$1,611.12",Yes,EFT,FALSE,FALSE,FALSE,FALSE,FALSE,FALSE,FALSE,FALSE,0,Routine,FALSE,No predefined exception
PAY-002325,INV-647952,11/23/2025,2025-26,2025-11,Digital Government,V0017,Supplier 017,IT Hardware,Open Competition,PO-92613,"$2,809.01",Yes,EFT,FALSE,FALSE,FALSE,FALSE,FALSE,FALSE,FALSE,FALSE,0,Routine,FALSE,No predefined exception
PAY-001628,INV-116984,11/23/2025,2025-26,2025-11,Justice & Public Safety,V0049,Supplier 049,Building Maintenance,Invitational,PO-18650,$768.89,Yes,EFT,FALSE,FALSE,FALSE,FALSE,FALSE,FALSE,FALSE,FALSE,0,Routine,FALSE,No predefined exception
PAY-002350,INV-137493,11/23/2025,2025-26,2025-11,Justice & Public Safety,V0003,Supplier 003,Equipment,Standing Offer,PO-80779,"$1,731.59",Yes,Cheque,FALSE,FALSE,FALSE,FALSE,FALSE,FALSE,FALSE,FALSE,0,Routine,FALSE,No predefined exception
PAY-001361,INV-121602,11/23/2025,2025-26,2025-11,Education,V0046,Supplier 046,Office Supplies,Open Competition,PO-81947,"$4,106.90",Yes,EFT,FALSE,FALSE,FALSE,FALSE,FALSE,FALSE,FALSE,FALSE,0,Routine,FALSE,No predefined exception
PAY-001322,INV-608522,11/23/2025,2025-26,2025-11,Municipal Services,V0012,Supplier 012,IT Hardware,Standing Offer,PO-63551,"$1,570.89",Yes,EFT,FALSE,FALSE,FALSE,FALSE,FALSE,FALSE,FALSE,FALSE,0,Routine,FALSE,No predefined exception
PAY-000455,INV-419248,11/23/2025,2025-26,2025-11,Transportation & Infrastructure,V0029,Supplier 029,Transportation Services,Open Competition,PO-64462,"$1,903.71",Yes,EFT,FALSE,FALSE,FALSE,FALSE,FALSE,FALSE,FALSE,FALSE,0,Routine,FALSE,No predefined exception
PAY-000084,INV-682074,11/23/2025,2025-26,2025-11,Digital Government,V0007,Supplier 007,Equipment,Invitational,,$489.45,Yes,EFT,FALSE,FALSE,TRUE,FALSE,FALSE,FALSE,FALSE,FALSE,1,Routine,FALSE,Missing purchase order
PAY-000147,INV-848414,11/23/2025,2025-26,2025-11,Digital Government,V0005,Supplier 005,Software & Licensing,Open Competition,PO-24075,"$3,001.82",Yes,Corporate Card,FALSE,FALSE,FALSE,FALSE,FALSE,FALSE,FALSE,FALSE,0,Routine,FALSE,No predefined exception
PAY-001935,INV-241774,11/23/2025,2025-26,2025-11,Justice & Public Safety,V0028,Supplier 028,Software & Licensing,Invitational,PO-57119,"$7,472.71",Yes,EFT,FALSE,FALSE,FALSE,FALSE,FALSE,FALSE,FALSE,FALSE,0,Routine,FALSE,No predefined exception
PAY-001051,INV-877766,11/23/2025,2025-26,2025-11,Education,V0017,Supplier 017,Professional Services,Open Competition,PO-68016,"$1,580.40",Yes,EFT,FALSE,FALSE,FALSE,FALSE,FALSE,FALSE,FALSE,FALSE,0,Routine,FALSE,No predefined exception
PAY-000898,INV-667769,11/24/2025,2025-26,2025-11,Municipal Services,V0005,Supplier 005,Training,Invitational,PO-35380,$499.28,Yes,EFT,FALSE,FALSE,FALSE,FALSE,FALSE,FALSE,FALSE,FALSE,0,Routine,FALSE,No predefined exception
PAY-000309,INV-637857,11/24/2025,2025-26,2025-11,Education,V0052,Supplier 052,Training,Open Competition,PO-65131,"$8,477.08",Yes,EFT,FALSE,FALSE,FALSE,FALSE,FALSE,FALSE,FALSE,FALSE,0,Routine,FALSE,No predefined exception
PAY-000473,INV-473704,11/24/2025,2025-26,2025-11,Municipal Services,V0079,Supplier 079,IT Hardware,Open Competition,PO-86159,"$3,233.96",Yes,EFT,FALSE,FALSE,FALSE,FALSE,FALSE,FALSE,FALSE,FALSE,0,Routine,FALSE,No predefined exception
PAY-001880,INV-340346,11/24/2025,2025-26,2025-11,Education,V0073,Supplier 073,Equipment,Standing Offer,PO-27439,$404.71,Yes,EFT,FALSE,FALSE,FALSE,FALSE,FALSE,FALSE,FALSE,FALSE,0,Routine,FALSE,No predefined exception
PAY-002405,INV-715516,11/24/2025,2025-26,2025-11,Municipal Services,V0034,Supplier 034,Building Maintenance,Open Competition,PO-17536,"$6,628.08",Yes,EFT,FALSE,FALSE,FALSE,FALSE,FALSE,FALSE,FALSE,FALSE,0,Routine,FALSE,No predefined exception
PAY-001398,INV-561261,11/25/2025,2025-26,2025-11,Health Services,V0008,Supplier 008,Software & Licensing,Sole Source,PO-80527,"$1,438.24",Yes,EFT,FALSE,FALSE,FALSE,FALSE,FALSE,FALSE,FALSE,FALSE,0,Routine,FALSE,No predefined exception
PAY-000727,INV-773289,11/25/2025,2025-26,2025-11,Justice & Public Safety,V0007,Supplier 007,Construction Services,Open Competition,PO-40545,"$1,298.46",Yes,EFT,FALSE,FALSE,FALSE,FALSE,FALSE,FALSE,FALSE,FALSE,0,Routine,FALSE,No predefined exception
PAY-000900,INV-699406,11/25/2025,2025-26,2025-11,Natural Resources,V0080,Supplier 080,Building Maintenance,Standing Offer,PO-72394,$674.50,Yes,EFT,FALSE,FALSE,FALSE,FALSE,FALSE,FALSE,FALSE,FALSE,0,Routine,FALSE,No predefined exception
PAY-001513,INV-683526,11/25/2025,2025-26,2025-11,Digital Government,V0013,Supplier 013,Software & Licensing,Invitational,PO-62762,"$7,152.70",Yes,EFT,FALSE,FALSE,FALSE,FALSE,FALSE,FALSE,FALSE,FALSE,0,Routine,FALSE,No predefined exception
PAY-000865,INV-670850,11/25/2025,2025-26,2025-11,Natural Resources,V0007,Supplier 007,IT Hardware,Open Competition,PO-98760,"$2,330.18",Yes,Cheque,FALSE,FALSE,FALSE,FALSE,FALSE,FALSE,FALSE,FALSE,0,Routine,FALSE,No predefined exception
PAY-002166,INV-806513,11/25/2025,2025-26,2025-11,Health Services,V0024,Supplier 024,Professional Services,Open Competition,PO-99412,"$2,493.23",Yes,EFT,FALSE,FALSE,FALSE,FALSE,FALSE,FALSE,FALSE,FALSE,0,Routine,FALSE,No predefined exception
PAY-002370,INV-473839,11/25/2025,2025-26,2025-11,Natural Resources,V0054,Supplier 054,Construction Services,Open Competition,PO-98208,"$3,263.26",Yes,EFT,FALSE,FALSE,FALSE,FALSE,FALSE,FALSE,FALSE,FALSE,0,Routine,FALSE,No predefined exception
PAY-000600,INV-705803,11/25/2025,2025-26,2025-11,Health Services,V0070,Supplier 070,Transportation Services,Invitational,PO-31016,"$1,655.42",Yes,EFT,FALSE,FALSE,FALSE,FALSE,FALSE,FALSE,FALSE,FALSE,0,Routine,FALSE,No predefined exception
PAY-000448,INV-795923,11/25/2025,2025-26,2025-11,Education,V0063,Supplier 063,Training,Open Competition,PO-43375,"$9,261.70",Yes,EFT,FALSE,FALSE,FALSE,FALSE,TRUE,FALSE,FALSE,FALSE,2,Moderate,TRUE,Statistical amount outlier
PAY-001260,INV-195119,11/25/2025,2025-26,2025-11,Justice & Public Safety,V0008,Supplier 008,Transportation Services,Open Competition,PO-81050,$584.56,No,EFT,FALSE,FALSE,FALSE,FALSE,FALSE,FALSE,FALSE,TRUE,3,Moderate,TRUE,Approval exception
PAY-001944,INV-673399,11/26/2025,2025-26,2025-11,Education,V0057,Supplier 057,Professional Services,Sole Source,PO-26944,"$2,205.10",Yes,EFT,FALSE,FALSE,FALSE,FALSE,FALSE,FALSE,FALSE,FALSE,0,Routine,FALSE,No predefined exception
PAY-000822,INV-922450,11/26/2025,2025-26,2025-11,Education,V0042,Supplier 042,Training,Open Competition,PO-30096,"$3,724.83",Yes,EFT,FALSE,FALSE,FALSE,FALSE,FALSE,FALSE,FALSE,FALSE,0,Routine,FALSE,No predefined exception
PAY-000232,INV-325756,11/26/2025,2025-26,2025-11,Digital Government,V0003,Supplier 003,Training,Invitational,PO-84667,"$1,104.65",Yes,EFT,FALSE,FALSE,FALSE,FALSE,FALSE,FALSE,FALSE,FALSE,0,Routine,FALSE,No predefined exception
PAY-000707,INV-682943,11/26/2025,2025-26,2025-11,Natural Resources,V0007,Supplier 007,Equipment,Open Competition,PO-58886,"$5,915.67",Yes,EFT,FALSE,FALSE,FALSE,FALSE,FALSE,FALSE,FALSE,FALSE,0,Routine,FALSE,No predefined exception
PAY-002188,INV-593244,11/27/2025,2025-26,2025-11,Municipal Services,V0050,Supplier 050,Professional Services,Invitational,PO-49986,"$1,009.01",Yes,EFT,FALSE,FALSE,FALSE,FALSE,FALSE,FALSE,FALSE,FALSE,0,Routine,FALSE,No predefined exception
PAY-002256,INV-870759,11/27/2025,2025-26,2025-11,Digital Government,V0047,Supplier 047,Training,Open Competition,PO-80593,"$6,848.94",Yes,Cheque,FALSE,FALSE,FALSE,FALSE,FALSE,FALSE,FALSE,FALSE,0,Routine,FALSE,No predefined exception
PAY-001559,INV-317256,11/27/2025,2025-26,2025-11,Health Services,V0024,Supplier 024,Office Supplies,Sole Source,PO-71860,"$5,248.97",Yes,Corporate Card,FALSE,FALSE,FALSE,FALSE,FALSE,FALSE,FALSE,FALSE,0,Routine,FALSE,No predefined exception
PAY-001571,INV-399531,11/27/2025,2025-26,2025-11,Municipal Services,V0048,Supplier 048,Software & Licensing,Open Competition,PO-97470,$565.51,Yes,EFT,FALSE,FALSE,FALSE,FALSE,FALSE,FALSE,FALSE,FALSE,0,Routine,FALSE,No predefined exception
PAY-000142,INV-170268,11/27/2025,2025-26,2025-11,Digital Government,V0071,Supplier 071,Office Supplies,Open Competition,PO-28642,"$1,102.34",Yes,EFT,FALSE,FALSE,FALSE,FALSE,FALSE,FALSE,FALSE,FALSE,0,Routine,FALSE,No predefined exception
PAY-000052,INV-394499,11/28/2025,2025-26,2025-11,Transportation & Infrastructure,V0077,Supplier 077,Software & Licensing,Open Competition,PO-33382,"$3,159.46",Yes,EFT,FALSE,FALSE,FALSE,FALSE,FALSE,FALSE,FALSE,FALSE,0,Routine,FALSE,No predefined exception
PAY-002487,INV-709723,11/28/2025,2025-26,2025-11,Justice & Public Safety,V0079,Supplier 079,Software & Licensing,Invitational,PO-91156,"$5,731.75",Yes,EFT,FALSE,FALSE,FALSE,FALSE,FALSE,FALSE,FALSE,FALSE,0,Routine,FALSE,No predefined exception
PAY-000523,INV-103317,11/28/2025,2025-26,2025-11,Education,V0039,Supplier 039,Office Supplies,Open Competition,PO-74745,$905.74,Yes,Cheque,FALSE,FALSE,FALSE,FALSE,FALSE,FALSE,FALSE,FALSE,0,Routine,FALSE,No predefined exception
PAY-002228,INV-617513,11/28/2025,2025-26,2025-11,Transportation & Infrastructure,V0038,Supplier 038,Equipment,Open Competition,PO-33557,"$3,273.66",Yes,EFT,FALSE,FALSE,FALSE,FALSE,FALSE,FALSE,FALSE,FALSE,0,Routine,FALSE,No predefined exception
PAY-001822,INV-212113,11/28/2025,2025-26,2025-11,Health Services,V0068,Supplier 068,Equipment,Open Competition,PO-35938,"$1,805.13",Yes,Corporate Card,FALSE,FALSE,FALSE,FALSE,FALSE,FALSE,FALSE,FALSE,0,Routine,FALSE,No predefined exception
PAY-002024,INV-363881,11/28/2025,2025-26,2025-11,Transportation & Infrastructure,V0072,Supplier 072,Construction Services,Sole Source,PO-46133,"$3,175.00",Yes,EFT,FALSE,FALSE,FALSE,FALSE,FALSE,FALSE,FALSE,FALSE,0,Routine,FALSE,No predefined exception
PAY-000642,INV-318547,11/28/2025,2025-26,2025-11,Digital Government,V0037,Supplier 037,Equipment,Invitational,PO-65918,"$2,594.59",Yes,EFT,FALSE,FALSE,FALSE,FALSE,FALSE,FALSE,FALSE,FALSE,0,Routine,FALSE,No predefined exception
PAY-000718,INV-222066,11/28/2025,2025-26,2025-11,Transportation & Infrastructure,V0007,Supplier 007,IT Hardware,Open Competition,PO-94066,"$1,712.90",Yes,EFT,FALSE,FALSE,FALSE,FALSE,FALSE,FALSE,FALSE,FALSE,0,Routine,FALSE,No predefined exception
PAY-001696,INV-101906,11/28/2025,2025-26,2025-11,Transportation & Infrastructure,V0076,Supplier 076,Professional Services,Open Competition,PO-78037,"$1,798.23",Yes,EFT,FALSE,FALSE,FALSE,FALSE,FALSE,FALSE,FALSE,FALSE,0,Routine,FALSE,No predefined exception
PAY-001876,INV-150248,11/29/2025,2025-26,2025-11,Digital Government,V0001,Supplier 001,Software & Licensing,Invitational,PO-15243,"$2,918.08",Yes,EFT,FALSE,FALSE,FALSE,FALSE,FALSE,FALSE,FALSE,FALSE,0,Routine,FALSE,No predefined exception
PAY-001929,INV-582870,11/29/2025,2025-26,2025-11,Justice & Public Safety,V0004,Supplier 004,Building Maintenance,Standing Offer,PO-49794,"$2,396.22",Yes,EFT,FALSE,FALSE,FALSE,FALSE,FALSE,FALSE,FALSE,FALSE,0,Routine,FALSE,No predefined exception
PAY-001116,INV-690348,11/29/2025,2025-26,2025-11,Health Services,V0015,Supplier 015,Transportation Services,Sole Source,PO-45016,"$35,726.70",Yes,EFT,FALSE,FALSE,FALSE,FALSE,TRUE,TRUE,FALSE,FALSE,4,Higher,TRUE,Statistical amount outlier; Higher-value sole-source transaction
PAY-001900,INV-112879,11/29/2025,2025-26,2025-11,Municipal Services,V0039,Supplier 039,Construction Services,Standing Offer,PO-68688,"$4,018.20",Yes,EFT,FALSE,FALSE,FALSE,FALSE,FALSE,FALSE,FALSE,FALSE,0,Routine,FALSE,No predefined exception
PAY-001553,INV-929311,11/29/2025,2025-26,2025-11,Health Services,V0039,Supplier 039,Equipment,Standing Offer,PO-87026,$909.75,Yes,EFT,FALSE,FALSE,FALSE,FALSE,FALSE,FALSE,FALSE,FALSE,0,Routine,FALSE,No predefined exception
PAY-000156,INV-784500,11/29/2025,2025-26,2025-11,Digital Government,V0003,Supplier 003,Transportation Services,Open Competition,PO-40982,"$15,218.02",Yes,EFT,FALSE,FALSE,FALSE,FALSE,TRUE,FALSE,FALSE,FALSE,2,Moderate,TRUE,Statistical amount outlier
PAY-001177,INV-541848,11/30/2025,2025-26,2025-11,Justice & Public Safety,V0058,Supplier 058,Office Supplies,Open Competition,PO-96224,$708.09,Yes,EFT,FALSE,FALSE,FALSE,FALSE,FALSE,FALSE,FALSE,FALSE,0,Routine,FALSE,No predefined exception
PAY-000040,INV-807788,11/30/2025,2025-26,2025-11,Transportation & Infrastructure,V0017,Supplier 017,Software & Licensing,Invitational,PO-51206,"$2,721.32",Yes,EFT,FALSE,FALSE,FALSE,FALSE,FALSE,FALSE,FALSE,FALSE,0,Routine,FALSE,No predefined exception
PAY-002368,INV-528886,11/30/2025,2025-26,2025-11,Natural Resources,V0042,Supplier 042,Equipment,Open Competition,PO-36451,$963.52,Yes,EFT,FALSE,FALSE,FALSE,FALSE,FALSE,FALSE,FALSE,FALSE,0,Routine,FALSE,No predefined exception
PAY-001401,INV-303141,11/30/2025,2025-26,2025-11,Natural Resources,V0073,Supplier 073,Software & Licensing,Open Competition,PO-90380,"$2,560.27",Yes,Cheque,FALSE,FALSE,FALSE,FALSE,FALSE,FALSE,FALSE,FALSE,0,Routine,FALSE,No predefined exception
PAY-002090,INV-518973,12/1/2025,2025-26,2025-12,Justice & Public Safety,V0002,Supplier 002,Equipment,Invitational,PO-24466,"$1,009.23",Yes,EFT,FALSE,FALSE,FALSE,FALSE,FALSE,FALSE,FALSE,FALSE,0,Routine,FALSE,No predefined exception
PAY-001508,INV-668011,12/1/2025,2025-26,2025-12,Transportation & Infrastructure,V0063,Supplier 063,Equipment,Open Competition,PO-78865,"$1,570.28",Yes,EFT,FALSE,FALSE,FALSE,FALSE,FALSE,FALSE,FALSE,FALSE,0,Routine,FALSE,No predefined exception
PAY-002015,INV-961596,12/1/2025,2025-26,2025-12,Justice & Public Safety,V0004,Supplier 004,Professional Services,Open Competition,PO-47386,$278.93,Yes,EFT,FALSE,FALSE,FALSE,FALSE,FALSE,FALSE,FALSE,FALSE,0,Routine,FALSE,No predefined exception
PAY-001931,INV-723813,12/2/2025,2025-26,2025-12,Transportation & Infrastructure,V0048,Supplier 048,Training,Open Competition,PO-10367,"$2,624.58",Yes,Cheque,FALSE,FALSE,FALSE,FALSE,FALSE,FALSE,FALSE,FALSE,0,Routine,FALSE,No predefined exception
PAY-000371,INV-120836,12/2/2025,2025-26,2025-12,Justice & Public Safety,V0005,Supplier 005,Building Maintenance,Open Competition,PO-62685,"$2,576.92",Yes,Cheque,FALSE,FALSE,FALSE,FALSE,FALSE,FALSE,FALSE,FALSE,0,Routine,FALSE,No predefined exception
PAY-002478,INV-677701,12/2/2025,2025-26,2025-12,Health Services,V0005,Supplier 005,Building Maintenance,Sole Source,PO-44497,"$1,979.45",Yes,Cheque,FALSE,FALSE,FALSE,FALSE,FALSE,FALSE,FALSE,FALSE,0,Routine,FALSE,No predefined exception
PAY-001392,INV-851624,12/2/2025,2025-26,2025-12,Education,V0054,Supplier 054,Software & Licensing,Open Competition,PO-61628,"$5,326.61",Yes,EFT,FALSE,FALSE,FALSE,FALSE,FALSE,FALSE,FALSE,FALSE,0,Routine,FALSE,No predefined exception
PAY-001326,INV-950100,12/2/2025,2025-26,2025-12,Education,V0002,Supplier 002,Equipment,Open Competition,PO-20470,"$2,770.76",Yes,EFT,FALSE,FALSE,FALSE,FALSE,FALSE,FALSE,FALSE,FALSE,0,Routine,FALSE,No predefined exception
PAY-000486,INV-823503,12/2/2025,2025-26,2025-12,Transportation & Infrastructure,V0056,Supplier 056,Building Maintenance,Standing Offer,PO-14555,"$3,150.95",Yes,EFT,FALSE,FALSE,FALSE,FALSE,FALSE,FALSE,FALSE,FALSE,0,Routine,FALSE,No predefined exception
PAY-001254,INV-521863,12/3/2025,2025-26,2025-12,Justice & Public Safety,V0055,Supplier 055,IT Hardware,Standing Offer,PO-35083,"$3,994.67",No,EFT,FALSE,FALSE,FALSE,FALSE,FALSE,FALSE,FALSE,TRUE,3,Moderate,TRUE,Approval exception
PAY-000803,INV-900889,12/3/2025,2025-26,2025-12,Transportation & Infrastructure,V0065,Supplier 065,Transportation Services,Invitational,PO-45249,$898.88,Yes,EFT,FALSE,FALSE,FALSE,FALSE,FALSE,FALSE,FALSE,FALSE,0,Routine,FALSE,No predefined exception
PAY-000375,INV-241835,12/3/2025,2025-26,2025-12,Justice & Public Safety,V0059,Supplier 059,Office Supplies,Open Competition,PO-29282,$954.66,Yes,EFT,FALSE,FALSE,FALSE,FALSE,FALSE,FALSE,FALSE,FALSE,0,Routine,FALSE,No predefined exception
PAY-000221,INV-868543,12/3/2025,2025-26,2025-12,Health Services,V0029,Supplier 029,IT Hardware,Sole Source,PO-12539,"$9,990.00",Yes,EFT,FALSE,FALSE,FALSE,TRUE,TRUE,FALSE,FALSE,FALSE,4,Higher,TRUE,Near hypothetical threshold; Statistical amount outlier
PAY-001498,INV-804824,12/3/2025,2025-26,2025-12,Digital Government,V0040,Supplier 040,Training,Standing Offer,PO-90211,$898.99,Yes,EFT,FALSE,FALSE,FALSE,FALSE,FALSE,FALSE,FALSE,FALSE,0,Routine,FALSE,No predefined exception
PAY-000501,INV-146015,12/3/2025,2025-26,2025-12,Transportation & Infrastructure,,,Professional Services,Open Competition,PO-93985,$885.39,Yes,EFT,FALSE,TRUE,FALSE,FALSE,FALSE,FALSE,FALSE,FALSE,2,Moderate,TRUE,Missing vendor information
PAY-000462,INV-383817,12/3/2025,2025-26,2025-12,Education,V0042,Supplier 042,Construction Services,Open Competition,PO-39622,"$2,469.42",Yes,EFT,FALSE,FALSE,FALSE,FALSE,FALSE,FALSE,FALSE,FALSE,0,Routine,FALSE,No predefined exception
PAY-002333,INV-923045,12/4/2025,2025-26,2025-12,Health Services,V0025,Supplier 025,Training,Open Competition,PO-60737,"$9,069.83",Yes,Cheque,FALSE,FALSE,FALSE,FALSE,TRUE,FALSE,FALSE,FALSE,2,Moderate,TRUE,Statistical amount outlier
PAY-000539,INV-312369,12/5/2025,2025-26,2025-12,Natural Resources,V0009,Supplier 009,Building Maintenance,Standing Offer,PO-36991,"$2,243.88",Yes,EFT,FALSE,FALSE,FALSE,FALSE,FALSE,FALSE,FALSE,FALSE,0,Routine,FALSE,No predefined exception
PAY-001656,INV-448292,12/5/2025,2025-26,2025-12,Justice & Public Safety,V0008,Supplier 008,IT Hardware,Open Competition,PO-81831,$608.07,Yes,EFT,FALSE,FALSE,FALSE,FALSE,FALSE,FALSE,FALSE,FALSE,0,Routine,FALSE,No predefined exception
PAY-000861,INV-169093,12/5/2025,2025-26,2025-12,Health Services,V0024,Supplier 024,Office Supplies,Open Competition,PO-34974,"$2,012.98",Yes,EFT,FALSE,FALSE,FALSE,FALSE,FALSE,FALSE,FALSE,FALSE,0,Routine,FALSE,No predefined exception
PAY-000824,INV-763969,12/5/2025,2025-26,2025-12,Natural Resources,V0069,Supplier 069,Office Supplies,Open Competition,PO-25494,"$12,092.16",Yes,EFT,FALSE,FALSE,FALSE,FALSE,TRUE,FALSE,FALSE,FALSE,2,Moderate,TRUE,Statistical amount outlier
PAY-000799,INV-669929,12/5/2025,2025-26,2025-12,Municipal Services,V0068,Supplier 068,Office Supplies,Open Competition,PO-27747,"$2,041.83",Yes,EFT,FALSE,FALSE,FALSE,FALSE,FALSE,FALSE,FALSE,FALSE,0,Routine,FALSE,No predefined exception
PAY-001259,INV-344942,12/5/2025,2025-26,2025-12,Justice & Public Safety,V0046,Supplier 046,Construction Services,Open Competition,PO-72759,"$1,370.09",No,EFT,FALSE,FALSE,FALSE,FALSE,FALSE,FALSE,FALSE,TRUE,3,Moderate,TRUE,Approval exception
PAY-002355,INV-783725,12/5/2025,2025-26,2025-12,Municipal Services,V0019,Supplier 019,Office Supplies,Open Competition,PO-61178,$707.48,Yes,EFT,FALSE,FALSE,FALSE,FALSE,FALSE,FALSE,FALSE,FALSE,0,Routine,FALSE,No predefined exception
PAY-000768,INV-750971,12/6/2025,2025-26,2025-12,Municipal Services,V0007,Supplier 007,Professional Services,Invitational,PO-51347,"$4,284.59",Yes,EFT,FALSE,FALSE,FALSE,FALSE,FALSE,FALSE,FALSE,FALSE,0,Routine,FALSE,No predefined exception
PAY-001459,INV-178209,12/6/2025,2025-26,2025-12,Education,V0038,Supplier 038,Training,Sole Source,PO-29248,"$4,149.86",Yes,EFT,FALSE,FALSE,FALSE,FALSE,FALSE,FALSE,FALSE,FALSE,0,Routine,FALSE,No predefined exception
PAY-000484,INV-472078,12/6/2025,2025-26,2025-12,Natural Resources,V0004,Supplier 004,Construction Services,Invitational,PO-92189,"$12,460.60",Yes,EFT,FALSE,FALSE,FALSE,FALSE,TRUE,FALSE,FALSE,FALSE,2,Moderate,TRUE,Statistical amount outlier
PAY-001396,INV-624156,12/6/2025,2025-26,2025-12,Justice & Public Safety,V0077,Supplier 077,IT Hardware,Open Competition,PO-30134,"$5,093.14",Yes,EFT,FALSE,FALSE,FALSE,FALSE,FALSE,FALSE,FALSE,FALSE,0,Routine,FALSE,No predefined exception
PAY-001921,INV-862945,12/6/2025,2025-26,2025-12,Justice & Public Safety,V0080,Supplier 080,Equipment,Open Competition,PO-18664,"$5,213.97",Yes,Cheque,FALSE,FALSE,FALSE,FALSE,FALSE,FALSE,FALSE,FALSE,0,Routine,FALSE,No predefined exception
PAY-000492,INV-532601,12/6/2025,2025-26,2025-12,Transportation & Infrastructure,V0015,Supplier 015,Construction Services,Invitational,PO-68092,"$2,141.80",Yes,EFT,FALSE,FALSE,FALSE,FALSE,FALSE,FALSE,FALSE,FALSE,0,Routine,FALSE,No predefined exception
PAY-000719,INV-490508,12/7/2025,2025-26,2025-12,Natural Resources,V0007,Supplier 007,Training,Standing Offer,PO-56293,"$21,892.27",Yes,Cheque,FALSE,FALSE,FALSE,FALSE,TRUE,FALSE,FALSE,FALSE,2,Moderate,TRUE,Statistical amount outlier
PAY-001606,INV-331322,12/7/2025,2025-26,2025-12,Health Services,V0027,Supplier 027,Equipment,Open Competition,PO-47235,"$2,501.50",Yes,EFT,FALSE,FALSE,FALSE,FALSE,FALSE,FALSE,FALSE,FALSE,0,Routine,FALSE,No predefined exception
PAY-000777,INV-207669,12/7/2025,2025-26,2025-12,Education,V0007,Supplier 007,Construction Services,Invitational,,"$6,278.16",Yes,EFT,FALSE,FALSE,TRUE,FALSE,FALSE,FALSE,FALSE,FALSE,1,Routine,FALSE,Missing purchase order
PAY-001497,INV-822969,12/7/2025,2025-26,2025-12,Transportation & Infrastructure,V0078,Supplier 078,Professional Services,Standing Offer,PO-29954,$652.43,Yes,EFT,FALSE,FALSE,FALSE,FALSE,FALSE,FALSE,FALSE,FALSE,0,Routine,FALSE,No predefined exception
PAY-001859,INV-869302,12/7/2025,2025-26,2025-12,Municipal Services,V0002,Supplier 002,Professional Services,Standing Offer,PO-28908,"$3,945.14",Yes,EFT,FALSE,FALSE,FALSE,FALSE,FALSE,FALSE,FALSE,FALSE,0,Routine,FALSE,No predefined exception
PAY-002004,INV-938821,12/7/2025,2025-26,2025-12,Health Services,V0010,Supplier 010,IT Hardware,Open Competition,PO-71804,$566.60,Yes,EFT,FALSE,FALSE,FALSE,FALSE,FALSE,FALSE,FALSE,FALSE,0,Routine,FALSE,No predefined exception
PAY-001713,INV-923578,12/7/2025,2025-26,2025-12,Natural Resources,V0033,Supplier 033,Professional Services,Invitational,PO-47710,"$3,792.58",Yes,Corporate Card,FALSE,FALSE,FALSE,FALSE,FALSE,FALSE,FALSE,FALSE,0,Routine,FALSE,No predefined exception
PAY-002026,INV-829992,12/7/2025,2025-26,2025-12,Digital Government,V0062,Supplier 062,IT Hardware,Open Competition,PO-39675,"$4,807.01",Yes,EFT,FALSE,FALSE,FALSE,FALSE,FALSE,FALSE,FALSE,FALSE,0,Routine,FALSE,No predefined exception
PAY-001187,INV-794186,12/7/2025,2025-26,2025-12,Justice & Public Safety,V0044,Supplier 044,Software & Licensing,Open Competition,PO-31925,"$4,019.27",No,EFT,FALSE,FALSE,FALSE,FALSE,FALSE,FALSE,FALSE,TRUE,3,Moderate,TRUE,Approval exception
PAY-000089,INV-265250,12/8/2025,2025-26,2025-12,Natural Resources,V0026,Supplier 026,Equipment,Open Competition,PO-86084,"$5,175.34",Yes,EFT,FALSE,FALSE,FALSE,FALSE,FALSE,FALSE,FALSE,FALSE,0,Routine,FALSE,No predefined exception
PAY-000242,INV-157939,12/8/2025,2025-26,2025-12,Justice & Public Safety,V0033,Supplier 033,Office Supplies,Open Competition,PO-60509,"$3,049.97",Yes,Cheque,FALSE,FALSE,FALSE,FALSE,FALSE,FALSE,FALSE,FALSE,0,Routine,FALSE,No predefined exception
PAY-000259,INV-545625,12/8/2025,2025-26,2025-12,Natural Resources,V0008,Supplier 008,IT Hardware,Open Competition,PO-70598,"$1,108.17",Yes,EFT,FALSE,FALSE,FALSE,FALSE,FALSE,FALSE,FALSE,FALSE,0,Routine,FALSE,No predefined exception
PAY-000667,INV-256688,12/8/2025,2025-26,2025-12,Municipal Services,V0022,Supplier 022,Construction Services,Open Competition,PO-77750,"$2,821.17",Yes,EFT,FALSE,FALSE,FALSE,FALSE,FALSE,FALSE,FALSE,FALSE,0,Routine,FALSE,No predefined exception
PAY-000629,INV-248866,12/8/2025,2025-26,2025-12,Municipal Services,V0070,Supplier 070,Training,Open Competition,PO-61339,"$1,263.48",Yes,EFT,FALSE,FALSE,FALSE,FALSE,FALSE,FALSE,FALSE,FALSE,0,Routine,FALSE,No predefined exception
PAY-002448,INV-492144,12/8/2025,2025-26,2025-12,Health Services,V0013,Supplier 013,Professional Services,Open Competition,PO-88519,"$6,983.29",Yes,EFT,FALSE,FALSE,FALSE,FALSE,FALSE,FALSE,FALSE,FALSE,0,Routine,FALSE,No predefined exception
PAY-000789,INV-327467,12/8/2025,2025-26,2025-12,Justice & Public Safety,V0007,Supplier 007,Construction Services,Invitational,PO-66203,"$9,781.05",No,EFT,FALSE,FALSE,FALSE,TRUE,TRUE,FALSE,FALSE,TRUE,7,Higher,TRUE,Near hypothetical threshold; Statistical amount outlier; Approval exception
PAY-000079,INV-189242,12/8/2025,2025-26,2025-12,Education,V0038,Supplier 038,Professional Services,Open Competition,PO-40070,"$2,904.79",Yes,EFT,FALSE,FALSE,FALSE,FALSE,FALSE,FALSE,FALSE,FALSE,0,Routine,FALSE,No predefined exception
PAY-000604,INV-678432,12/9/2025,2025-26,2025-12,Natural Resources,V0050,Supplier 050,Construction Services,Invitational,,"$1,220.39",Yes,EFT,FALSE,FALSE,TRUE,FALSE,FALSE,FALSE,FALSE,FALSE,1,Routine,FALSE,Missing purchase order
PAY-002395,INV-211030,12/9/2025,2025-26,2025-12,Justice & Public Safety,V0066,Supplier 066,Office Supplies,Open Competition,PO-40410,"$1,795.43",Yes,EFT,FALSE,FALSE,FALSE,FALSE,FALSE,FALSE,FALSE,FALSE,0,Routine,FALSE,No predefined exception
PAY-002438,INV-469061,12/9/2025,2025-26,2025-12,Digital Government,V0065,Supplier 065,Office Supplies,Open Competition,PO-39101,$313.06,Yes,EFT,FALSE,FALSE,FALSE,FALSE,FALSE,FALSE,FALSE,FALSE,0,Routine,FALSE,No predefined exception
PAY-000710,INV-278446,12/9/2025,2025-26,2025-12,Transportation & Infrastructure,V0007,Supplier 007,Software & Licensing,Open Competition,PO-75200,"$2,698.85",Yes,EFT,FALSE,FALSE,FALSE,FALSE,FALSE,FALSE,FALSE,FALSE,0,Routine,FALSE,No predefined exception
PAY-000027,INV-731339,12/9/2025,2025-26,2025-12,Health Services,V0006,Supplier 006,IT Hardware,Open Competition,PO-88405,"$2,227.24",Yes,EFT,FALSE,FALSE,FALSE,FALSE,FALSE,FALSE,FALSE,FALSE,0,Routine,FALSE,No predefined exception
PAY-000348,INV-816825,12/9/2025,2025-26,2025-12,Health Services,V0045,Supplier 045,Professional Services,Sole Source,PO-98421,"$1,737.64",Yes,EFT,FALSE,FALSE,FALSE,FALSE,FALSE,FALSE,FALSE,FALSE,0,Routine,FALSE,No predefined exception
PAY-000522,INV-308726,12/9/2025,2025-26,2025-12,Natural Resources,V0074,Supplier 074,Software & Licensing,Open Competition,PO-41227,"$4,568.05",Yes,Cheque,FALSE,FALSE,FALSE,FALSE,FALSE,FALSE,FALSE,FALSE,0,Routine,FALSE,No predefined exception
PAY-000879,INV-824291,12/9/2025,2025-26,2025-12,Education,V0014,Supplier 014,Construction Services,Open Competition,PO-99575,"$5,144.76",Yes,EFT,FALSE,FALSE,FALSE,FALSE,FALSE,FALSE,FALSE,FALSE,0,Routine,FALSE,No predefined exception
PAY-000480,INV-233501,12/10/2025,2025-26,2025-12,Natural Resources,V0053,Supplier 053,Equipment,Sole Source,PO-20096,"$6,818.47",Yes,EFT,FALSE,FALSE,FALSE,FALSE,FALSE,FALSE,FALSE,FALSE,0,Routine,FALSE,No predefined exception
PAY-001124,INV-373497,12/10/2025,2025-26,2025-12,Health Services,V0069,Supplier 069,Building Maintenance,Open Competition,PO-82603,"$1,657.56",Yes,EFT,FALSE,FALSE,FALSE,FALSE,FALSE,FALSE,FALSE,FALSE,0,Routine,FALSE,No predefined exception
PAY-001087,INV-656107,12/10/2025,2025-26,2025-12,Digital Government,V0031,Supplier 031,Equipment,Open Competition,PO-91438,"$1,452.68",Yes,EFT,FALSE,FALSE,FALSE,FALSE,FALSE,FALSE,FALSE,FALSE,0,Routine,FALSE,No predefined exception
PAY-000286,INV-261297,12/10/2025,2025-26,2025-12,Justice & Public Safety,V0015,Supplier 015,Transportation Services,Invitational,PO-82089,"$2,794.77",Yes,EFT,FALSE,FALSE,FALSE,FALSE,FALSE,FALSE,FALSE,FALSE,0,Routine,FALSE,No predefined exception
PAY-002427,INV-167300,12/10/2025,2025-26,2025-12,Transportation & Infrastructure,V0066,Supplier 066,Construction Services,Open Competition,PO-61175,"$3,266.17",Yes,EFT,FALSE,FALSE,FALSE,FALSE,FALSE,FALSE,FALSE,FALSE,0,Routine,FALSE,No predefined exception
PAY-002245,INV-985114,12/10/2025,2025-26,2025-12,Digital Government,V0029,Supplier 029,Office Supplies,Open Competition,PO-55813,"$2,730.36",Yes,EFT,FALSE,FALSE,FALSE,FALSE,FALSE,FALSE,FALSE,FALSE,0,Routine,FALSE,No predefined exception
PAY-000266,INV-613624,12/10/2025,2025-26,2025-12,Health Services,V0004,Supplier 004,Transportation Services,Sole Source,PO-63662,"$2,646.08",Yes,Cheque,FALSE,FALSE,FALSE,FALSE,FALSE,FALSE,FALSE,FALSE,0,Routine,FALSE,No predefined exception
PAY-000226,INV-461185,12/11/2025,2025-26,2025-12,Digital Government,V0072,Supplier 072,Building Maintenance,Open Competition,PO-62396,"$9,750.00",Yes,EFT,FALSE,FALSE,FALSE,TRUE,TRUE,FALSE,FALSE,FALSE,4,Higher,TRUE,Near hypothetical threshold; Statistical amount outlier
PAY-000131,INV-795416,12/11/2025,2025-26,2025-12,Justice & Public Safety,V0019,Supplier 019,IT Hardware,Invitational,PO-85858,"$1,832.10",Yes,EFT,FALSE,FALSE,FALSE,FALSE,FALSE,FALSE,FALSE,FALSE,0,Routine,FALSE,No predefined exception
PAY-000780,INV-727503,12/11/2025,2025-26,2025-12,Natural Resources,V0007,Supplier 007,Software & Licensing,Open Competition,PO-86387,"$8,078.55",Yes,EFT,FALSE,FALSE,FALSE,FALSE,FALSE,FALSE,FALSE,FALSE,0,Routine,FALSE,No predefined exception
PAY-001256,INV-349402,12/11/2025,2025-26,2025-12,Transportation & Infrastructure,V0009,Supplier 009,IT Hardware,Open Competition,PO-96679,"$3,251.14",No,EFT,FALSE,FALSE,FALSE,FALSE,FALSE,FALSE,FALSE,TRUE,3,Moderate,TRUE,Approval exception
PAY-001300,INV-110737,12/12/2025,2025-26,2025-12,Justice & Public Safety,V0068,Supplier 068,Transportation Services,Invitational,PO-31245,$183.17,Yes,EFT,FALSE,FALSE,FALSE,FALSE,FALSE,FALSE,FALSE,FALSE,0,Routine,FALSE,No predefined exception
PAY-002391,INV-946056,12/12/2025,2025-26,2025-12,Digital Government,V0009,Supplier 009,Equipment,Invitational,PO-99440,"$3,315.13",Yes,EFT,FALSE,FALSE,FALSE,FALSE,FALSE,FALSE,FALSE,FALSE,0,Routine,FALSE,No predefined exception
PAY-002497,INV-717574,12/12/2025,2025-26,2025-12,Natural Resources,V0071,Supplier 071,Equipment,Standing Offer,PO-80774,"$6,918.59",Yes,EFT,FALSE,FALSE,FALSE,FALSE,FALSE,FALSE,FALSE,FALSE,0,Routine,FALSE,No predefined exception
PAY-000712,INV-281143,12/12/2025,2025-26,2025-12,Education,V0007,Supplier 007,Training,Standing Offer,PO-22795,"$3,263.33",Yes,EFT,FALSE,FALSE,FALSE,FALSE,FALSE,FALSE,FALSE,FALSE,0,Routine,FALSE,No predefined exception
PAY-000350,INV-317508,12/12/2025,2025-26,2025-12,Justice & Public Safety,V0051,Supplier 051,Transportation Services,Open Competition,PO-92976,"$1,833.85",Yes,EFT,FALSE,FALSE,FALSE,FALSE,FALSE,FALSE,FALSE,FALSE,0,Routine,FALSE,No predefined exception
PAY-002467,INV-602394,12/12/2025,2025-26,2025-12,Natural Resources,V0051,Supplier 051,IT Hardware,Standing Offer,PO-98901,$737.22,Yes,EFT,FALSE,FALSE,FALSE,FALSE,FALSE,FALSE,FALSE,FALSE,0,Routine,FALSE,No predefined exception
PAY-000875,INV-385291,12/13/2025,2025-26,2025-12,Natural Resources,V0015,Supplier 015,Software & Licensing,Open Competition,PO-74367,"$1,905.50",Yes,EFT,FALSE,FALSE,FALSE,FALSE,FALSE,FALSE,FALSE,FALSE,0,Routine,FALSE,No predefined exception
PAY-001158,INV-785852,12/13/2025,2025-26,2025-12,Digital Government,V0006,Supplier 006,Professional Services,Open Competition,PO-98356,"$3,009.28",Yes,EFT,FALSE,FALSE,FALSE,FALSE,FALSE,FALSE,FALSE,FALSE,0,Routine,FALSE,No predefined exception
PAY-000128,INV-524041,12/13/2025,2025-26,2025-12,Justice & Public Safety,V0029,Supplier 029,Building Maintenance,Open Competition,PO-25646,"$1,776.68",Yes,EFT,FALSE,FALSE,FALSE,FALSE,FALSE,FALSE,FALSE,FALSE,0,Routine,FALSE,No predefined exception
PAY-000495,INV-947214,12/13/2025,2025-26,2025-12,Justice & Public Safety,V0037,Supplier 037,Professional Services,Open Competition,PO-96392,"$1,475.04",Yes,EFT,FALSE,FALSE,FALSE,FALSE,FALSE,FALSE,FALSE,FALSE,0,Routine,FALSE,No predefined exception
PAY-001215,INV-715036,12/13/2025,2025-26,2025-12,Municipal Services,V0024,Supplier 024,Equipment,Standing Offer,PO-55129,$755.67,Yes,EFT,FALSE,FALSE,FALSE,FALSE,FALSE,FALSE,FALSE,FALSE,0,Routine,FALSE,No predefined exception
PAY-001983,INV-537743,12/13/2025,2025-26,2025-12,Transportation & Infrastructure,V0006,Supplier 006,Office Supplies,Open Competition,PO-56260,$653.28,Yes,EFT,FALSE,FALSE,FALSE,FALSE,FALSE,FALSE,FALSE,FALSE,0,Routine,FALSE,No predefined exception
PAY-001229,INV-636512,12/13/2025,2025-26,2025-12,Digital Government,V0056,Supplier 056,Construction Services,Invitational,PO-45344,"$3,099.93",Yes,EFT,FALSE,FALSE,FALSE,FALSE,FALSE,FALSE,FALSE,FALSE,0,Routine,FALSE,No predefined exception
PAY-001747,INV-501339,12/13/2025,2025-26,2025-12,Digital Government,V0037,Supplier 037,Equipment,Open Competition,PO-49293,"$3,007.02",Yes,EFT,FALSE,FALSE,FALSE,FALSE,FALSE,FALSE,FALSE,FALSE,0,Routine,FALSE,No predefined exception
PAY-000019,INV-544874,12/14/2025,2025-26,2025-12,Digital Government,V0037,Supplier 037,Training,Open Competition,PO-18526,"$1,987.79",Yes,Cheque,FALSE,FALSE,FALSE,FALSE,FALSE,FALSE,FALSE,FALSE,0,Routine,FALSE,No predefined exception
PAY-002246,INV-758653,12/14/2025,2025-26,2025-12,Municipal Services,V0007,Supplier 007,Transportation Services,Open Competition,PO-36117,"$1,362.43",Yes,EFT,FALSE,FALSE,FALSE,FALSE,FALSE,FALSE,FALSE,FALSE,0,Routine,FALSE,No predefined exception
PAY-001665,INV-680305,12/14/2025,2025-26,2025-12,Transportation & Infrastructure,V0034,Supplier 034,IT Hardware,Open Competition,,"$1,752.77",Yes,Cheque,FALSE,FALSE,TRUE,FALSE,FALSE,FALSE,FALSE,FALSE,1,Routine,FALSE,Missing purchase order
PAY-002299,INV-421199,12/14/2025,2025-26,2025-12,Digital Government,V0013,Supplier 013,Training,Open Competition,PO-52347,"$1,079.09",Yes,EFT,FALSE,FALSE,FALSE,FALSE,FALSE,FALSE,FALSE,FALSE,0,Routine,FALSE,No predefined exception
PAY-002354,INV-978809,12/14/2025,2025-26,2025-12,Digital Government,V0006,Supplier 006,Building Maintenance,Open Competition,PO-90420,"$4,570.49",Yes,EFT,FALSE,FALSE,FALSE,FALSE,FALSE,FALSE,FALSE,FALSE,0,Routine,FALSE,No predefined exception
PAY-000502,INV-202877,12/14/2025,2025-26,2025-12,Natural Resources,,,Transportation Services,Open Competition,PO-24929,"$2,922.99",Yes,EFT,FALSE,TRUE,FALSE,FALSE,FALSE,FALSE,FALSE,FALSE,2,Moderate,TRUE,Missing vendor information
PAY-000771,INV-302918,12/15/2025,2025-26,2025-12,Natural Resources,V0007,Supplier 007,Training,Open Competition,PO-67522,"$1,598.81",Yes,Corporate Card,FALSE,FALSE,FALSE,FALSE,FALSE,FALSE,FALSE,FALSE,0,Routine,FALSE,No predefined exception
PAY-001001,INV-332911,12/15/2025,2025-26,2025-12,Natural Resources,V0011,Supplier 011,Professional Services,Open Competition,PO-29691,"$4,278.09",Yes,Cheque,FALSE,FALSE,FALSE,FALSE,FALSE,FALSE,FALSE,FALSE,0,Routine,FALSE,No predefined exception
PAY-002293,INV-124502,12/15/2025,2025-26,2025-12,Justice & Public Safety,V0003,Supplier 003,Construction Services,Standing Offer,PO-62963,"$5,513.36",Yes,EFT,FALSE,FALSE,FALSE,FALSE,FALSE,FALSE,FALSE,FALSE,0,Routine,FALSE,No predefined exception
PAY-000240,INV-937860,12/15/2025,2025-26,2025-12,Education,V0026,Supplier 026,Building Maintenance,Open Competition,PO-69417,"$3,263.56",Yes,Corporate Card,FALSE,FALSE,FALSE,FALSE,FALSE,FALSE,FALSE,FALSE,0,Routine,FALSE,No predefined exception
PAY-000180,INV-494485,12/15/2025,2025-26,2025-12,Health Services,V0021,Supplier 021,Training,Open Competition,PO-23950,"$2,174.23",Yes,EFT,FALSE,FALSE,FALSE,FALSE,FALSE,FALSE,FALSE,FALSE,0,Routine,FALSE,No predefined exception
PAY-001560,INV-140736,12/15/2025,2025-26,2025-12,Digital Government,V0017,Supplier 017,Equipment,Invitational,PO-51988,"$2,828.42",Yes,EFT,FALSE,FALSE,FALSE,FALSE,FALSE,FALSE,FALSE,FALSE,0,Routine,FALSE,No predefined exception
PAY-000680,INV-714342,12/15/2025,2025-26,2025-12,Justice & Public Safety,V0024,Supplier 024,Construction Services,Standing Offer,PO-85285,"$1,920.32",Yes,EFT,FALSE,FALSE,FALSE,FALSE,FALSE,FALSE,FALSE,FALSE,0,Routine,FALSE,No predefined exception
PAY-000747,INV-356427,12/15/2025,2025-26,2025-12,Transportation & Infrastructure,V0007,Supplier 007,Training,Standing Offer,PO-78193,"$1,848.04",Yes,EFT,FALSE,FALSE,FALSE,FALSE,FALSE,FALSE,FALSE,FALSE,0,Routine,FALSE,No predefined exception
PAY-002450,INV-998336,12/16/2025,2025-26,2025-12,Justice & Public Safety,V0043,Supplier 043,Professional Services,Open Competition,PO-86926,"$2,666.71",Yes,EFT,FALSE,FALSE,FALSE,FALSE,FALSE,FALSE,FALSE,FALSE,0,Routine,FALSE,No predefined exception
PAY-001546,INV-418166,12/16/2025,2025-26,2025-12,Education,V0057,Supplier 057,Professional Services,Open Competition,PO-23727,"$7,761.38",Yes,Corporate Card,FALSE,FALSE,FALSE,FALSE,FALSE,FALSE,FALSE,FALSE,0,Routine,FALSE,No predefined exception
PAY-002451,INV-278157,12/16/2025,2025-26,2025-12,Municipal Services,V0057,Supplier 057,Building Maintenance,Open Competition,PO-76243,$596.41,Yes,EFT,FALSE,FALSE,FALSE,FALSE,FALSE,FALSE,FALSE,FALSE,0,Routine,FALSE,No predefined exception
PAY-000067,INV-407322,12/16/2025,2025-26,2025-12,Health Services,V0052,Supplier 052,Transportation Services,Standing Offer,PO-93554,"$2,855.45",Yes,EFT,FALSE,FALSE,FALSE,FALSE,FALSE,FALSE,FALSE,FALSE,0,Routine,FALSE,No predefined exception
PAY-000760,INV-745832,12/16/2025,2025-26,2025-12,Natural Resources,V0007,Supplier 007,Equipment,Open Competition,PO-71947,"$5,751.24",Yes,EFT,FALSE,FALSE,FALSE,FALSE,FALSE,FALSE,FALSE,FALSE,0,Routine,FALSE,No predefined exception
PAY-001107,INV-130461,12/17/2025,2025-26,2025-12,Digital Government,V0078,Supplier 078,Construction Services,Sole Source,PO-45564,"$40,118.79",Yes,EFT,FALSE,FALSE,FALSE,FALSE,TRUE,TRUE,FALSE,FALSE,4,Higher,TRUE,Statistical amount outlier; Higher-value sole-source transaction
PAY-001601,INV-769745,12/17/2025,2025-26,2025-12,Justice & Public Safety,V0043,Supplier 043,Office Supplies,Standing Offer,PO-16562,$884.46,Yes,EFT,FALSE,FALSE,FALSE,FALSE,FALSE,FALSE,FALSE,FALSE,0,Routine,FALSE,No predefined exception
PAY-001005,INV-637691,12/17/2025,2025-26,2025-12,Justice & Public Safety,V0078,Supplier 078,Training,Open Competition,PO-84852,$646.88,Yes,EFT,FALSE,FALSE,FALSE,FALSE,FALSE,FALSE,FALSE,FALSE,0,Routine,FALSE,No predefined exception
PAY-DUP-007,INV-596246,12/17/2025,2025-26,2025-12,Education,V0019,Supplier 019,Construction Services,Invitational,PO-21629,"$8,893.71",Yes,EFT,TRUE,FALSE,FALSE,FALSE,FALSE,FALSE,FALSE,FALSE,3,Moderate,TRUE,Potential duplicate
PAY-001968,INV-974722,12/17/2025,2025-26,2025-12,Municipal Services,V0058,Supplier 058,Building Maintenance,Standing Offer,PO-34238,"$1,426.49",Yes,EFT,FALSE,FALSE,FALSE,FALSE,FALSE,FALSE,FALSE,FALSE,0,Routine,FALSE,No predefined exception
PAY-000107,INV-596246,12/17/2025,2025-26,2025-12,Education,V0019,Supplier 019,Construction Services,Invitational,PO-21629,"$8,893.71",Yes,EFT,TRUE,FALSE,FALSE,FALSE,FALSE,FALSE,FALSE,FALSE,3,Moderate,TRUE,Potential duplicate
PAY-001298,INV-380195,12/17/2025,2025-26,2025-12,Education,V0056,Supplier 056,Software & Licensing,Invitational,PO-88372,"$14,574.31",Yes,EFT,FALSE,FALSE,FALSE,FALSE,TRUE,FALSE,FALSE,FALSE,2,Moderate,TRUE,Statistical amount outlier
PAY-001563,INV-278130,12/17/2025,2025-26,2025-12,Transportation & Infrastructure,V0069,Supplier 069,Equipment,Standing Offer,PO-84152,$919.96,Yes,EFT,FALSE,FALSE,FALSE,FALSE,FALSE,FALSE,FALSE,FALSE,0,Routine,FALSE,No predefined exception
PAY-001561,INV-386674,12/18/2025,2025-26,2025-12,Digital Government,V0065,Supplier 065,Professional Services,Open Competition,PO-34818,"$1,550.40",Yes,EFT,FALSE,FALSE,FALSE,FALSE,FALSE,FALSE,FALSE,FALSE,0,Routine,FALSE,No predefined exception
PAY-001745,INV-933650,12/18/2025,2025-26,2025-12,Justice & Public Safety,V0031,Supplier 031,Training,Sole Source,PO-75229,"$6,192.08",Yes,EFT,FALSE,FALSE,FALSE,FALSE,FALSE,FALSE,FALSE,FALSE,0,Routine,FALSE,No predefined exception
PAY-001630,INV-997748,12/18/2025,2025-26,2025-12,Municipal Services,V0034,Supplier 034,Equipment,Standing Offer,PO-37892,"$5,581.08",Yes,EFT,FALSE,FALSE,FALSE,FALSE,FALSE,FALSE,FALSE,FALSE,0,Routine,FALSE,No predefined exception
PAY-001845,INV-321711,12/18/2025,2025-26,2025-12,Natural Resources,V0070,Supplier 070,Construction Services,Sole Source,PO-77929,"$3,034.20",Yes,EFT,FALSE,FALSE,FALSE,FALSE,FALSE,FALSE,FALSE,FALSE,0,Routine,FALSE,No predefined exception
PAY-000816,INV-951617,12/18/2025,2025-26,2025-12,Justice & Public Safety,V0024,Supplier 024,Construction Services,Open Competition,PO-63815,"$2,335.97",Yes,EFT,FALSE,FALSE,FALSE,FALSE,FALSE,FALSE,FALSE,FALSE,0,Routine,FALSE,No predefined exception
PAY-000419,INV-955953,12/18/2025,2025-26,2025-12,Justice & Public Safety,V0012,Supplier 012,Construction Services,Open Competition,PO-52674,"$2,958.00",Yes,EFT,FALSE,FALSE,FALSE,FALSE,FALSE,FALSE,FALSE,FALSE,0,Routine,FALSE,No predefined exception
PAY-001927,INV-964358,12/18/2025,2025-26,2025-12,Municipal Services,V0027,Supplier 027,Building Maintenance,Open Competition,PO-52162,"$1,425.51",Yes,EFT,FALSE,FALSE,FALSE,FALSE,FALSE,FALSE,FALSE,FALSE,0,Routine,FALSE,No predefined exception
PAY-002363,INV-737943,12/18/2025,2025-26,2025-12,Health Services,V0068,Supplier 068,Building Maintenance,Open Competition,PO-15838,"$3,717.23",Yes,EFT,FALSE,FALSE,FALSE,FALSE,FALSE,FALSE,FALSE,FALSE,0,Routine,FALSE,No predefined exception
PAY-002180,INV-830351,12/19/2025,2025-26,2025-12,Municipal Services,V0068,Supplier 068,Construction Services,Sole Source,PO-66172,$428.62,Yes,EFT,FALSE,FALSE,FALSE,FALSE,FALSE,FALSE,FALSE,FALSE,0,Routine,FALSE,No predefined exception
PAY-000258,INV-739169,12/19/2025,2025-26,2025-12,Digital Government,V0070,Supplier 070,Professional Services,Open Competition,PO-99471,"$1,187.93",Yes,EFT,FALSE,FALSE,FALSE,FALSE,FALSE,FALSE,FALSE,FALSE,0,Routine,FALSE,No predefined exception
PAY-002446,INV-132125,12/19/2025,2025-26,2025-12,Digital Government,V0074,Supplier 074,Software & Licensing,Open Competition,PO-25171,"$2,704.60",Yes,EFT,FALSE,FALSE,FALSE,FALSE,FALSE,FALSE,FALSE,FALSE,0,Routine,FALSE,No predefined exception
PAY-002192,INV-876041,12/19/2025,2025-26,2025-12,Justice & Public Safety,V0039,Supplier 039,Software & Licensing,Open Competition,PO-91124,$693.34,Yes,EFT,FALSE,FALSE,FALSE,FALSE,FALSE,FALSE,FALSE,FALSE,0,Routine,FALSE,No predefined exception
PAY-002249,INV-943521,12/19/2025,2025-26,2025-12,Municipal Services,V0023,Supplier 023,Construction Services,Open Competition,PO-13088,"$3,776.43",Yes,EFT,FALSE,FALSE,FALSE,FALSE,FALSE,FALSE,FALSE,FALSE,0,Routine,FALSE,No predefined exception
PAY-001280,INV-705398,12/19/2025,2025-26,2025-12,Education,V0047,Supplier 047,Professional Services,Open Competition,PO-74544,"$5,689.38",Yes,EFT,FALSE,FALSE,FALSE,FALSE,FALSE,FALSE,FALSE,FALSE,0,Routine,FALSE,No predefined exception
PAY-001851,INV-737684,12/20/2025,2025-26,2025-12,Digital Government,V0047,Supplier 047,Building Maintenance,Open Competition,PO-28507,"$1,826.79",Yes,Cheque,FALSE,FALSE,FALSE,FALSE,FALSE,FALSE,FALSE,FALSE,0,Routine,FALSE,No predefined exception
PAY-002286,INV-932821,12/20/2025,2025-26,2025-12,Digital Government,V0004,Supplier 004,Construction Services,Open Competition,PO-86647,"$2,420.67",Yes,EFT,FALSE,FALSE,FALSE,FALSE,FALSE,FALSE,FALSE,FALSE,0,Routine,FALSE,No predefined exception
PAY-001239,INV-778710,12/20/2025,2025-26,2025-12,Municipal Services,V0013,Supplier 013,Construction Services,Open Competition,PO-69229,"$8,831.39",Yes,EFT,FALSE,FALSE,FALSE,FALSE,FALSE,FALSE,FALSE,FALSE,0,Routine,FALSE,No predefined exception
PAY-002048,INV-436243,12/20/2025,2025-26,2025-12,Digital Government,V0040,Supplier 040,Transportation Services,Open Competition,PO-64012,$421.22,Yes,EFT,FALSE,FALSE,FALSE,FALSE,FALSE,FALSE,FALSE,FALSE,0,Routine,FALSE,No predefined exception
PAY-002306,INV-846631,12/20/2025,2025-26,2025-12,Justice & Public Safety,V0040,Supplier 040,Software & Licensing,Open Competition,PO-69823,"$3,938.88",Yes,Cheque,FALSE,FALSE,FALSE,FALSE,FALSE,FALSE,FALSE,FALSE,0,Routine,FALSE,No predefined exception
PAY-001439,INV-284100,12/20/2025,2025-26,2025-12,Justice & Public Safety,V0069,Supplier 069,Building Maintenance,Open Competition,PO-72674,"$6,326.50",Yes,EFT,FALSE,FALSE,FALSE,FALSE,FALSE,FALSE,FALSE,FALSE,0,Routine,FALSE,No predefined exception
PAY-000528,INV-811323,12/20/2025,2025-26,2025-12,Health Services,V0054,Supplier 054,IT Hardware,Standing Offer,PO-54388,"$3,251.03",Yes,EFT,FALSE,FALSE,FALSE,FALSE,FALSE,FALSE,FALSE,FALSE,0,Routine,FALSE,No predefined exception
PAY-001266,INV-910830,12/20/2025,2025-26,2025-12,Health Services,V0026,Supplier 026,IT Hardware,Open Competition,PO-39336,$654.23,Yes,EFT,FALSE,FALSE,FALSE,FALSE,FALSE,FALSE,FALSE,FALSE,0,Routine,FALSE,No predefined exception
PAY-000058,INV-216220,12/20/2025,2025-26,2025-12,Justice & Public Safety,V0027,Supplier 027,Office Supplies,Open Competition,PO-22405,"$5,054.95",Yes,EFT,FALSE,FALSE,FALSE,FALSE,FALSE,FALSE,FALSE,FALSE,0,Routine,FALSE,No predefined exception
PAY-001986,INV-178422,12/20/2025,2025-26,2025-12,Health Services,V0078,Supplier 078,Software & Licensing,Invitational,PO-34769,"$1,268.22",Yes,EFT,FALSE,FALSE,FALSE,FALSE,FALSE,FALSE,FALSE,FALSE,0,Routine,FALSE,No predefined exception
PAY-000412,INV-399189,12/20/2025,2025-26,2025-12,Digital Government,V0051,Supplier 051,Building Maintenance,Standing Offer,PO-15091,"$6,843.29",Yes,EFT,FALSE,FALSE,FALSE,FALSE,FALSE,FALSE,FALSE,FALSE,0,Routine,FALSE,No predefined exception
PAY-000315,INV-768875,12/20/2025,2025-26,2025-12,Municipal Services,V0076,Supplier 076,Transportation Services,Standing Offer,PO-26616,"$1,007.61",Yes,EFT,FALSE,FALSE,FALSE,FALSE,FALSE,FALSE,FALSE,FALSE,0,Routine,FALSE,No predefined exception
PAY-000386,INV-970220,12/20/2025,2025-26,2025-12,Transportation & Infrastructure,V0034,Supplier 034,Software & Licensing,Sole Source,PO-54055,"$2,171.52",Yes,EFT,FALSE,FALSE,FALSE,FALSE,FALSE,FALSE,FALSE,FALSE,0,Routine,FALSE,No predefined exception
PAY-002124,INV-333169,12/21/2025,2025-26,2025-12,Digital Government,V0042,Supplier 042,Software & Licensing,Open Competition,PO-88702,"$8,058.91",Yes,Cheque,FALSE,FALSE,FALSE,FALSE,FALSE,FALSE,FALSE,FALSE,0,Routine,FALSE,No predefined exception
PAY-000053,INV-435949,12/21/2025,2025-26,2025-12,Health Services,V0035,Supplier 035,Building Maintenance,Standing Offer,PO-40373,"$2,685.07",Yes,EFT,FALSE,FALSE,FALSE,FALSE,FALSE,FALSE,FALSE,FALSE,0,Routine,FALSE,No predefined exception
PAY-000572,INV-472454,12/21/2025,2025-26,2025-12,Health Services,V0044,Supplier 044,Equipment,Standing Offer,PO-44512,"$5,229.07",Yes,EFT,FALSE,FALSE,FALSE,FALSE,FALSE,FALSE,FALSE,FALSE,0,Routine,FALSE,No predefined exception
PAY-001017,INV-765727,12/21/2025,2025-26,2025-12,Education,V0053,Supplier 053,Software & Licensing,Open Competition,PO-77186,"$3,825.15",Yes,EFT,FALSE,FALSE,FALSE,FALSE,FALSE,FALSE,FALSE,FALSE,0,Routine,FALSE,No predefined exception
PAY-001979,INV-929374,12/22/2025,2025-26,2025-12,Natural Resources,V0037,Supplier 037,Construction Services,Open Competition,PO-71262,"$3,344.99",Yes,EFT,FALSE,FALSE,FALSE,FALSE,FALSE,FALSE,FALSE,FALSE,0,Routine,FALSE,No predefined exception
PAY-001454,INV-710777,12/22/2025,2025-26,2025-12,Transportation & Infrastructure,V0051,Supplier 051,Professional Services,Open Competition,PO-19533,$536.20,Yes,EFT,FALSE,FALSE,FALSE,FALSE,FALSE,FALSE,FALSE,FALSE,0,Routine,FALSE,No predefined exception
PAY-002392,INV-964609,12/22/2025,2025-26,2025-12,Justice & Public Safety,V0012,Supplier 012,Training,Invitational,PO-31407,"$5,250.04",Yes,EFT,FALSE,FALSE,FALSE,FALSE,FALSE,FALSE,FALSE,FALSE,0,Routine,FALSE,No predefined exception
PAY-001244,INV-271929,12/22/2025,2025-26,2025-12,Transportation & Infrastructure,V0005,Supplier 005,Equipment,Open Competition,PO-69772,$600.92,Yes,Cheque,FALSE,FALSE,FALSE,FALSE,FALSE,FALSE,FALSE,FALSE,0,Routine,FALSE,No predefined exception
PAY-002433,INV-198971,12/22/2025,2025-26,2025-12,Justice & Public Safety,V0060,Supplier 060,Transportation Services,Sole Source,PO-25089,"$8,650.09",Yes,EFT,FALSE,FALSE,FALSE,FALSE,FALSE,FALSE,FALSE,FALSE,0,Routine,FALSE,No predefined exception
PAY-001514,INV-359425,12/22/2025,2025-26,2025-12,Municipal Services,V0047,Supplier 047,Office Supplies,Open Competition,PO-24684,"$9,054.67",Yes,EFT,FALSE,FALSE,FALSE,FALSE,TRUE,FALSE,FALSE,FALSE,2,Moderate,TRUE,Statistical amount outlier
PAY-000254,INV-772052,12/23/2025,2025-26,2025-12,Justice & Public Safety,V0063,Supplier 063,Transportation Services,Standing Offer,PO-95558,"$1,047.74",Yes,Cheque,FALSE,FALSE,FALSE,FALSE,FALSE,FALSE,FALSE,FALSE,0,Routine,FALSE,No predefined exception
PAY-000729,INV-331226,12/23/2025,2025-26,2025-12,Digital Government,V0007,Supplier 007,Software & Licensing,Standing Offer,PO-67635,"$3,253.14",Yes,Corporate Card,FALSE,FALSE,FALSE,FALSE,FALSE,FALSE,FALSE,FALSE,0,Routine,FALSE,No predefined exception
PAY-002120,INV-540924,12/23/2025,2025-26,2025-12,Transportation & Infrastructure,V0050,Supplier 050,Building Maintenance,Standing Offer,PO-25451,"$2,143.34",Yes,EFT,FALSE,FALSE,FALSE,FALSE,FALSE,FALSE,FALSE,FALSE,0,Routine,FALSE,No predefined exception
PAY-001157,INV-912425,12/23/2025,2025-26,2025-12,Health Services,V0064,Supplier 064,Training,Standing Offer,PO-20042,"$1,766.63",Yes,EFT,FALSE,FALSE,FALSE,FALSE,FALSE,FALSE,FALSE,FALSE,0,Routine,FALSE,No predefined exception
PAY-002436,INV-419586,12/23/2025,2025-26,2025-12,Natural Resources,V0063,Supplier 063,Equipment,Open Competition,PO-13830,"$3,727.20",Yes,EFT,FALSE,FALSE,FALSE,FALSE,FALSE,FALSE,FALSE,FALSE,0,Routine,FALSE,No predefined exception
PAY-001807,INV-605329,12/23/2025,2025-26,2025-12,Education,V0076,Supplier 076,Transportation Services,Open Competition,PO-28570,"$1,963.84",Yes,EFT,FALSE,FALSE,FALSE,FALSE,FALSE,FALSE,FALSE,FALSE,0,Routine,FALSE,No predefined exception
PAY-001588,INV-558521,12/23/2025,2025-26,2025-12,Health Services,V0059,Supplier 059,Professional Services,Open Competition,PO-43264,"$8,002.94",Yes,EFT,FALSE,FALSE,FALSE,FALSE,FALSE,FALSE,FALSE,FALSE,0,Routine,FALSE,No predefined exception
PAY-001036,INV-920217,12/23/2025,2025-26,2025-12,Municipal Services,V0055,Supplier 055,Professional Services,Open Competition,PO-98252,"$3,996.24",Yes,Corporate Card,FALSE,FALSE,FALSE,FALSE,FALSE,FALSE,FALSE,FALSE,0,Routine,FALSE,No predefined exception
PAY-001378,INV-816112,12/23/2025,2025-26,2025-12,Justice & Public Safety,V0005,Supplier 005,Office Supplies,Open Competition,,$941.39,Yes,EFT,FALSE,FALSE,TRUE,FALSE,FALSE,FALSE,FALSE,FALSE,1,Routine,FALSE,Missing purchase order
PAY-001933,INV-323457,12/24/2025,2025-26,2025-12,Transportation & Infrastructure,V0003,Supplier 003,Transportation Services,Sole Source,PO-65443,$961.32,Yes,Cheque,FALSE,FALSE,FALSE,FALSE,FALSE,FALSE,FALSE,FALSE,0,Routine,FALSE,No predefined exception
PAY-000199,INV-908183,12/24/2025,2025-26,2025-12,Education,V0048,Supplier 048,Professional Services,Sole Source,PO-95778,"$1,772.88",Yes,EFT,FALSE,FALSE,FALSE,FALSE,FALSE,FALSE,FALSE,FALSE,0,Routine,FALSE,No predefined exception
PAY-001360,INV-550400,12/24/2025,2025-26,2025-12,Education,V0057,Supplier 057,Professional Services,Open Competition,PO-90855,$762.27,Yes,EFT,FALSE,FALSE,FALSE,FALSE,FALSE,FALSE,FALSE,FALSE,0,Routine,FALSE,No predefined exception
PAY-000114,INV-496456,12/24/2025,2025-26,2025-12,Health Services,V0024,Supplier 024,Professional Services,Invitational,PO-83654,"$4,300.25",Yes,EFT,FALSE,FALSE,FALSE,FALSE,FALSE,FALSE,FALSE,FALSE,0,Routine,FALSE,No predefined exception
PAY-000773,INV-442424,12/24/2025,2025-26,2025-12,Municipal Services,V0007,Supplier 007,Office Supplies,Open Competition,PO-96095,"$33,998.21",Yes,EFT,FALSE,FALSE,FALSE,FALSE,TRUE,FALSE,FALSE,FALSE,2,Moderate,TRUE,Statistical amount outlier
PAY-000553,INV-139236,12/24/2025,2025-26,2025-12,Municipal Services,V0074,Supplier 074,Training,Open Competition,PO-46155,"$2,017.06",Yes,Cheque,FALSE,FALSE,FALSE,FALSE,FALSE,FALSE,FALSE,FALSE,0,Routine,FALSE,No predefined exception
PAY-000511,INV-491670,12/24/2025,2025-26,2025-12,Municipal Services,V0007,Supplier 007,Office Supplies,Open Competition,PO-29459,"$2,266.34",Yes,EFT,FALSE,FALSE,FALSE,FALSE,FALSE,FALSE,FALSE,FALSE,0,Routine,FALSE,No predefined exception
PAY-001447,INV-399564,12/24/2025,2025-26,2025-12,Transportation & Infrastructure,V0070,Supplier 070,Software & Licensing,Sole Source,PO-53475,"$3,903.33",Yes,EFT,FALSE,FALSE,FALSE,FALSE,FALSE,FALSE,FALSE,FALSE,0,Routine,FALSE,No predefined exception
PAY-001581,INV-438592,12/25/2025,2025-26,2025-12,Natural Resources,V0045,Supplier 045,Transportation Services,Open Competition,PO-43581,"$1,185.82",Yes,EFT,FALSE,FALSE,FALSE,FALSE,FALSE,FALSE,FALSE,FALSE,0,Routine,FALSE,No predefined exception
PAY-002278,INV-884681,12/25/2025,2025-26,2025-12,Natural Resources,V0047,Supplier 047,Equipment,Invitational,PO-62464,"$1,602.99",Yes,EFT,FALSE,FALSE,FALSE,FALSE,FALSE,FALSE,FALSE,FALSE,0,Routine,FALSE,No predefined exception
PAY-000427,INV-453699,12/25/2025,2025-26,2025-12,Health Services,V0070,Supplier 070,Office Supplies,Open Competition,PO-84135,"$4,428.59",Yes,EFT,FALSE,FALSE,FALSE,FALSE,FALSE,FALSE,FALSE,FALSE,0,Routine,FALSE,No predefined exception
PAY-001641,INV-883077,12/25/2025,2025-26,2025-12,Municipal Services,V0072,Supplier 072,IT Hardware,Open Competition,PO-96856,"$2,000.45",Yes,EFT,FALSE,FALSE,FALSE,FALSE,FALSE,FALSE,FALSE,FALSE,0,Routine,FALSE,No predefined exception
PAY-001499,INV-696093,12/25/2025,2025-26,2025-12,Natural Resources,V0015,Supplier 015,Equipment,Open Competition,PO-88421,"$1,529.50",Yes,EFT,FALSE,FALSE,FALSE,FALSE,FALSE,FALSE,FALSE,FALSE,0,Routine,FALSE,No predefined exception
PAY-002088,INV-579885,12/25/2025,2025-26,2025-12,Natural Resources,V0044,Supplier 044,IT Hardware,Open Competition,PO-30971,"$1,417.48",Yes,EFT,FALSE,FALSE,FALSE,FALSE,FALSE,FALSE,FALSE,FALSE,0,Routine,FALSE,No predefined exception
PAY-002400,INV-156747,12/26/2025,2025-26,2025-12,Municipal Services,V0006,Supplier 006,Building Maintenance,Open Competition,PO-99272,"$1,095.94",Yes,EFT,FALSE,FALSE,FALSE,FALSE,FALSE,FALSE,FALSE,FALSE,0,Routine,FALSE,No predefined exception
PAY-001976,INV-618196,12/26/2025,2025-26,2025-12,Health Services,V0075,Supplier 075,Training,Standing Offer,PO-24220,"$5,252.60",Yes,EFT,FALSE,FALSE,FALSE,FALSE,FALSE,FALSE,FALSE,FALSE,0,Routine,FALSE,No predefined exception
PAY-001039,INV-672285,12/26/2025,2025-26,2025-12,Natural Resources,V0074,Supplier 074,Software & Licensing,Open Competition,PO-19477,"$8,572.10",Yes,EFT,FALSE,FALSE,FALSE,FALSE,FALSE,FALSE,FALSE,FALSE,0,Routine,FALSE,No predefined exception
PAY-001460,INV-882397,12/26/2025,2025-26,2025-12,Justice & Public Safety,V0062,Supplier 062,Software & Licensing,Sole Source,PO-86869,"$5,161.56",Yes,Cheque,FALSE,FALSE,FALSE,FALSE,FALSE,FALSE,FALSE,FALSE,0,Routine,FALSE,No predefined exception
PAY-001707,INV-521777,12/26/2025,2025-26,2025-12,Health Services,V0070,Supplier 070,Software & Licensing,Open Competition,PO-19334,"$4,921.75",Yes,Cheque,FALSE,FALSE,FALSE,FALSE,FALSE,FALSE,FALSE,FALSE,0,Routine,FALSE,No predefined exception
PAY-000074,INV-432255,12/26/2025,2025-26,2025-12,Education,V0080,Supplier 080,Training,Invitational,PO-19629,"$1,620.03",Yes,EFT,FALSE,FALSE,FALSE,FALSE,FALSE,FALSE,FALSE,FALSE,0,Routine,FALSE,No predefined exception
PAY-001757,INV-623321,12/27/2025,2025-26,2025-12,Education,V0015,Supplier 015,Transportation Services,Invitational,PO-99064,"$9,254.04",Yes,EFT,FALSE,FALSE,FALSE,FALSE,TRUE,FALSE,FALSE,FALSE,2,Moderate,TRUE,Statistical amount outlier
PAY-002156,INV-197469,12/27/2025,2025-26,2025-12,Health Services,V0067,Supplier 067,IT Hardware,Open Competition,PO-19453,"$4,505.02",Yes,EFT,FALSE,FALSE,FALSE,FALSE,FALSE,FALSE,FALSE,FALSE,0,Routine,FALSE,No predefined exception
PAY-000409,INV-417188,12/27/2025,2025-26,2025-12,Justice & Public Safety,V0006,Supplier 006,Training,Open Competition,PO-69514,"$1,347.95",Yes,EFT,FALSE,FALSE,FALSE,FALSE,FALSE,FALSE,FALSE,FALSE,0,Routine,FALSE,No predefined exception
PAY-002140,INV-924624,12/27/2025,2025-26,2025-12,Education,V0001,Supplier 001,Office Supplies,Invitational,PO-12802,"$1,694.85",Yes,EFT,FALSE,FALSE,FALSE,FALSE,FALSE,FALSE,FALSE,FALSE,0,Routine,FALSE,No predefined exception
PAY-000003,INV-455398,12/27/2025,2025-26,2025-12,Transportation & Infrastructure,V0002,Supplier 002,Building Maintenance,Standing Offer,PO-20856,"$3,217.58",Yes,EFT,FALSE,FALSE,FALSE,FALSE,FALSE,FALSE,FALSE,FALSE,0,Routine,FALSE,No predefined exception
PAY-001727,INV-249805,12/27/2025,2025-26,2025-12,Transportation & Infrastructure,V0003,Supplier 003,Office Supplies,Invitational,PO-71758,"$1,993.74",Yes,EFT,FALSE,FALSE,FALSE,FALSE,FALSE,FALSE,FALSE,FALSE,0,Routine,FALSE,No predefined exception
PAY-000077,INV-789925,12/27/2025,2025-26,2025-12,Municipal Services,V0080,Supplier 080,Software & Licensing,Open Competition,PO-22965,"$9,608.54",Yes,Cheque,FALSE,FALSE,FALSE,TRUE,TRUE,FALSE,FALSE,FALSE,4,Higher,TRUE,Near hypothetical threshold; Statistical amount outlier
PAY-002205,INV-605421,12/27/2025,2025-26,2025-12,Municipal Services,V0021,Supplier 021,Construction Services,Open Competition,PO-49237,"$1,908.44",Yes,Corporate Card,FALSE,FALSE,FALSE,FALSE,FALSE,FALSE,FALSE,FALSE,0,Routine,FALSE,No predefined exception
PAY-000034,INV-329167,12/27/2025,2025-26,2025-12,Education,V0008,Supplier 008,Training,Open Competition,PO-53034,"$2,591.92",Yes,Corporate Card,FALSE,FALSE,FALSE,FALSE,FALSE,FALSE,FALSE,FALSE,0,Routine,FALSE,No predefined exception
PAY-001511,INV-342113,12/28/2025,2025-26,2025-12,Natural Resources,V0070,Supplier 070,Training,Open Competition,PO-75416,"$1,316.13",Yes,EFT,FALSE,FALSE,FALSE,FALSE,FALSE,FALSE,FALSE,FALSE,0,Routine,FALSE,No predefined exception
PAY-000685,INV-283683,12/28/2025,2025-26,2025-12,Municipal Services,V0054,Supplier 054,Training,Open Competition,PO-84581,"$1,111.02",Yes,EFT,FALSE,FALSE,FALSE,FALSE,FALSE,FALSE,FALSE,FALSE,0,Routine,FALSE,No predefined exception
PAY-000456,INV-446479,12/28/2025,2025-26,2025-12,Transportation & Infrastructure,V0012,Supplier 012,Equipment,Open Competition,PO-26110,$624.99,Yes,Cheque,FALSE,FALSE,FALSE,FALSE,FALSE,FALSE,FALSE,FALSE,0,Routine,FALSE,No predefined exception
PAY-002343,INV-135010,12/28/2025,2025-26,2025-12,Natural Resources,V0057,Supplier 057,Building Maintenance,Open Competition,PO-86981,"$1,342.86",Yes,Cheque,FALSE,FALSE,FALSE,FALSE,FALSE,FALSE,FALSE,FALSE,0,Routine,FALSE,No predefined exception
PAY-001780,INV-444076,12/29/2025,2025-26,2025-12,Transportation & Infrastructure,V0048,Supplier 048,Professional Services,Standing Offer,PO-40931,$179.45,Yes,EFT,FALSE,FALSE,FALSE,FALSE,FALSE,FALSE,FALSE,FALSE,0,Routine,FALSE,No predefined exception
PAY-002454,INV-443243,12/29/2025,2025-26,2025-12,Transportation & Infrastructure,V0072,Supplier 072,Equipment,Open Competition,PO-26951,"$5,540.84",Yes,EFT,FALSE,FALSE,FALSE,FALSE,FALSE,FALSE,FALSE,FALSE,0,Routine,FALSE,No predefined exception
PAY-001016,INV-681529,12/29/2025,2025-26,2025-12,Transportation & Infrastructure,V0059,Supplier 059,Transportation Services,Open Competition,PO-69003,"$3,995.72",Yes,EFT,FALSE,FALSE,FALSE,FALSE,FALSE,FALSE,FALSE,FALSE,0,Routine,FALSE,No predefined exception
PAY-001472,INV-172255,12/29/2025,2025-26,2025-12,Natural Resources,V0080,Supplier 080,Equipment,Standing Offer,PO-27881,"$1,561.88",Yes,EFT,FALSE,FALSE,FALSE,FALSE,FALSE,FALSE,FALSE,FALSE,0,Routine,FALSE,No predefined exception
PAY-000561,INV-275993,12/29/2025,2025-26,2025-12,Transportation & Infrastructure,V0054,Supplier 054,Office Supplies,Open Competition,PO-93998,$680.65,Yes,EFT,FALSE,FALSE,FALSE,FALSE,FALSE,FALSE,FALSE,FALSE,0,Routine,FALSE,No predefined exception
PAY-000812,INV-233114,12/29/2025,2025-26,2025-12,Health Services,V0029,Supplier 029,Construction Services,Open Competition,PO-80148,$365.34,Yes,EFT,FALSE,FALSE,FALSE,FALSE,FALSE,FALSE,FALSE,FALSE,0,Routine,FALSE,No predefined exception
PAY-000368,INV-132152,12/29/2025,2025-26,2025-12,Transportation & Infrastructure,V0010,Supplier 010,Transportation Services,Open Competition,PO-68822,"$4,307.78",Yes,Cheque,FALSE,FALSE,FALSE,FALSE,FALSE,FALSE,FALSE,FALSE,0,Routine,FALSE,No predefined exception
PAY-000048,INV-850774,12/30/2025,2025-26,2025-12,Digital Government,V0026,Supplier 026,Transportation Services,Invitational,PO-51941,"$2,085.77",Yes,EFT,FALSE,FALSE,FALSE,FALSE,FALSE,FALSE,FALSE,FALSE,0,Routine,FALSE,No predefined exception
PAY-001501,INV-883924,12/30/2025,2025-26,2025-12,Transportation & Infrastructure,V0023,Supplier 023,Construction Services,Standing Offer,PO-19373,"$1,790.52",Yes,EFT,FALSE,FALSE,FALSE,FALSE,FALSE,FALSE,FALSE,FALSE,0,Routine,FALSE,No predefined exception
PAY-001796,INV-503923,12/30/2025,2025-26,2025-12,Health Services,V0013,Supplier 013,Office Supplies,Open Competition,PO-80795,"$1,077.81",Yes,EFT,FALSE,FALSE,FALSE,FALSE,FALSE,FALSE,FALSE,FALSE,0,Routine,FALSE,No predefined exception
PAY-001756,INV-734388,12/30/2025,2025-26,2025-12,Transportation & Infrastructure,V0027,Supplier 027,Equipment,Open Competition,PO-16485,"$1,768.27",Yes,EFT,FALSE,FALSE,FALSE,FALSE,FALSE,FALSE,FALSE,FALSE,0,Routine,FALSE,No predefined exception
PAY-000630,INV-250953,12/31/2025,2025-26,2025-12,Justice & Public Safety,V0019,Supplier 019,Training,Open Competition,PO-18283,$597.28,Yes,EFT,FALSE,FALSE,FALSE,FALSE,FALSE,FALSE,FALSE,FALSE,0,Routine,FALSE,No predefined exception
PAY-000985,INV-176425,12/31/2025,2025-26,2025-12,Health Services,V0010,Supplier 010,IT Hardware,Standing Offer,PO-79064,"$10,839.86",Yes,EFT,FALSE,FALSE,FALSE,FALSE,TRUE,FALSE,FALSE,FALSE,2,Moderate,TRUE,Statistical amount outlier
PAY-000435,INV-195864,12/31/2025,2025-26,2025-12,Digital Government,V0029,Supplier 029,Training,Open Competition,PO-27139,$532.04,Yes,Cheque,FALSE,FALSE,FALSE,FALSE,FALSE,FALSE,FALSE,FALSE,0,Routine,FALSE,No predefined exception
PAY-002160,INV-240749,12/31/2025,2025-26,2025-12,Municipal Services,V0018,Supplier 018,Office Supplies,Open Competition,PO-62754,"$1,567.34",Yes,EFT,FALSE,FALSE,FALSE,FALSE,FALSE,FALSE,FALSE,FALSE,0,Routine,FALSE,No predefined exception
PAY-001425,INV-131673,12/31/2025,2025-26,2025-12,Health Services,V0013,Supplier 013,Construction Services,Sole Source,PO-67226,"$1,249.79",Yes,EFT,FALSE,FALSE,FALSE,FALSE,FALSE,FALSE,FALSE,FALSE,0,Routine,FALSE,No predefined exception
PAY-001985,INV-978691,1/1/2026,2025-26,2026-01,Natural Resources,V0063,Supplier 063,Building Maintenance,Open Competition,PO-65099,"$5,290.67",Yes,EFT,FALSE,FALSE,FALSE,FALSE,FALSE,FALSE,FALSE,FALSE,0,Routine,FALSE,No predefined exception
PAY-002022,INV-644653,1/1/2026,2025-26,2026-01,Digital Government,V0016,Supplier 016,Equipment,Open Competition,PO-74177,"$2,173.88",Yes,EFT,FALSE,FALSE,FALSE,FALSE,FALSE,FALSE,FALSE,FALSE,0,Routine,FALSE,No predefined exception
PAY-002390,INV-911464,1/1/2026,2025-26,2026-01,Digital Government,V0059,Supplier 059,Transportation Services,Sole Source,PO-56996,$694.19,Yes,EFT,FALSE,FALSE,FALSE,FALSE,FALSE,FALSE,FALSE,FALSE,0,Routine,FALSE,No predefined exception
PAY-002200,INV-268751,1/2/2026,2025-26,2026-01,Digital Government,V0062,Supplier 062,Training,Standing Offer,PO-84514,"$3,322.62",Yes,Corporate Card,FALSE,FALSE,FALSE,FALSE,FALSE,FALSE,FALSE,FALSE,0,Routine,FALSE,No predefined exception
PAY-000301,INV-782954,1/2/2026,2025-26,2026-01,Health Services,V0068,Supplier 068,Training,Sole Source,PO-82173,"$2,716.47",Yes,EFT,FALSE,FALSE,FALSE,FALSE,FALSE,FALSE,FALSE,FALSE,0,Routine,FALSE,No predefined exception
PAY-000023,INV-111549,1/2/2026,2025-26,2026-01,Education,V0080,Supplier 080,Transportation Services,Open Competition,PO-63591,"$4,333.36",Yes,EFT,FALSE,FALSE,FALSE,FALSE,FALSE,FALSE,FALSE,FALSE,0,Routine,FALSE,No predefined exception
PAY-000319,INV-468893,1/2/2026,2025-26,2026-01,Municipal Services,V0028,Supplier 028,Construction Services,Standing Offer,PO-94509,"$1,331.64",Yes,EFT,FALSE,FALSE,FALSE,FALSE,FALSE,FALSE,FALSE,FALSE,0,Routine,FALSE,No predefined exception
PAY-002158,INV-495739,1/2/2026,2025-26,2026-01,Transportation & Infrastructure,V0043,Supplier 043,Construction Services,Standing Offer,PO-35392,$816.21,Yes,Cheque,FALSE,FALSE,FALSE,FALSE,FALSE,FALSE,FALSE,FALSE,0,Routine,FALSE,No predefined exception
PAY-001795,INV-905684,1/2/2026,2025-26,2026-01,Municipal Services,V0042,Supplier 042,Building Maintenance,Open Competition,PO-40593,"$2,656.71",Yes,EFT,FALSE,FALSE,FALSE,FALSE,FALSE,FALSE,FALSE,FALSE,0,Routine,FALSE,No predefined exception
PAY-000842,INV-813391,1/2/2026,2025-26,2026-01,Justice & Public Safety,V0021,Supplier 021,Equipment,Invitational,PO-15322,"$1,155.86",Yes,EFT,FALSE,FALSE,FALSE,FALSE,FALSE,FALSE,FALSE,FALSE,0,Routine,FALSE,No predefined exception
PAY-000538,INV-419532,1/2/2026,2025-26,2026-01,Natural Resources,V0017,Supplier 017,Training,Open Competition,PO-24133,"$11,763.00",Yes,EFT,FALSE,FALSE,FALSE,FALSE,TRUE,FALSE,FALSE,FALSE,2,Moderate,TRUE,Statistical amount outlier
PAY-000460,INV-337474,1/3/2026,2025-26,2026-01,Health Services,V0012,Supplier 012,Transportation Services,Open Competition,PO-89852,"$1,914.39",Yes,EFT,FALSE,FALSE,FALSE,FALSE,FALSE,FALSE,FALSE,FALSE,0,Routine,FALSE,No predefined exception
PAY-001327,INV-359427,1/3/2026,2025-26,2026-01,Education,V0055,Supplier 055,Construction Services,Open Competition,PO-62924,"$3,206.27",Yes,Corporate Card,FALSE,FALSE,FALSE,FALSE,FALSE,FALSE,FALSE,FALSE,0,Routine,FALSE,No predefined exception
PAY-001693,INV-150390,1/3/2026,2025-26,2026-01,Municipal Services,V0003,Supplier 003,Office Supplies,Open Competition,PO-71886,"$7,824.38",Yes,EFT,FALSE,FALSE,FALSE,FALSE,FALSE,FALSE,FALSE,FALSE,0,Routine,FALSE,No predefined exception
PAY-000442,INV-287646,1/4/2026,2025-26,2026-01,Natural Resources,V0018,Supplier 018,IT Hardware,Invitational,PO-83533,"$4,800.89",Yes,EFT,FALSE,FALSE,FALSE,FALSE,FALSE,FALSE,FALSE,FALSE,0,Routine,FALSE,No predefined exception
PAY-002326,INV-726652,1/4/2026,2025-26,2026-01,Municipal Services,V0058,Supplier 058,Office Supplies,Standing Offer,PO-57210,"$2,549.34",Yes,EFT,FALSE,FALSE,FALSE,FALSE,FALSE,FALSE,FALSE,FALSE,0,Routine,FALSE,No predefined exception
PAY-002100,INV-232385,1/4/2026,2025-26,2026-01,Municipal Services,V0033,Supplier 033,Transportation Services,Sole Source,PO-33558,"$3,782.46",Yes,EFT,FALSE,FALSE,FALSE,FALSE,FALSE,FALSE,FALSE,FALSE,0,Routine,FALSE,No predefined exception
PAY-000556,INV-905855,1/4/2026,2025-26,2026-01,Health Services,V0036,Supplier 036,Transportation Services,Open Competition,PO-43208,$817.90,Yes,EFT,FALSE,FALSE,FALSE,FALSE,FALSE,FALSE,FALSE,FALSE,0,Routine,FALSE,No predefined exception
PAY-000228,INV-141139,1/5/2026,2025-26,2026-01,Health Services,V0070,Supplier 070,IT Hardware,Open Competition,PO-21801,"$9,850.00",Yes,EFT,FALSE,FALSE,FALSE,TRUE,TRUE,FALSE,FALSE,FALSE,4,Higher,TRUE,Near hypothetical threshold; Statistical amount outlier
PAY-000339,INV-766978,1/5/2026,2025-26,2026-01,Health Services,V0025,Supplier 025,Equipment,Open Competition,PO-82649,"$3,497.27",Yes,Cheque,FALSE,FALSE,FALSE,FALSE,FALSE,FALSE,FALSE,FALSE,0,Routine,FALSE,No predefined exception
PAY-000361,INV-921882,1/5/2026,2025-26,2026-01,Natural Resources,V0009,Supplier 009,IT Hardware,Open Competition,PO-63382,"$1,437.84",Yes,EFT,FALSE,FALSE,FALSE,FALSE,FALSE,FALSE,FALSE,FALSE,0,Routine,FALSE,No predefined exception
PAY-000499,INV-533603,1/5/2026,2025-26,2026-01,Health Services,V0035,Supplier 035,Construction Services,Open Competition,PO-48439,"$1,061.31",Yes,EFT,FALSE,FALSE,FALSE,FALSE,FALSE,FALSE,FALSE,FALSE,0,Routine,FALSE,No predefined exception
PAY-000087,INV-935726,1/5/2026,2025-26,2026-01,Transportation & Infrastructure,V0073,Supplier 073,Equipment,Open Competition,PO-27428,"$1,064.21",Yes,EFT,FALSE,FALSE,FALSE,FALSE,FALSE,FALSE,FALSE,FALSE,0,Routine,FALSE,No predefined exception
PAY-001754,INV-942753,1/5/2026,2025-26,2026-01,Municipal Services,V0030,Supplier 030,Building Maintenance,Open Competition,PO-12986,"$1,288.39",Yes,EFT,FALSE,FALSE,FALSE,FALSE,FALSE,FALSE,FALSE,FALSE,0,Routine,FALSE,No predefined exception
PAY-002257,INV-318980,1/5/2026,2025-26,2026-01,Education,V0053,Supplier 053,Training,Standing Offer,PO-15289,"$4,337.74",Yes,EFT,FALSE,FALSE,FALSE,FALSE,FALSE,FALSE,FALSE,FALSE,0,Routine,FALSE,No predefined exception
PAY-001307,INV-381787,1/5/2026,2025-26,2026-01,Natural Resources,V0078,Supplier 078,Building Maintenance,Open Competition,PO-96944,"$1,420.15",Yes,EFT,FALSE,FALSE,FALSE,FALSE,FALSE,FALSE,FALSE,FALSE,0,Routine,FALSE,No predefined exception
PAY-001753,INV-692610,1/6/2026,2025-26,2026-01,Education,V0047,Supplier 047,Construction Services,Open Competition,PO-92754,"$1,269.78",Yes,EFT,FALSE,FALSE,FALSE,FALSE,FALSE,FALSE,FALSE,FALSE,0,Routine,FALSE,No predefined exception
PAY-002152,INV-946462,1/6/2026,2025-26,2026-01,Justice & Public Safety,V0058,Supplier 058,Professional Services,Standing Offer,PO-19714,"$4,426.86",Yes,EFT,FALSE,FALSE,FALSE,FALSE,FALSE,FALSE,FALSE,FALSE,0,Routine,FALSE,No predefined exception
PAY-000354,INV-482188,1/6/2026,2025-26,2026-01,Municipal Services,V0005,Supplier 005,IT Hardware,Open Competition,PO-32254,"$175,000.00",Yes,EFT,FALSE,FALSE,FALSE,FALSE,TRUE,FALSE,FALSE,FALSE,2,Moderate,TRUE,Statistical amount outlier
PAY-000832,INV-523327,1/6/2026,2025-26,2026-01,Health Services,V0051,Supplier 051,Office Supplies,Invitational,PO-31604,"$1,749.98",Yes,EFT,FALSE,FALSE,FALSE,FALSE,FALSE,FALSE,FALSE,FALSE,0,Routine,FALSE,No predefined exception
PAY-001323,INV-101132,1/6/2026,2025-26,2026-01,Municipal Services,V0041,Supplier 041,Transportation Services,Invitational,PO-64433,$405.76,Yes,EFT,FALSE,FALSE,FALSE,FALSE,FALSE,FALSE,FALSE,FALSE,0,Routine,FALSE,No predefined exception
PAY-002394,INV-785388,1/6/2026,2025-26,2026-01,Natural Resources,V0015,Supplier 015,Training,Sole Source,PO-36403,$984.90,Yes,EFT,FALSE,FALSE,FALSE,FALSE,FALSE,FALSE,FALSE,FALSE,0,Routine,FALSE,No predefined exception
PAY-002127,INV-644475,1/7/2026,2025-26,2026-01,Transportation & Infrastructure,V0058,Supplier 058,Construction Services,Open Competition,PO-42035,"$1,909.56",Yes,EFT,FALSE,FALSE,FALSE,FALSE,FALSE,FALSE,FALSE,FALSE,0,Routine,FALSE,No predefined exception
PAY-002009,INV-383466,1/7/2026,2025-26,2026-01,Transportation & Infrastructure,V0031,Supplier 031,Equipment,Sole Source,PO-12804,"$1,763.50",Yes,EFT,FALSE,FALSE,FALSE,FALSE,FALSE,FALSE,FALSE,FALSE,0,Routine,FALSE,No predefined exception
PAY-000731,INV-547421,1/7/2026,2025-26,2026-01,Natural Resources,V0007,Supplier 007,Software & Licensing,Open Competition,PO-61370,"$6,258.32",Yes,EFT,FALSE,FALSE,FALSE,FALSE,FALSE,FALSE,FALSE,FALSE,0,Routine,FALSE,No predefined exception
PAY-001457,INV-177597,1/7/2026,2025-26,2026-01,Natural Resources,V0057,Supplier 057,Office Supplies,Open Competition,PO-22191,"$2,491.84",Yes,Corporate Card,FALSE,FALSE,FALSE,FALSE,FALSE,FALSE,FALSE,FALSE,0,Routine,FALSE,No predefined exception
PAY-000860,INV-307383,1/7/2026,2025-26,2026-01,Digital Government,V0076,Supplier 076,Transportation Services,Open Competition,PO-12728,"$1,000.67",Yes,EFT,FALSE,FALSE,FALSE,FALSE,FALSE,FALSE,FALSE,FALSE,0,Routine,FALSE,No predefined exception
PAY-001375,INV-858795,1/7/2026,2025-26,2026-01,Natural Resources,V0037,Supplier 037,Professional Services,Invitational,PO-22686,"$1,508.08",Yes,Cheque,FALSE,FALSE,FALSE,FALSE,FALSE,FALSE,FALSE,FALSE,0,Routine,FALSE,No predefined exception
PAY-001118,INV-763759,1/7/2026,2025-26,2026-01,Education,V0061,Supplier 061,Office Supplies,Sole Source,PO-91483,"$47,974.51",Yes,EFT,FALSE,FALSE,FALSE,FALSE,TRUE,TRUE,FALSE,FALSE,4,Higher,TRUE,Statistical amount outlier; Higher-value sole-source transaction
PAY-002500,INV-914506,1/7/2026,2025-26,2026-01,Municipal Services,V0012,Supplier 012,Software & Licensing,Open Competition,PO-32134,"$1,240.71",Yes,EFT,FALSE,FALSE,FALSE,FALSE,FALSE,FALSE,FALSE,FALSE,0,Routine,FALSE,No predefined exception
PAY-001941,INV-608670,1/7/2026,2025-26,2026-01,Health Services,V0053,Supplier 053,Equipment,Open Competition,PO-45193,"$1,112.89",No,EFT,FALSE,FALSE,FALSE,FALSE,FALSE,FALSE,FALSE,TRUE,3,Moderate,TRUE,Approval exception
PAY-000133,INV-815601,1/8/2026,2025-26,2026-01,Health Services,V0026,Supplier 026,IT Hardware,Sole Source,PO-89922,"$1,794.41",Yes,EFT,FALSE,FALSE,FALSE,FALSE,FALSE,FALSE,FALSE,FALSE,0,Routine,FALSE,No predefined exception
PAY-000176,INV-262696,1/8/2026,2025-26,2026-01,Municipal Services,V0008,Supplier 008,Training,Invitational,PO-49440,"$1,645.55",Yes,EFT,FALSE,FALSE,FALSE,FALSE,FALSE,FALSE,FALSE,FALSE,0,Routine,FALSE,No predefined exception
PAY-000611,INV-562927,1/8/2026,2025-26,2026-01,Transportation & Infrastructure,V0048,Supplier 048,Building Maintenance,Open Competition,,"$1,216.28",Yes,EFT,FALSE,FALSE,TRUE,FALSE,FALSE,FALSE,FALSE,FALSE,1,Routine,FALSE,Missing purchase order
PAY-000736,INV-405007,1/8/2026,2025-26,2026-01,Natural Resources,V0007,Supplier 007,Training,Standing Offer,PO-29951,"$4,685.19",Yes,EFT,FALSE,FALSE,FALSE,FALSE,FALSE,FALSE,FALSE,FALSE,0,Routine,FALSE,No predefined exception
PAY-001120,INV-455050,1/8/2026,2025-26,2026-01,Health Services,V0064,Supplier 064,Software & Licensing,Sole Source,,"$50,777.69",Yes,EFT,FALSE,FALSE,TRUE,FALSE,TRUE,TRUE,FALSE,FALSE,5,Higher,TRUE,Missing purchase order; Statistical amount outlier; Higher-value sole-source transaction
PAY-000316,INV-695983,1/8/2026,2025-26,2026-01,Education,V0014,Supplier 014,Equipment,Open Competition,PO-10797,"$3,388.85",Yes,EFT,FALSE,FALSE,FALSE,FALSE,FALSE,FALSE,FALSE,FALSE,0,Routine,FALSE,No predefined exception
PAY-000158,INV-123331,1/9/2026,2025-26,2026-01,Justice & Public Safety,V0007,Supplier 007,Transportation Services,Open Competition,PO-81980,$990.39,Yes,Corporate Card,FALSE,FALSE,FALSE,FALSE,FALSE,FALSE,FALSE,FALSE,0,Routine,FALSE,No predefined exception
PAY-000322,INV-930222,1/9/2026,2025-26,2026-01,Digital Government,V0057,Supplier 057,Training,Standing Offer,PO-47639,"$1,424.66",Yes,EFT,FALSE,FALSE,FALSE,FALSE,FALSE,FALSE,FALSE,FALSE,0,Routine,FALSE,No predefined exception
PAY-001991,INV-987246,1/9/2026,2025-26,2026-01,Natural Resources,V0044,Supplier 044,Office Supplies,Invitational,PO-81663,$818.47,Yes,EFT,FALSE,FALSE,FALSE,FALSE,FALSE,FALSE,FALSE,FALSE,0,Routine,FALSE,No predefined exception
PAY-000164,INV-949649,1/9/2026,2025-26,2026-01,Justice & Public Safety,V0054,Supplier 054,IT Hardware,Open Competition,PO-29098,"$4,124.33",Yes,EFT,FALSE,FALSE,FALSE,FALSE,FALSE,FALSE,FALSE,FALSE,0,Routine,FALSE,No predefined exception
PAY-001612,INV-396694,1/9/2026,2025-26,2026-01,Natural Resources,V0021,Supplier 021,Software & Licensing,Open Competition,PO-82306,"$5,348.26",No,EFT,FALSE,FALSE,FALSE,FALSE,FALSE,FALSE,FALSE,TRUE,3,Moderate,TRUE,Approval exception
PAY-000573,INV-824045,1/9/2026,2025-26,2026-01,Transportation & Infrastructure,V0022,Supplier 022,Construction Services,Open Competition,,"$2,643.59",Yes,EFT,FALSE,FALSE,TRUE,FALSE,FALSE,FALSE,FALSE,FALSE,1,Routine,FALSE,Missing purchase order
PAY-000808,INV-197064,1/10/2026,2025-26,2026-01,Natural Resources,V0080,Supplier 080,Transportation Services,Invitational,PO-25876,"$5,412.50",Yes,Cheque,FALSE,FALSE,FALSE,FALSE,FALSE,FALSE,FALSE,FALSE,0,Routine,FALSE,No predefined exception
PAY-001710,INV-959734,1/10/2026,2025-26,2026-01,Justice & Public Safety,V0044,Supplier 044,Professional Services,Standing Offer,,"$1,364.51",Yes,EFT,FALSE,FALSE,TRUE,FALSE,FALSE,FALSE,FALSE,FALSE,1,Routine,FALSE,Missing purchase order
PAY-002010,INV-660027,1/10/2026,2025-26,2026-01,Natural Resources,V0021,Supplier 021,Training,Standing Offer,PO-59993,$693.24,Yes,EFT,FALSE,FALSE,FALSE,FALSE,FALSE,FALSE,FALSE,FALSE,0,Routine,FALSE,No predefined exception
PAY-001728,INV-905589,1/10/2026,2025-26,2026-01,Health Services,V0028,Supplier 028,Software & Licensing,Open Competition,PO-66235,"$2,238.83",Yes,EFT,FALSE,FALSE,FALSE,FALSE,FALSE,FALSE,FALSE,FALSE,0,Routine,FALSE,No predefined exception
PAY-000468,INV-125494,1/10/2026,2025-26,2026-01,Transportation & Infrastructure,V0035,Supplier 035,Professional Services,Standing Offer,PO-92979,"$3,257.27",Yes,EFT,FALSE,FALSE,FALSE,FALSE,FALSE,FALSE,FALSE,FALSE,0,Routine,FALSE,No predefined exception
PAY-001723,INV-244258,1/10/2026,2025-26,2026-01,Natural Resources,V0012,Supplier 012,IT Hardware,Open Competition,PO-43581,$867.66,Yes,EFT,FALSE,FALSE,FALSE,FALSE,FALSE,FALSE,FALSE,FALSE,0,Routine,FALSE,No predefined exception
PAY-000518,INV-401763,1/10/2026,2025-26,2026-01,Transportation & Infrastructure,V0012,Supplier 012,Office Supplies,Open Competition,PO-99359,$807.90,Yes,EFT,FALSE,FALSE,FALSE,FALSE,FALSE,FALSE,FALSE,FALSE,0,Routine,FALSE,No predefined exception
PAY-001287,INV-462544,1/10/2026,2025-26,2026-01,Digital Government,V0013,Supplier 013,Office Supplies,Open Competition,PO-83998,"$6,933.73",Yes,EFT,FALSE,FALSE,FALSE,FALSE,FALSE,FALSE,FALSE,FALSE,0,Routine,FALSE,No predefined exception
PAY-001223,INV-782387,1/10/2026,2025-26,2026-01,Education,V0045,Supplier 045,Software & Licensing,Open Competition,PO-73742,"$1,113.99",Yes,Cheque,FALSE,FALSE,FALSE,FALSE,FALSE,FALSE,FALSE,FALSE,0,Routine,FALSE,No predefined exception
PAY-001197,INV-557576,1/10/2026,2025-26,2026-01,Justice & Public Safety,V0080,Supplier 080,Professional Services,Standing Offer,PO-65270,"$1,585.88",Yes,EFT,FALSE,FALSE,FALSE,FALSE,FALSE,FALSE,FALSE,FALSE,0,Routine,FALSE,No predefined exception
PAY-002031,INV-865387,1/10/2026,2025-26,2026-01,Natural Resources,V0007,Supplier 007,Building Maintenance,Standing Offer,PO-71518,"$1,064.04",Yes,EFT,FALSE,FALSE,FALSE,FALSE,FALSE,FALSE,FALSE,FALSE,0,Routine,FALSE,No predefined exception
PAY-002337,INV-371635,1/11/2026,2025-26,2026-01,Digital Government,V0029,Supplier 029,Software & Licensing,Standing Offer,PO-97157,"$2,877.70",Yes,EFT,FALSE,FALSE,FALSE,FALSE,FALSE,FALSE,FALSE,FALSE,0,Routine,FALSE,No predefined exception
PAY-000169,INV-437201,1/11/2026,2025-26,2026-01,Education,V0064,Supplier 064,Professional Services,Standing Offer,PO-86827,"$3,982.95",Yes,Cheque,FALSE,FALSE,FALSE,FALSE,FALSE,FALSE,FALSE,FALSE,0,Routine,FALSE,No predefined exception
PAY-000717,INV-160186,1/11/2026,2025-26,2026-01,Transportation & Infrastructure,V0007,Supplier 007,IT Hardware,Sole Source,,"$8,290.50",Yes,EFT,FALSE,FALSE,TRUE,FALSE,FALSE,FALSE,FALSE,FALSE,1,Routine,FALSE,Missing purchase order
PAY-000320,INV-255976,1/11/2026,2025-26,2026-01,Health Services,V0071,Supplier 071,Construction Services,Open Competition,PO-34051,$787.92,Yes,Cheque,FALSE,FALSE,FALSE,FALSE,FALSE,FALSE,FALSE,FALSE,0,Routine,FALSE,No predefined exception
PAY-001225,INV-579767,1/11/2026,2025-26,2026-01,Municipal Services,V0070,Supplier 070,Equipment,Open Competition,PO-85828,$759.73,Yes,EFT,FALSE,FALSE,FALSE,FALSE,FALSE,FALSE,FALSE,FALSE,0,Routine,FALSE,No predefined exception
PAY-002304,INV-281549,1/11/2026,2025-26,2026-01,Transportation & Infrastructure,V0003,Supplier 003,Professional Services,Open Competition,PO-88229,"$5,614.49",Yes,EFT,FALSE,FALSE,FALSE,FALSE,FALSE,FALSE,FALSE,FALSE,0,Routine,FALSE,No predefined exception
PAY-000795,INV-892955,1/11/2026,2025-26,2026-01,Digital Government,V0040,Supplier 040,IT Hardware,Invitational,PO-24141,"$7,023.58",Yes,EFT,FALSE,FALSE,FALSE,FALSE,FALSE,FALSE,FALSE,FALSE,0,Routine,FALSE,No predefined exception
PAY-001041,INV-244375,1/11/2026,2025-26,2026-01,Municipal Services,V0028,Supplier 028,Building Maintenance,Standing Offer,PO-81996,$628.65,Yes,Corporate Card,FALSE,FALSE,FALSE,FALSE,FALSE,FALSE,FALSE,FALSE,0,Routine,FALSE,No predefined exception
PAY-000560,INV-215140,1/11/2026,2025-26,2026-01,Education,V0040,Supplier 040,Equipment,Open Competition,PO-49374,"$2,193.89",Yes,EFT,FALSE,FALSE,FALSE,FALSE,FALSE,FALSE,FALSE,FALSE,0,Routine,FALSE,No predefined exception
PAY-002431,INV-928804,1/12/2026,2025-26,2026-01,Municipal Services,V0030,Supplier 030,Office Supplies,Standing Offer,PO-33097,"$2,483.65",Yes,EFT,FALSE,FALSE,FALSE,FALSE,FALSE,FALSE,FALSE,FALSE,0,Routine,FALSE,No predefined exception
PAY-002073,INV-753525,1/12/2026,2025-26,2026-01,Municipal Services,V0077,Supplier 077,Construction Services,Open Competition,PO-18187,"$1,677.54",Yes,EFT,FALSE,FALSE,FALSE,FALSE,FALSE,FALSE,FALSE,FALSE,0,Routine,FALSE,No predefined exception
PAY-001151,INV-936188,1/12/2026,2025-26,2026-01,Digital Government,V0009,Supplier 009,Professional Services,Open Competition,PO-11233,"$5,589.38",Yes,EFT,FALSE,FALSE,FALSE,FALSE,FALSE,FALSE,FALSE,FALSE,0,Routine,FALSE,No predefined exception
PAY-001355,INV-942288,1/12/2026,2025-26,2026-01,Health Services,V0061,Supplier 061,IT Hardware,Standing Offer,PO-60666,"$8,792.17",Yes,Corporate Card,FALSE,FALSE,FALSE,FALSE,FALSE,FALSE,FALSE,FALSE,0,Routine,FALSE,No predefined exception
PAY-001972,INV-621397,1/12/2026,2025-26,2026-01,Municipal Services,V0060,Supplier 060,Professional Services,Sole Source,PO-87684,"$9,316.28",Yes,EFT,FALSE,FALSE,FALSE,FALSE,TRUE,FALSE,FALSE,FALSE,2,Moderate,TRUE,Statistical amount outlier
PAY-002311,INV-412865,1/12/2026,2025-26,2026-01,Education,V0033,Supplier 033,Building Maintenance,Standing Offer,PO-42223,"$4,462.49",Yes,EFT,FALSE,FALSE,FALSE,FALSE,FALSE,FALSE,FALSE,FALSE,0,Routine,FALSE,No predefined exception
PAY-002265,INV-992007,1/13/2026,2025-26,2026-01,Health Services,V0036,Supplier 036,Training,Open Competition,PO-40897,"$7,595.34",Yes,EFT,FALSE,FALSE,FALSE,FALSE,FALSE,FALSE,FALSE,FALSE,0,Routine,FALSE,No predefined exception
PAY-001731,INV-732900,1/13/2026,2025-26,2026-01,Justice & Public Safety,V0067,Supplier 067,Training,Open Competition,PO-48742,"$8,346.76",Yes,Cheque,FALSE,FALSE,FALSE,FALSE,FALSE,FALSE,FALSE,FALSE,0,Routine,FALSE,No predefined exception
PAY-000392,INV-626925,1/13/2026,2025-26,2026-01,Education,V0053,Supplier 053,Building Maintenance,Standing Offer,,"$2,861.10",Yes,EFT,FALSE,FALSE,TRUE,FALSE,FALSE,FALSE,FALSE,FALSE,1,Routine,FALSE,Missing purchase order
PAY-001271,INV-688172,1/13/2026,2025-26,2026-01,Transportation & Infrastructure,V0063,Supplier 063,IT Hardware,Invitational,PO-15416,"$4,155.95",Yes,EFT,FALSE,FALSE,FALSE,FALSE,FALSE,FALSE,FALSE,FALSE,0,Routine,FALSE,No predefined exception
PAY-001248,INV-105577,1/13/2026,2025-26,2026-01,Health Services,V0032,Supplier 032,Construction Services,Standing Offer,,$739.97,Yes,EFT,FALSE,FALSE,TRUE,FALSE,FALSE,FALSE,FALSE,FALSE,1,Routine,FALSE,Missing purchase order
PAY-001453,INV-262434,1/13/2026,2025-26,2026-01,Digital Government,V0019,Supplier 019,Transportation Services,Invitational,PO-60022,"$3,065.02",Yes,EFT,FALSE,FALSE,FALSE,FALSE,FALSE,FALSE,FALSE,FALSE,0,Routine,FALSE,No predefined exception
PAY-001243,INV-670303,1/13/2026,2025-26,2026-01,Transportation & Infrastructure,V0018,Supplier 018,Training,Open Competition,PO-85710,"$2,529.99",Yes,EFT,FALSE,FALSE,FALSE,FALSE,FALSE,FALSE,FALSE,FALSE,0,Routine,FALSE,No predefined exception
PAY-001059,INV-399345,1/13/2026,2025-26,2026-01,Health Services,V0044,Supplier 044,Building Maintenance,Open Competition,PO-77961,"$5,412.50",Yes,EFT,FALSE,FALSE,FALSE,FALSE,FALSE,FALSE,FALSE,FALSE,0,Routine,FALSE,No predefined exception
PAY-000761,INV-524429,1/13/2026,2025-26,2026-01,Natural Resources,V0007,Supplier 007,Building Maintenance,Standing Offer,PO-56803,"$1,278.07",Yes,EFT,FALSE,FALSE,FALSE,FALSE,FALSE,FALSE,FALSE,FALSE,0,Routine,FALSE,No predefined exception
PAY-002341,INV-945191,1/13/2026,2025-26,2026-01,Municipal Services,V0072,Supplier 072,Training,Open Competition,PO-15691,"$1,385.90",Yes,EFT,FALSE,FALSE,FALSE,FALSE,FALSE,FALSE,FALSE,FALSE,0,Routine,FALSE,No predefined exception
PAY-000363,INV-395901,1/13/2026,2025-26,2026-01,Transportation & Infrastructure,V0027,Supplier 027,Office Supplies,Open Competition,PO-23736,$554.40,Yes,EFT,FALSE,FALSE,FALSE,FALSE,FALSE,FALSE,FALSE,FALSE,0,Routine,FALSE,No predefined exception
PAY-001887,INV-391736,1/13/2026,2025-26,2026-01,Municipal Services,V0027,Supplier 027,Professional Services,Open Competition,,"$4,520.63",Yes,EFT,FALSE,FALSE,TRUE,FALSE,FALSE,FALSE,FALSE,FALSE,1,Routine,FALSE,Missing purchase order
PAY-002414,INV-314560,1/13/2026,2025-26,2026-01,Education,V0009,Supplier 009,Office Supplies,Open Competition,PO-34996,"$13,171.78",Yes,EFT,FALSE,FALSE,FALSE,FALSE,TRUE,FALSE,FALSE,FALSE,2,Moderate,TRUE,Statistical amount outlier
PAY-001086,INV-201489,1/14/2026,2025-26,2026-01,Education,V0002,Supplier 002,Equipment,Standing Offer,,"$1,057.19",Yes,EFT,FALSE,FALSE,TRUE,FALSE,FALSE,FALSE,FALSE,FALSE,1,Routine,FALSE,Missing purchase order
PAY-000300,INV-365470,1/14/2026,2025-26,2026-01,Education,V0080,Supplier 080,Building Maintenance,Open Competition,PO-85066,"$1,708.55",Yes,Cheque,FALSE,FALSE,FALSE,FALSE,FALSE,FALSE,FALSE,FALSE,0,Routine,FALSE,No predefined exception
PAY-DUP-006,INV-501954,1/14/2026,2025-26,2026-01,Education,V0055,Supplier 055,Training,Standing Offer,PO-48148,"$7,814.49",Yes,EFT,TRUE,FALSE,FALSE,FALSE,FALSE,FALSE,FALSE,FALSE,3,Moderate,TRUE,Potential duplicate
PAY-001395,INV-273084,1/14/2026,2025-26,2026-01,Transportation & Infrastructure,V0033,Supplier 033,Construction Services,Open Competition,PO-55261,$946.82,Yes,EFT,FALSE,FALSE,FALSE,FALSE,FALSE,FALSE,FALSE,FALSE,0,Routine,FALSE,No predefined exception
PAY-000479,INV-955783,1/14/2026,2025-26,2026-01,Transportation & Infrastructure,V0032,Supplier 032,Construction Services,Open Competition,PO-93110,"$3,200.18",Yes,EFT,FALSE,FALSE,FALSE,FALSE,FALSE,FALSE,FALSE,FALSE,0,Routine,FALSE,No predefined exception
PAY-001629,INV-749868,1/14/2026,2025-26,2026-01,Health Services,V0037,Supplier 037,IT Hardware,Open Competition,PO-67970,$598.59,Yes,EFT,FALSE,FALSE,FALSE,FALSE,FALSE,FALSE,FALSE,FALSE,0,Routine,FALSE,No predefined exception
PAY-000106,INV-501954,1/14/2026,2025-26,2026-01,Education,V0055,Supplier 055,Training,Standing Offer,PO-48148,"$7,814.49",Yes,EFT,TRUE,FALSE,FALSE,FALSE,FALSE,FALSE,FALSE,FALSE,3,Moderate,TRUE,Potential duplicate
PAY-002070,INV-159946,1/14/2026,2025-26,2026-01,Transportation & Infrastructure,V0044,Supplier 044,Building Maintenance,Open Competition,PO-47429,$703.16,Yes,EFT,FALSE,FALSE,FALSE,FALSE,FALSE,FALSE,FALSE,FALSE,0,Routine,FALSE,No predefined exception
PAY-001826,INV-684379,1/14/2026,2025-26,2026-01,Education,V0001,Supplier 001,Building Maintenance,Open Competition,PO-76273,"$3,072.35",Yes,EFT,FALSE,FALSE,FALSE,FALSE,FALSE,FALSE,FALSE,FALSE,0,Routine,FALSE,No predefined exception
PAY-001805,INV-551067,1/14/2026,2025-26,2026-01,Natural Resources,V0067,Supplier 067,Software & Licensing,Open Competition,PO-39858,"$2,810.31",Yes,EFT,FALSE,FALSE,FALSE,FALSE,FALSE,FALSE,FALSE,FALSE,0,Routine,FALSE,No predefined exception
PAY-002397,INV-967619,1/14/2026,2025-26,2026-01,Natural Resources,V0011,Supplier 011,Equipment,Standing Offer,PO-73594,"$1,288.90",Yes,EFT,FALSE,FALSE,FALSE,FALSE,FALSE,FALSE,FALSE,FALSE,0,Routine,FALSE,No predefined exception
PAY-000723,INV-119156,1/14/2026,2025-26,2026-01,Health Services,V0007,Supplier 007,Office Supplies,Open Competition,PO-10209,"$6,574.02",Yes,EFT,FALSE,FALSE,FALSE,FALSE,FALSE,FALSE,FALSE,FALSE,0,Routine,FALSE,No predefined exception
PAY-001081,INV-688033,1/14/2026,2025-26,2026-01,Digital Government,V0033,Supplier 033,Building Maintenance,Open Competition,PO-94096,"$7,012.85",Yes,EFT,FALSE,FALSE,FALSE,FALSE,FALSE,FALSE,FALSE,FALSE,0,Routine,FALSE,No predefined exception
PAY-002055,INV-879085,1/15/2026,2025-26,2026-01,Health Services,V0039,Supplier 039,Software & Licensing,Open Competition,PO-64043,"$5,037.51",Yes,EFT,FALSE,FALSE,FALSE,FALSE,FALSE,FALSE,FALSE,FALSE,0,Routine,FALSE,No predefined exception
PAY-000489,INV-726614,1/15/2026,2025-26,2026-01,Municipal Services,V0013,Supplier 013,Building Maintenance,Standing Offer,PO-20233,"$1,083.05",Yes,EFT,FALSE,FALSE,FALSE,FALSE,FALSE,FALSE,FALSE,FALSE,0,Routine,FALSE,No predefined exception
PAY-002161,INV-831188,1/15/2026,2025-26,2026-01,Education,V0058,Supplier 058,Software & Licensing,Standing Offer,PO-21367,"$1,437.57",Yes,EFT,FALSE,FALSE,FALSE,FALSE,FALSE,FALSE,FALSE,FALSE,0,Routine,FALSE,No predefined exception
PAY-000449,INV-635620,1/15/2026,2025-26,2026-01,Digital Government,V0034,Supplier 034,Software & Licensing,Invitational,PO-32272,"$3,550.89",Yes,Cheque,FALSE,FALSE,FALSE,FALSE,FALSE,FALSE,FALSE,FALSE,0,Routine,FALSE,No predefined exception
PAY-002302,INV-463170,1/16/2026,2025-26,2026-01,Education,V0078,Supplier 078,Equipment,Open Competition,PO-59729,"$3,500.90",Yes,EFT,FALSE,FALSE,FALSE,FALSE,FALSE,FALSE,FALSE,FALSE,0,Routine,FALSE,No predefined exception
PAY-002248,INV-603150,1/16/2026,2025-26,2026-01,Municipal Services,V0037,Supplier 037,Software & Licensing,Sole Source,PO-28877,"$3,977.07",Yes,EFT,FALSE,FALSE,FALSE,FALSE,FALSE,FALSE,FALSE,FALSE,0,Routine,FALSE,No predefined exception
PAY-002118,INV-473410,1/16/2026,2025-26,2026-01,Health Services,V0067,Supplier 067,Construction Services,Open Competition,PO-12387,"$4,059.01",Yes,EFT,FALSE,FALSE,FALSE,FALSE,FALSE,FALSE,FALSE,FALSE,0,Routine,FALSE,No predefined exception
PAY-002375,INV-388480,1/16/2026,2025-26,2026-01,Education,V0037,Supplier 037,Building Maintenance,Open Competition,PO-41155,"$9,446.07",Yes,Corporate Card,FALSE,FALSE,FALSE,FALSE,TRUE,FALSE,FALSE,FALSE,2,Moderate,TRUE,Statistical amount outlier
PAY-001042,INV-433887,1/16/2026,2025-26,2026-01,Education,V0028,Supplier 028,Professional Services,Standing Offer,,$844.12,Yes,EFT,FALSE,FALSE,TRUE,FALSE,FALSE,FALSE,FALSE,FALSE,1,Routine,FALSE,Missing purchase order
PAY-001175,INV-219156,1/16/2026,2025-26,2026-01,Education,V0035,Supplier 035,Software & Licensing,Open Competition,PO-53906,"$9,837.39",Yes,EFT,FALSE,FALSE,FALSE,TRUE,TRUE,FALSE,FALSE,FALSE,4,Higher,TRUE,Near hypothetical threshold; Statistical amount outlier
PAY-001267,INV-685842,1/16/2026,2025-26,2026-01,Justice & Public Safety,V0046,Supplier 046,IT Hardware,Open Competition,PO-87316,"$1,519.97",Yes,EFT,FALSE,FALSE,FALSE,FALSE,FALSE,FALSE,FALSE,FALSE,0,Routine,FALSE,No predefined exception
PAY-001417,INV-721169,1/16/2026,2025-26,2026-01,Municipal Services,V0004,Supplier 004,Software & Licensing,Open Competition,PO-79318,"$9,602.20",No,EFT,FALSE,FALSE,FALSE,TRUE,TRUE,FALSE,FALSE,TRUE,7,Higher,TRUE,Near hypothetical threshold; Statistical amount outlier; Approval exception
PAY-002168,INV-537359,1/16/2026,2025-26,2026-01,Digital Government,V0074,Supplier 074,Professional Services,Sole Source,PO-25205,"$3,101.03",Yes,EFT,FALSE,FALSE,FALSE,FALSE,FALSE,FALSE,FALSE,FALSE,0,Routine,FALSE,No predefined exception
PAY-000874,INV-928894,1/17/2026,2025-26,2026-01,Justice & Public Safety,V0044,Supplier 044,Equipment,Standing Offer,PO-38776,"$4,578.42",No,Cheque,FALSE,FALSE,FALSE,FALSE,FALSE,FALSE,FALSE,TRUE,3,Moderate,TRUE,Approval exception
PAY-001117,INV-371223,1/17/2026,2025-26,2026-01,Education,V0002,Supplier 002,Transportation Services,Sole Source,,"$25,785.57",Yes,EFT,FALSE,FALSE,TRUE,FALSE,TRUE,TRUE,FALSE,FALSE,5,Higher,TRUE,Missing purchase order; Statistical amount outlier; Higher-value sole-source transaction
PAY-002347,INV-786296,1/17/2026,2025-26,2026-01,Natural Resources,V0060,Supplier 060,Building Maintenance,Open Competition,PO-63609,"$2,939.81",Yes,EFT,FALSE,FALSE,FALSE,FALSE,FALSE,FALSE,FALSE,FALSE,0,Routine,FALSE,No predefined exception
PAY-002153,INV-823879,1/17/2026,2025-26,2026-01,Natural Resources,V0062,Supplier 062,IT Hardware,Standing Offer,PO-34608,"$6,004.88",Yes,EFT,FALSE,FALSE,FALSE,FALSE,FALSE,FALSE,FALSE,FALSE,0,Routine,FALSE,No predefined exception
PAY-001374,INV-189846,1/17/2026,2025-26,2026-01,Justice & Public Safety,V0038,Supplier 038,Training,Open Competition,PO-50920,$784.28,Yes,Cheque,FALSE,FALSE,FALSE,FALSE,FALSE,FALSE,FALSE,FALSE,0,Routine,FALSE,No predefined exception
PAY-000627,INV-173568,1/17/2026,2025-26,2026-01,Transportation & Infrastructure,V0074,Supplier 074,Transportation Services,Open Competition,PO-30936,"$3,543.20",Yes,EFT,FALSE,FALSE,FALSE,FALSE,FALSE,FALSE,FALSE,FALSE,0,Routine,FALSE,No predefined exception
PAY-000119,INV-715362,1/18/2026,2025-26,2026-01,Justice & Public Safety,V0049,Supplier 049,Building Maintenance,Open Competition,PO-37841,"$8,342.98",Yes,EFT,FALSE,FALSE,FALSE,FALSE,FALSE,FALSE,FALSE,FALSE,0,Routine,FALSE,No predefined exception
PAY-001524,INV-447761,1/18/2026,2025-26,2026-01,Digital Government,V0034,Supplier 034,Building Maintenance,Open Competition,PO-20884,"$1,705.83",Yes,EFT,FALSE,FALSE,FALSE,FALSE,FALSE,FALSE,FALSE,FALSE,0,Routine,FALSE,No predefined exception
PAY-001146,INV-561063,1/18/2026,2025-26,2026-01,Education,V0021,Supplier 021,Transportation Services,Standing Offer,PO-30521,"$4,087.75",Yes,EFT,FALSE,FALSE,FALSE,FALSE,FALSE,FALSE,FALSE,FALSE,0,Routine,FALSE,No predefined exception
PAY-001911,INV-730698,1/18/2026,2025-26,2026-01,Municipal Services,V0063,Supplier 063,Construction Services,Standing Offer,PO-65958,"$2,073.29",Yes,EFT,FALSE,FALSE,FALSE,FALSE,FALSE,FALSE,FALSE,FALSE,0,Routine,FALSE,No predefined exception
PAY-001950,INV-327600,1/18/2026,2025-26,2026-01,Natural Resources,V0013,Supplier 013,Transportation Services,Open Competition,PO-47174,$997.36,Yes,EFT,FALSE,FALSE,FALSE,FALSE,FALSE,FALSE,FALSE,FALSE,0,Routine,FALSE,No predefined exception
PAY-001481,INV-936713,1/18/2026,2025-26,2026-01,Municipal Services,V0022,Supplier 022,Construction Services,Open Competition,PO-89741,"$3,834.69",Yes,EFT,FALSE,FALSE,FALSE,FALSE,FALSE,FALSE,FALSE,FALSE,0,Routine,FALSE,No predefined exception
PAY-001532,INV-776664,1/18/2026,2025-26,2026-01,Health Services,V0047,Supplier 047,IT Hardware,Invitational,PO-58742,"$4,008.20",Yes,EFT,FALSE,FALSE,FALSE,FALSE,FALSE,FALSE,FALSE,FALSE,0,Routine,FALSE,No predefined exception
PAY-000997,INV-849211,1/18/2026,2025-26,2026-01,Municipal Services,V0001,Supplier 001,Transportation Services,Open Competition,PO-30002,"$5,200.48",Yes,EFT,FALSE,FALSE,FALSE,FALSE,FALSE,FALSE,FALSE,FALSE,0,Routine,FALSE,No predefined exception
PAY-001335,INV-543855,1/18/2026,2025-26,2026-01,Natural Resources,V0044,Supplier 044,Building Maintenance,Open Competition,PO-70854,"$2,604.70",Yes,EFT,FALSE,FALSE,FALSE,FALSE,FALSE,FALSE,FALSE,FALSE,0,Routine,FALSE,No predefined exception
PAY-001299,INV-161715,1/18/2026,2025-26,2026-01,Natural Resources,V0064,Supplier 064,Training,Standing Offer,PO-21339,"$1,709.78",Yes,EFT,FALSE,FALSE,FALSE,FALSE,FALSE,FALSE,FALSE,FALSE,0,Routine,FALSE,No predefined exception
PAY-002137,INV-179971,1/18/2026,2025-26,2026-01,Municipal Services,V0065,Supplier 065,Training,Sole Source,PO-82232,"$1,690.05",Yes,EFT,FALSE,FALSE,FALSE,FALSE,FALSE,FALSE,FALSE,FALSE,0,Routine,FALSE,No predefined exception
PAY-002238,INV-409963,1/18/2026,2025-26,2026-01,Health Services,V0066,Supplier 066,Building Maintenance,Standing Offer,,"$1,940.93",Yes,EFT,FALSE,FALSE,TRUE,FALSE,FALSE,FALSE,FALSE,FALSE,1,Routine,FALSE,Missing purchase order
PAY-002007,INV-392441,1/18/2026,2025-26,2026-01,Digital Government,V0021,Supplier 021,IT Hardware,Standing Offer,PO-61902,"$8,739.64",Yes,EFT,FALSE,FALSE,FALSE,FALSE,FALSE,FALSE,FALSE,FALSE,0,Routine,FALSE,No predefined exception
PAY-002216,INV-887646,1/18/2026,2025-26,2026-01,Education,V0045,Supplier 045,Transportation Services,Invitational,PO-82769,$660.39,Yes,EFT,FALSE,FALSE,FALSE,FALSE,FALSE,FALSE,FALSE,FALSE,0,Routine,FALSE,No predefined exception
PAY-001181,INV-727290,1/19/2026,2025-26,2026-01,Digital Government,V0032,Supplier 032,Software & Licensing,Invitational,PO-14902,"$3,000.63",Yes,EFT,FALSE,FALSE,FALSE,FALSE,FALSE,FALSE,FALSE,FALSE,0,Routine,FALSE,No predefined exception
PAY-000227,INV-990936,1/19/2026,2025-26,2026-01,Education,V0071,Supplier 071,Transportation Services,Open Competition,PO-44462,"$9,850.00",Yes,EFT,FALSE,FALSE,FALSE,TRUE,TRUE,FALSE,FALSE,FALSE,4,Higher,TRUE,Near hypothetical threshold; Statistical amount outlier
PAY-000791,INV-859940,1/19/2026,2025-26,2026-01,Health Services,V0078,Supplier 078,Building Maintenance,Invitational,PO-36852,"$1,436.83",Yes,EFT,FALSE,FALSE,FALSE,FALSE,FALSE,FALSE,FALSE,FALSE,0,Routine,FALSE,No predefined exception
PAY-000021,INV-542765,1/19/2026,2025-26,2026-01,Digital Government,V0055,Supplier 055,Training,Invitational,PO-72420,"$2,152.54",Yes,EFT,FALSE,FALSE,FALSE,FALSE,FALSE,FALSE,FALSE,FALSE,0,Routine,FALSE,No predefined exception
PAY-002037,INV-272106,1/19/2026,2025-26,2026-01,Education,V0067,Supplier 067,Transportation Services,Open Competition,PO-71320,"$2,000.33",Yes,EFT,FALSE,FALSE,FALSE,FALSE,FALSE,FALSE,FALSE,FALSE,0,Routine,FALSE,No predefined exception
PAY-001097,INV-461417,1/19/2026,2025-26,2026-01,Municipal Services,V0011,Supplier 011,Software & Licensing,Standing Offer,PO-66949,"$2,869.87",Yes,EFT,FALSE,FALSE,FALSE,FALSE,FALSE,FALSE,FALSE,FALSE,0,Routine,FALSE,No predefined exception
PAY-000200,INV-771813,1/20/2026,2025-26,2026-01,Natural Resources,V0020,Supplier 020,Construction Services,Open Competition,PO-54594,"$4,854.75",Yes,EFT,FALSE,FALSE,FALSE,FALSE,FALSE,FALSE,FALSE,FALSE,0,Routine,FALSE,No predefined exception
PAY-001928,INV-572032,1/20/2026,2025-26,2026-01,Municipal Services,V0054,Supplier 054,IT Hardware,Open Competition,PO-98465,"$4,630.47",Yes,EFT,FALSE,FALSE,FALSE,FALSE,FALSE,FALSE,FALSE,FALSE,0,Routine,FALSE,No predefined exception
PAY-001056,INV-491770,1/20/2026,2025-26,2026-01,Education,V0022,Supplier 022,IT Hardware,Invitational,PO-98915,"$1,586.83",Yes,EFT,FALSE,FALSE,FALSE,FALSE,FALSE,FALSE,FALSE,FALSE,0,Routine,FALSE,No predefined exception
PAY-001384,INV-948964,1/20/2026,2025-26,2026-01,Health Services,V0025,Supplier 025,Building Maintenance,Open Competition,PO-75891,"$4,546.85",Yes,EFT,FALSE,FALSE,FALSE,FALSE,FALSE,FALSE,FALSE,FALSE,0,Routine,FALSE,No predefined exception
PAY-001535,INV-992018,1/20/2026,2025-26,2026-01,Digital Government,V0077,Supplier 077,Training,Open Competition,PO-84660,"$4,350.14",Yes,EFT,FALSE,FALSE,FALSE,FALSE,FALSE,FALSE,FALSE,FALSE,0,Routine,FALSE,No predefined exception
PAY-001669,INV-547617,1/20/2026,2025-26,2026-01,Municipal Services,V0069,Supplier 069,IT Hardware,Standing Offer,PO-19952,"$2,855.39",Yes,EFT,FALSE,FALSE,FALSE,FALSE,FALSE,FALSE,FALSE,FALSE,0,Routine,FALSE,No predefined exception
PAY-001054,INV-168653,1/21/2026,2025-26,2026-01,Municipal Services,V0028,Supplier 028,Transportation Services,Open Competition,PO-57358,"$1,342.19",Yes,EFT,FALSE,FALSE,FALSE,FALSE,FALSE,FALSE,FALSE,FALSE,0,Routine,FALSE,No predefined exception
PAY-000081,INV-253956,1/21/2026,2025-26,2026-01,Natural Resources,V0067,Supplier 067,Construction Services,Open Competition,PO-49441,$798.97,Yes,EFT,FALSE,FALSE,FALSE,FALSE,FALSE,FALSE,FALSE,FALSE,0,Routine,FALSE,No predefined exception
PAY-001154,INV-291758,1/21/2026,2025-26,2026-01,Municipal Services,V0059,Supplier 059,Software & Licensing,Open Competition,PO-87648,"$2,899.21",Yes,EFT,FALSE,FALSE,FALSE,FALSE,FALSE,FALSE,FALSE,FALSE,0,Routine,FALSE,No predefined exception
PAY-001379,INV-960665,1/21/2026,2025-26,2026-01,Transportation & Infrastructure,V0064,Supplier 064,Office Supplies,Open Competition,PO-17011,"$2,616.00",Yes,EFT,FALSE,FALSE,FALSE,FALSE,FALSE,FALSE,FALSE,FALSE,0,Routine,FALSE,No predefined exception
PAY-001030,INV-952318,1/21/2026,2025-26,2026-01,Education,V0047,Supplier 047,Equipment,Open Competition,PO-55567,"$3,837.08",Yes,EFT,FALSE,FALSE,FALSE,FALSE,FALSE,FALSE,FALSE,FALSE,0,Routine,FALSE,No predefined exception
PAY-001408,INV-531544,1/21/2026,2025-26,2026-01,Health Services,V0051,Supplier 051,Training,Sole Source,PO-25877,"$3,636.98",No,EFT,FALSE,FALSE,FALSE,FALSE,FALSE,FALSE,FALSE,TRUE,3,Moderate,TRUE,Approval exception
PAY-001155,INV-935165,1/22/2026,2025-26,2026-01,Transportation & Infrastructure,V0054,Supplier 054,Office Supplies,Open Competition,PO-41012,"$1,021.90",Yes,EFT,FALSE,FALSE,FALSE,FALSE,FALSE,FALSE,FALSE,FALSE,0,Routine,FALSE,No predefined exception
PAY-001867,INV-351666,1/22/2026,2025-26,2026-01,Digital Government,V0048,Supplier 048,Equipment,Open Competition,PO-68133,"$2,451.95",Yes,EFT,FALSE,FALSE,FALSE,FALSE,FALSE,FALSE,FALSE,FALSE,0,Routine,FALSE,No predefined exception
PAY-002189,INV-876646,1/23/2026,2025-26,2026-01,Transportation & Infrastructure,V0004,Supplier 004,Construction Services,Open Competition,PO-89987,"$1,583.26",Yes,EFT,FALSE,FALSE,FALSE,FALSE,FALSE,FALSE,FALSE,FALSE,0,Routine,FALSE,No predefined exception
PAY-001946,INV-744062,1/23/2026,2025-26,2026-01,Health Services,V0049,Supplier 049,Software & Licensing,Standing Offer,PO-78907,"$5,438.92",Yes,EFT,FALSE,FALSE,FALSE,FALSE,FALSE,FALSE,FALSE,FALSE,0,Routine,FALSE,No predefined exception
PAY-000256,INV-911350,1/23/2026,2025-26,2026-01,Municipal Services,V0001,Supplier 001,Office Supplies,Open Competition,PO-78743,"$1,428.70",Yes,Cheque,FALSE,FALSE,FALSE,FALSE,FALSE,FALSE,FALSE,FALSE,0,Routine,FALSE,No predefined exception
PAY-002027,INV-709762,1/24/2026,2025-26,2026-01,Digital Government,V0060,Supplier 060,Transportation Services,Open Competition,PO-37618,"$2,523.85",Yes,EFT,FALSE,FALSE,FALSE,FALSE,FALSE,FALSE,FALSE,FALSE,0,Routine,FALSE,No predefined exception
PAY-001119,INV-422870,1/24/2026,2025-26,2026-01,Justice & Public Safety,V0076,Supplier 076,Building Maintenance,Sole Source,PO-52179,"$47,581.93",Yes,EFT,FALSE,FALSE,FALSE,FALSE,TRUE,TRUE,FALSE,FALSE,4,Higher,TRUE,Statistical amount outlier; Higher-value sole-source transaction
PAY-000370,INV-326905,1/24/2026,2025-26,2026-01,Justice & Public Safety,V0062,Supplier 062,Software & Licensing,Standing Offer,PO-55856,$605.89,Yes,EFT,FALSE,FALSE,FALSE,FALSE,FALSE,FALSE,FALSE,FALSE,0,Routine,FALSE,No predefined exception
PAY-000980,INV-737300,1/25/2026,2025-26,2026-01,Justice & Public Safety,V0022,Supplier 022,Professional Services,Open Competition,PO-64969,"$2,278.66",Yes,EFT,FALSE,FALSE,FALSE,FALSE,FALSE,FALSE,FALSE,FALSE,0,Routine,FALSE,No predefined exception
PAY-002138,INV-679844,1/25/2026,2025-26,2026-01,Municipal Services,V0059,Supplier 059,Professional Services,Open Competition,PO-63458,"$1,865.94",Yes,EFT,FALSE,FALSE,FALSE,FALSE,FALSE,FALSE,FALSE,FALSE,0,Routine,FALSE,No predefined exception
PAY-002308,INV-129092,1/25/2026,2025-26,2026-01,Municipal Services,V0036,Supplier 036,Construction Services,Standing Offer,PO-60787,"$20,971.56",Yes,EFT,FALSE,FALSE,FALSE,FALSE,TRUE,FALSE,FALSE,FALSE,2,Moderate,TRUE,Statistical amount outlier
PAY-001889,INV-354793,1/25/2026,2025-26,2026-01,Municipal Services,V0025,Supplier 025,Training,Sole Source,PO-70631,"$2,594.45",Yes,EFT,FALSE,FALSE,FALSE,FALSE,FALSE,FALSE,FALSE,FALSE,0,Routine,FALSE,No predefined exception
PAY-002291,INV-481691,1/25/2026,2025-26,2026-01,Transportation & Infrastructure,V0078,Supplier 078,Professional Services,Open Competition,PO-68820,"$1,317.91",Yes,Cheque,FALSE,FALSE,FALSE,FALSE,FALSE,FALSE,FALSE,FALSE,0,Routine,FALSE,No predefined exception
PAY-001478,INV-793201,1/26/2026,2025-26,2026-01,Digital Government,V0030,Supplier 030,Equipment,Standing Offer,PO-58081,"$1,019.27",Yes,EFT,FALSE,FALSE,FALSE,FALSE,FALSE,FALSE,FALSE,FALSE,0,Routine,FALSE,No predefined exception
PAY-001970,INV-990695,1/26/2026,2025-26,2026-01,Digital Government,V0034,Supplier 034,Construction Services,Invitational,PO-53316,$454.50,Yes,Corporate Card,FALSE,FALSE,FALSE,FALSE,FALSE,FALSE,FALSE,FALSE,0,Routine,FALSE,No predefined exception
PAY-000094,INV-398254,1/26/2026,2025-26,2026-01,Justice & Public Safety,V0020,Supplier 020,Training,Open Competition,PO-63077,"$2,724.32",Yes,Cheque,FALSE,FALSE,FALSE,FALSE,FALSE,FALSE,FALSE,FALSE,0,Routine,FALSE,No predefined exception
PAY-002041,INV-897866,1/26/2026,2025-26,2026-01,Municipal Services,V0077,Supplier 077,Construction Services,Open Competition,PO-38853,"$1,425.45",Yes,EFT,FALSE,FALSE,FALSE,FALSE,FALSE,FALSE,FALSE,FALSE,0,Routine,FALSE,No predefined exception
PAY-000625,INV-784050,1/26/2026,2025-26,2026-01,Education,V0043,Supplier 043,IT Hardware,Open Competition,,"$1,222.74",Yes,EFT,FALSE,FALSE,TRUE,FALSE,FALSE,FALSE,FALSE,FALSE,1,Routine,FALSE,Missing purchase order
PAY-001875,INV-957617,1/26/2026,2025-26,2026-01,Transportation & Infrastructure,V0055,Supplier 055,Construction Services,Open Competition,PO-75796,"$2,088.73",Yes,EFT,FALSE,FALSE,FALSE,FALSE,FALSE,FALSE,FALSE,FALSE,0,Routine,FALSE,No predefined exception
PAY-000858,INV-538988,1/26/2026,2025-26,2026-01,Natural Resources,V0053,Supplier 053,Software & Licensing,Invitational,PO-27564,"$1,687.37",Yes,Cheque,FALSE,FALSE,FALSE,FALSE,FALSE,FALSE,FALSE,FALSE,0,Routine,FALSE,No predefined exception
PAY-001616,INV-880237,1/26/2026,2025-26,2026-01,Digital Government,V0002,Supplier 002,Equipment,Invitational,PO-33631,"$1,761.89",Yes,EFT,FALSE,FALSE,FALSE,FALSE,FALSE,FALSE,FALSE,FALSE,0,Routine,FALSE,No predefined exception
PAY-001803,INV-274001,1/26/2026,2025-26,2026-01,Digital Government,V0069,Supplier 069,Training,Invitational,PO-36104,"$3,875.85",Yes,EFT,FALSE,FALSE,FALSE,FALSE,FALSE,FALSE,FALSE,FALSE,0,Routine,FALSE,No predefined exception
PAY-001273,INV-641770,1/27/2026,2025-26,2026-01,Education,V0003,Supplier 003,Office Supplies,Open Competition,PO-67684,"$17,712.76",Yes,EFT,FALSE,FALSE,FALSE,FALSE,TRUE,FALSE,FALSE,FALSE,2,Moderate,TRUE,Statistical amount outlier
PAY-001537,INV-476295,1/27/2026,2025-26,2026-01,Natural Resources,V0060,Supplier 060,Office Supplies,Open Competition,PO-42400,"$1,045.04",Yes,EFT,FALSE,FALSE,FALSE,FALSE,FALSE,FALSE,FALSE,FALSE,0,Routine,FALSE,No predefined exception
PAY-002069,INV-127472,1/27/2026,2025-26,2026-01,Education,V0067,Supplier 067,Transportation Services,Open Competition,PO-98708,"$3,113.34",Yes,EFT,FALSE,FALSE,FALSE,FALSE,FALSE,FALSE,FALSE,FALSE,0,Routine,FALSE,No predefined exception
PAY-002259,INV-376923,1/27/2026,2025-26,2026-01,Natural Resources,V0067,Supplier 067,Training,Open Competition,,"$3,492.15",Yes,EFT,FALSE,FALSE,TRUE,FALSE,FALSE,FALSE,FALSE,FALSE,1,Routine,FALSE,Missing purchase order
PAY-002144,INV-512774,1/27/2026,2025-26,2026-01,Municipal Services,V0065,Supplier 065,Professional Services,Standing Offer,PO-14406,"$7,126.26",Yes,EFT,FALSE,FALSE,FALSE,FALSE,FALSE,FALSE,FALSE,FALSE,0,Routine,FALSE,No predefined exception
PAY-000341,INV-988559,1/27/2026,2025-26,2026-01,Municipal Services,V0023,Supplier 023,Office Supplies,Open Competition,PO-97521,"$5,180.89",Yes,EFT,FALSE,FALSE,FALSE,FALSE,FALSE,FALSE,FALSE,FALSE,0,Routine,FALSE,No predefined exception
PAY-001505,INV-958809,1/27/2026,2025-26,2026-01,Transportation & Infrastructure,V0015,Supplier 015,Transportation Services,Open Competition,PO-21467,$774.33,Yes,Cheque,FALSE,FALSE,FALSE,FALSE,FALSE,FALSE,FALSE,FALSE,0,Routine,FALSE,No predefined exception
PAY-001159,INV-776341,1/27/2026,2025-26,2026-01,Justice & Public Safety,V0053,Supplier 053,Transportation Services,Standing Offer,PO-23796,"$3,789.82",Yes,EFT,FALSE,FALSE,FALSE,FALSE,FALSE,FALSE,FALSE,FALSE,0,Routine,FALSE,No predefined exception
PAY-000521,INV-140633,1/27/2026,2025-26,2026-01,Health Services,V0063,Supplier 063,Training,Open Competition,PO-63448,"$4,039.12",Yes,EFT,FALSE,FALSE,FALSE,FALSE,FALSE,FALSE,FALSE,FALSE,0,Routine,FALSE,No predefined exception
PAY-001133,INV-548096,1/27/2026,2025-26,2026-01,Transportation & Infrastructure,V0074,Supplier 074,Training,Open Competition,PO-27678,"$7,890.23",Yes,Cheque,FALSE,FALSE,FALSE,FALSE,FALSE,FALSE,FALSE,FALSE,0,Routine,FALSE,No predefined exception
PAY-001099,INV-354957,1/28/2026,2025-26,2026-01,Education,V0072,Supplier 072,Building Maintenance,Standing Offer,PO-53562,"$2,812.07",Yes,EFT,FALSE,FALSE,FALSE,FALSE,FALSE,FALSE,FALSE,FALSE,0,Routine,FALSE,No predefined exception
PAY-000714,INV-396956,1/28/2026,2025-26,2026-01,Natural Resources,V0007,Supplier 007,Professional Services,Open Competition,PO-58630,"$2,623.06",Yes,EFT,FALSE,FALSE,FALSE,FALSE,FALSE,FALSE,FALSE,FALSE,0,Routine,FALSE,No predefined exception
PAY-001131,INV-628839,1/28/2026,2025-26,2026-01,Health Services,V0028,Supplier 028,Training,Open Competition,PO-89023,"$2,751.07",Yes,Cheque,FALSE,FALSE,FALSE,FALSE,FALSE,FALSE,FALSE,FALSE,0,Routine,FALSE,No predefined exception
PAY-000662,INV-403806,1/28/2026,2025-26,2026-01,Justice & Public Safety,V0077,Supplier 077,Software & Licensing,Standing Offer,PO-49651,"$1,558.16",Yes,Corporate Card,FALSE,FALSE,FALSE,FALSE,FALSE,FALSE,FALSE,FALSE,0,Routine,FALSE,No predefined exception
PAY-001742,INV-548934,1/28/2026,2025-26,2026-01,Justice & Public Safety,V0028,Supplier 028,Software & Licensing,Invitational,PO-18513,"$1,438.95",Yes,EFT,FALSE,FALSE,FALSE,FALSE,FALSE,FALSE,FALSE,FALSE,0,Routine,FALSE,No predefined exception
PAY-001971,INV-764467,1/28/2026,2025-26,2026-01,Transportation & Infrastructure,V0005,Supplier 005,IT Hardware,Open Competition,PO-21305,"$4,668.57",Yes,EFT,FALSE,FALSE,FALSE,FALSE,FALSE,FALSE,FALSE,FALSE,0,Routine,FALSE,No predefined exception
PAY-002312,INV-390655,1/28/2026,2025-26,2026-01,Education,V0007,Supplier 007,Equipment,Sole Source,PO-13941,"$1,370.26",Yes,EFT,FALSE,FALSE,FALSE,FALSE,FALSE,FALSE,FALSE,FALSE,0,Routine,FALSE,No predefined exception
PAY-001433,INV-682092,1/28/2026,2025-26,2026-01,Municipal Services,V0034,Supplier 034,Software & Licensing,Sole Source,PO-16494,"$7,147.49",Yes,EFT,FALSE,FALSE,FALSE,FALSE,FALSE,FALSE,FALSE,FALSE,0,Routine,FALSE,No predefined exception
PAY-000882,INV-723756,1/28/2026,2025-26,2026-01,Justice & Public Safety,V0015,Supplier 015,Construction Services,Open Competition,PO-87692,"$1,021.30",Yes,EFT,FALSE,FALSE,FALSE,FALSE,FALSE,FALSE,FALSE,FALSE,0,Routine,FALSE,No predefined exception
PAY-000781,INV-722995,1/28/2026,2025-26,2026-01,Health Services,V0007,Supplier 007,Software & Licensing,Open Competition,,"$2,542.80",Yes,Corporate Card,FALSE,FALSE,TRUE,FALSE,FALSE,FALSE,FALSE,FALSE,1,Routine,FALSE,Missing purchase order
PAY-001291,INV-247631,1/28/2026,2025-26,2026-01,Justice & Public Safety,V0079,Supplier 079,Training,Invitational,PO-37475,"$8,989.52",Yes,EFT,FALSE,FALSE,FALSE,FALSE,FALSE,FALSE,FALSE,FALSE,0,Routine,FALSE,No predefined exception
PAY-002064,INV-493056,1/28/2026,2025-26,2026-01,Transportation & Infrastructure,V0015,Supplier 015,Transportation Services,Open Competition,PO-46469,"$3,351.64",Yes,EFT,FALSE,FALSE,FALSE,FALSE,FALSE,FALSE,FALSE,FALSE,0,Routine,FALSE,No predefined exception
PAY-002149,INV-336836,1/28/2026,2025-26,2026-01,Municipal Services,V0047,Supplier 047,Professional Services,Sole Source,,$900.06,Yes,EFT,FALSE,FALSE,TRUE,FALSE,FALSE,FALSE,FALSE,FALSE,1,Routine,FALSE,Missing purchase order
PAY-000324,INV-105636,1/29/2026,2025-26,2026-01,Health Services,V0050,Supplier 050,Training,Open Competition,PO-99779,"$2,850.17",Yes,EFT,FALSE,FALSE,FALSE,FALSE,FALSE,FALSE,FALSE,FALSE,0,Routine,FALSE,No predefined exception
PAY-002136,INV-631930,1/29/2026,2025-26,2026-01,Transportation & Infrastructure,V0040,Supplier 040,Professional Services,Open Competition,PO-28953,"$1,906.11",Yes,EFT,FALSE,FALSE,FALSE,FALSE,FALSE,FALSE,FALSE,FALSE,0,Routine,FALSE,No predefined exception
PAY-001639,INV-533048,1/29/2026,2025-26,2026-01,Education,V0060,Supplier 060,Construction Services,Open Competition,PO-62418,"$3,127.64",Yes,Cheque,FALSE,FALSE,FALSE,FALSE,FALSE,FALSE,FALSE,FALSE,0,Routine,FALSE,No predefined exception
PAY-000265,INV-882119,1/29/2026,2025-26,2026-01,Justice & Public Safety,V0052,Supplier 052,Construction Services,Open Competition,PO-84189,$777.06,Yes,EFT,FALSE,FALSE,FALSE,FALSE,FALSE,FALSE,FALSE,FALSE,0,Routine,FALSE,No predefined exception
PAY-000274,INV-305753,1/29/2026,2025-26,2026-01,Health Services,V0016,Supplier 016,IT Hardware,Open Competition,PO-80529,"$3,577.91",Yes,EFT,FALSE,FALSE,FALSE,FALSE,FALSE,FALSE,FALSE,FALSE,0,Routine,FALSE,No predefined exception
PAY-000076,INV-869042,1/29/2026,2025-26,2026-01,Transportation & Infrastructure,V0047,Supplier 047,Transportation Services,Standing Offer,PO-79401,"$4,783.55",Yes,EFT,FALSE,FALSE,FALSE,FALSE,FALSE,FALSE,FALSE,FALSE,0,Routine,FALSE,No predefined exception
PAY-000302,INV-215819,1/29/2026,2025-26,2026-01,Natural Resources,V0022,Supplier 022,IT Hardware,Invitational,PO-62340,"$1,494.84",Yes,EFT,FALSE,FALSE,FALSE,FALSE,FALSE,FALSE,FALSE,FALSE,0,Routine,FALSE,No predefined exception
PAY-002129,INV-722215,1/29/2026,2025-26,2026-01,Education,V0008,Supplier 008,Training,Sole Source,PO-59914,"$3,644.40",Yes,EFT,FALSE,FALSE,FALSE,FALSE,FALSE,FALSE,FALSE,FALSE,0,Routine,FALSE,No predefined exception
PAY-002076,INV-464939,1/29/2026,2025-26,2026-01,Transportation & Infrastructure,V0075,Supplier 075,Equipment,Sole Source,PO-83111,"$6,501.93",Yes,Cheque,FALSE,FALSE,FALSE,FALSE,FALSE,FALSE,FALSE,FALSE,0,Routine,FALSE,No predefined exception
PAY-001224,INV-197382,1/30/2026,2025-26,2026-01,Justice & Public Safety,V0061,Supplier 061,IT Hardware,Invitational,PO-19271,"$7,939.48",Yes,EFT,FALSE,FALSE,FALSE,FALSE,FALSE,FALSE,FALSE,FALSE,0,Routine,FALSE,No predefined exception
PAY-001906,INV-953415,1/30/2026,2025-26,2026-01,Municipal Services,V0079,Supplier 079,Equipment,Open Competition,PO-84767,$975.86,Yes,Cheque,FALSE,FALSE,FALSE,FALSE,FALSE,FALSE,FALSE,FALSE,0,Routine,FALSE,No predefined exception
PAY-002116,INV-607553,1/30/2026,2025-26,2026-01,Digital Government,V0047,Supplier 047,IT Hardware,Open Competition,PO-49347,$940.95,Yes,EFT,FALSE,FALSE,FALSE,FALSE,FALSE,FALSE,FALSE,FALSE,0,Routine,FALSE,No predefined exception
PAY-001997,INV-987937,1/30/2026,2025-26,2026-01,Transportation & Infrastructure,V0036,Supplier 036,Training,Open Competition,PO-22031,"$3,099.17",Yes,EFT,FALSE,FALSE,FALSE,FALSE,FALSE,FALSE,FALSE,FALSE,0,Routine,FALSE,No predefined exception
PAY-001528,INV-924187,1/30/2026,2025-26,2026-01,Health Services,V0079,Supplier 079,Construction Services,Open Competition,PO-40084,"$1,500.73",Yes,EFT,FALSE,FALSE,FALSE,FALSE,FALSE,FALSE,FALSE,FALSE,0,Routine,FALSE,No predefined exception
PAY-001840,INV-784547,1/30/2026,2025-26,2026-01,Natural Resources,V0016,Supplier 016,Building Maintenance,Open Competition,PO-66316,"$2,877.09",Yes,EFT,FALSE,FALSE,FALSE,FALSE,FALSE,FALSE,FALSE,FALSE,0,Routine,FALSE,No predefined exception
PAY-001021,INV-307397,1/30/2026,2025-26,2026-01,Justice & Public Safety,V0067,Supplier 067,Professional Services,Open Competition,PO-26371,"$4,100.41",Yes,EFT,FALSE,FALSE,FALSE,FALSE,FALSE,FALSE,FALSE,FALSE,0,Routine,FALSE,No predefined exception
PAY-000675,INV-131556,1/30/2026,2025-26,2026-01,Digital Government,V0024,Supplier 024,IT Hardware,Open Competition,PO-23767,"$3,082.81",Yes,EFT,FALSE,FALSE,FALSE,FALSE,FALSE,FALSE,FALSE,FALSE,0,Routine,FALSE,No predefined exception
PAY-001428,INV-516313,1/30/2026,2025-26,2026-01,Health Services,V0037,Supplier 037,Equipment,Open Competition,PO-75254,"$2,684.51",Yes,EFT,FALSE,FALSE,FALSE,FALSE,FALSE,FALSE,FALSE,FALSE,0,Routine,FALSE,No predefined exception
PAY-000405,INV-974802,1/30/2026,2025-26,2026-01,Health Services,V0026,Supplier 026,Software & Licensing,Open Competition,PO-42286,$290.99,Yes,EFT,FALSE,FALSE,FALSE,FALSE,FALSE,FALSE,FALSE,FALSE,0,Routine,FALSE,No predefined exception
PAY-000378,INV-250259,1/31/2026,2025-26,2026-01,Transportation & Infrastructure,V0051,Supplier 051,Software & Licensing,Open Competition,PO-97142,"$1,753.21",Yes,EFT,FALSE,FALSE,FALSE,FALSE,FALSE,FALSE,FALSE,FALSE,0,Routine,FALSE,No predefined exception
PAY-001706,INV-442873,1/31/2026,2025-26,2026-01,Education,V0035,Supplier 035,Office Supplies,Sole Source,PO-57178,"$1,755.22",Yes,EFT,FALSE,FALSE,FALSE,FALSE,FALSE,FALSE,FALSE,FALSE,0,Routine,FALSE,No predefined exception
PAY-000792,INV-612177,1/31/2026,2025-26,2026-01,Transportation & Infrastructure,V0076,Supplier 076,Professional Services,Open Competition,PO-87243,"$1,357.37",Yes,EFT,FALSE,FALSE,FALSE,FALSE,FALSE,FALSE,FALSE,FALSE,0,Routine,FALSE,No predefined exception
PAY-002030,INV-258571,1/31/2026,2025-26,2026-01,Transportation & Infrastructure,V0080,Supplier 080,Construction Services,Open Competition,PO-48554,$647.86,Yes,EFT,FALSE,FALSE,FALSE,FALSE,FALSE,FALSE,FALSE,FALSE,0,Routine,FALSE,No predefined exception
PAY-000772,INV-398451,1/31/2026,2025-26,2026-01,Justice & Public Safety,V0007,Supplier 007,Transportation Services,Sole Source,PO-61055,"$5,717.98",Yes,EFT,FALSE,FALSE,FALSE,FALSE,FALSE,FALSE,FALSE,FALSE,0,Routine,FALSE,No predefined exception
PAY-001888,INV-664931,2/1/2026,2025-26,2026-02,Education,V0039,Supplier 039,IT Hardware,Invitational,PO-10084,"$6,158.00",Yes,EFT,FALSE,FALSE,FALSE,FALSE,FALSE,FALSE,FALSE,FALSE,0,Routine,FALSE,No predefined exception
PAY-000187,INV-797789,2/1/2026,2025-26,2026-02,Municipal Services,V0003,Supplier 003,Training,Standing Offer,PO-90653,"$1,199.73",Yes,EFT,FALSE,FALSE,FALSE,FALSE,FALSE,FALSE,FALSE,FALSE,0,Routine,FALSE,No predefined exception
PAY-000043,INV-663329,2/1/2026,2025-26,2026-02,Natural Resources,V0052,Supplier 052,Equipment,Standing Offer,PO-69251,"$5,003.38",Yes,Corporate Card,FALSE,FALSE,FALSE,FALSE,FALSE,FALSE,FALSE,FALSE,0,Routine,FALSE,No predefined exception
PAY-001372,INV-547875,2/1/2026,2025-26,2026-02,Municipal Services,V0024,Supplier 024,Building Maintenance,Standing Offer,PO-37366,"$2,247.25",Yes,EFT,FALSE,FALSE,FALSE,FALSE,FALSE,FALSE,FALSE,FALSE,0,Routine,FALSE,No predefined exception
PAY-000425,INV-119403,2/2/2026,2025-26,2026-02,Health Services,V0031,Supplier 031,IT Hardware,Open Competition,PO-95441,"$4,398.85",Yes,EFT,FALSE,FALSE,FALSE,FALSE,FALSE,FALSE,FALSE,FALSE,0,Routine,FALSE,No predefined exception
PAY-002459,INV-893327,2/2/2026,2025-26,2026-02,Education,V0025,Supplier 025,Equipment,Standing Offer,PO-16278,"$10,875.15",No,EFT,FALSE,FALSE,FALSE,FALSE,TRUE,FALSE,FALSE,TRUE,5,Higher,TRUE,Statistical amount outlier; Approval exception
PAY-002496,INV-671224,2/2/2026,2025-26,2026-02,Health Services,V0057,Supplier 057,Software & Licensing,Open Competition,PO-40398,"$8,770.97",Yes,EFT,FALSE,FALSE,FALSE,FALSE,FALSE,FALSE,FALSE,FALSE,0,Routine,FALSE,No predefined exception
PAY-000248,INV-533917,2/2/2026,2025-26,2026-02,Municipal Services,V0076,Supplier 076,Construction Services,Invitational,,$608.68,Yes,EFT,FALSE,FALSE,TRUE,FALSE,FALSE,FALSE,FALSE,FALSE,1,Routine,FALSE,Missing purchase order
PAY-002042,INV-158382,2/2/2026,2025-26,2026-02,Natural Resources,V0048,Supplier 048,Professional Services,Standing Offer,PO-83332,"$1,679.07",Yes,EFT,FALSE,FALSE,FALSE,FALSE,FALSE,FALSE,FALSE,FALSE,0,Routine,FALSE,No predefined exception
PAY-000798,INV-393313,2/2/2026,2025-26,2026-02,Health Services,V0034,Supplier 034,Building Maintenance,Standing Offer,PO-42668,"$1,991.32",Yes,EFT,FALSE,FALSE,FALSE,FALSE,FALSE,FALSE,FALSE,FALSE,0,Routine,FALSE,No predefined exception
PAY-002457,INV-711709,2/2/2026,2025-26,2026-02,Municipal Services,V0071,Supplier 071,IT Hardware,Open Competition,PO-48281,"$1,138.99",Yes,EFT,FALSE,FALSE,FALSE,FALSE,FALSE,FALSE,FALSE,FALSE,0,Routine,FALSE,No predefined exception
PAY-001764,INV-910238,2/3/2026,2025-26,2026-02,Justice & Public Safety,V0011,Supplier 011,Transportation Services,Standing Offer,PO-94412,"$6,180.08",Yes,EFT,FALSE,FALSE,FALSE,FALSE,FALSE,FALSE,FALSE,FALSE,0,Routine,FALSE,No predefined exception
PAY-001069,INV-467658,2/3/2026,2025-26,2026-02,Municipal Services,V0076,Supplier 076,Transportation Services,Sole Source,PO-38481,"$3,093.74",Yes,EFT,FALSE,FALSE,FALSE,FALSE,FALSE,FALSE,FALSE,FALSE,0,Routine,FALSE,No predefined exception
PAY-001885,INV-848065,2/3/2026,2025-26,2026-02,Transportation & Infrastructure,V0049,Supplier 049,IT Hardware,Open Competition,PO-22016,$955.00,Yes,EFT,FALSE,FALSE,FALSE,FALSE,FALSE,FALSE,FALSE,FALSE,0,Routine,FALSE,No predefined exception
PAY-000018,INV-210489,2/3/2026,2025-26,2026-02,Health Services,V0040,Supplier 040,Building Maintenance,Invitational,PO-31340,"$1,746.96",Yes,Cheque,FALSE,FALSE,FALSE,FALSE,FALSE,FALSE,FALSE,FALSE,0,Routine,FALSE,No predefined exception
PAY-001169,INV-805359,2/3/2026,2025-26,2026-02,Digital Government,V0053,Supplier 053,Professional Services,Open Competition,PO-91777,"$5,364.52",Yes,EFT,FALSE,FALSE,FALSE,FALSE,FALSE,FALSE,FALSE,FALSE,0,Routine,FALSE,No predefined exception
PAY-001362,INV-972377,2/3/2026,2025-26,2026-02,Health Services,V0022,Supplier 022,Training,Open Competition,PO-82740,"$2,887.19",Yes,Corporate Card,FALSE,FALSE,FALSE,FALSE,FALSE,FALSE,FALSE,FALSE,0,Routine,FALSE,No predefined exception
PAY-001552,INV-131826,2/4/2026,2025-26,2026-02,Health Services,V0028,Supplier 028,IT Hardware,Standing Offer,PO-63720,"$1,210.70",Yes,EFT,FALSE,FALSE,FALSE,FALSE,FALSE,FALSE,FALSE,FALSE,0,Routine,FALSE,No predefined exception
PAY-002404,INV-225342,2/4/2026,2025-26,2026-02,Education,V0072,Supplier 072,Equipment,Open Competition,PO-29359,"$1,267.81",Yes,EFT,FALSE,FALSE,FALSE,FALSE,FALSE,FALSE,FALSE,FALSE,0,Routine,FALSE,No predefined exception
PAY-002193,INV-989234,2/4/2026,2025-26,2026-02,Municipal Services,V0008,Supplier 008,Professional Services,Invitational,PO-25577,"$4,000.47",Yes,EFT,FALSE,FALSE,FALSE,FALSE,FALSE,FALSE,FALSE,FALSE,0,Routine,FALSE,No predefined exception
PAY-002396,INV-416790,2/4/2026,2025-26,2026-02,Education,V0075,Supplier 075,Building Maintenance,Standing Offer,PO-17728,$990.01,Yes,Corporate Card,FALSE,FALSE,FALSE,FALSE,FALSE,FALSE,FALSE,FALSE,0,Routine,FALSE,No predefined exception
PAY-001369,INV-801562,2/4/2026,2025-26,2026-02,Justice & Public Safety,V0028,Supplier 028,Professional Services,Open Competition,PO-80442,"$2,008.49",Yes,EFT,FALSE,FALSE,FALSE,FALSE,FALSE,FALSE,FALSE,FALSE,0,Routine,FALSE,No predefined exception
PAY-000068,INV-613269,2/4/2026,2025-26,2026-02,Digital Government,V0035,Supplier 035,IT Hardware,Open Competition,PO-11690,$538.96,Yes,EFT,FALSE,FALSE,FALSE,FALSE,FALSE,FALSE,FALSE,FALSE,0,Routine,FALSE,No predefined exception
PAY-002106,INV-247776,2/4/2026,2025-26,2026-02,Municipal Services,V0067,Supplier 067,Construction Services,Sole Source,PO-71196,$870.58,Yes,EFT,FALSE,FALSE,FALSE,FALSE,FALSE,FALSE,FALSE,FALSE,0,Routine,FALSE,No predefined exception
PAY-001816,INV-376735,2/4/2026,2025-26,2026-02,Municipal Services,V0026,Supplier 026,Training,Open Competition,PO-79344,"$3,706.09",Yes,EFT,FALSE,FALSE,FALSE,FALSE,FALSE,FALSE,FALSE,FALSE,0,Routine,FALSE,No predefined exception
PAY-000294,INV-159164,2/4/2026,2025-26,2026-02,Education,V0080,Supplier 080,Transportation Services,Open Competition,PO-27674,"$5,545.28",Yes,EFT,FALSE,FALSE,FALSE,FALSE,FALSE,FALSE,FALSE,FALSE,0,Routine,FALSE,No predefined exception
PAY-001387,INV-486480,2/4/2026,2025-26,2026-02,Natural Resources,V0022,Supplier 022,Office Supplies,Open Competition,PO-56618,"$7,984.15",Yes,EFT,FALSE,FALSE,FALSE,FALSE,FALSE,FALSE,FALSE,FALSE,0,Routine,FALSE,No predefined exception
PAY-000424,INV-612214,2/5/2026,2025-26,2026-02,Education,V0010,Supplier 010,Equipment,Invitational,PO-67428,$960.92,Yes,EFT,FALSE,FALSE,FALSE,FALSE,FALSE,FALSE,FALSE,FALSE,0,Routine,FALSE,No predefined exception
PAY-002362,INV-199083,2/5/2026,2025-26,2026-02,Education,V0038,Supplier 038,Office Supplies,Open Competition,PO-16897,"$2,117.19",Yes,EFT,FALSE,FALSE,FALSE,FALSE,FALSE,FALSE,FALSE,FALSE,0,Routine,FALSE,No predefined exception
PAY-002057,INV-878760,2/5/2026,2025-26,2026-02,Natural Resources,V0039,Supplier 039,Training,Open Competition,PO-22135,"$5,857.09",Yes,EFT,FALSE,FALSE,FALSE,FALSE,FALSE,FALSE,FALSE,FALSE,0,Routine,FALSE,No predefined exception
PAY-001432,INV-123525,2/5/2026,2025-26,2026-02,Health Services,V0079,Supplier 079,Software & Licensing,Standing Offer,PO-23302,"$1,868.93",Yes,EFT,FALSE,FALSE,FALSE,FALSE,FALSE,FALSE,FALSE,FALSE,0,Routine,FALSE,No predefined exception
PAY-001277,INV-665544,2/5/2026,2025-26,2026-02,Digital Government,V0035,Supplier 035,Professional Services,Open Competition,PO-99091,"$1,717.23",Yes,EFT,FALSE,FALSE,FALSE,FALSE,FALSE,FALSE,FALSE,FALSE,0,Routine,FALSE,No predefined exception
PAY-001493,INV-985621,2/5/2026,2025-26,2026-02,Natural Resources,V0010,Supplier 010,Office Supplies,Open Competition,PO-67167,$826.29,Yes,Cheque,FALSE,FALSE,FALSE,FALSE,FALSE,FALSE,FALSE,FALSE,0,Routine,FALSE,No predefined exception
PAY-002313,INV-172782,2/5/2026,2025-26,2026-02,Digital Government,V0052,Supplier 052,Software & Licensing,Sole Source,PO-51617,"$4,469.24",Yes,EFT,FALSE,FALSE,FALSE,FALSE,FALSE,FALSE,FALSE,FALSE,0,Routine,FALSE,No predefined exception
PAY-000741,INV-745649,2/5/2026,2025-26,2026-02,Digital Government,V0007,Supplier 007,Professional Services,Sole Source,PO-75385,"$9,921.56",Yes,EFT,FALSE,FALSE,FALSE,TRUE,TRUE,FALSE,FALSE,FALSE,4,Higher,TRUE,Near hypothetical threshold; Statistical amount outlier
PAY-002000,INV-814995,2/6/2026,2025-26,2026-02,Justice & Public Safety,V0022,Supplier 022,Construction Services,Open Competition,PO-75266,"$5,884.06",Yes,EFT,FALSE,FALSE,FALSE,FALSE,FALSE,FALSE,FALSE,FALSE,0,Routine,FALSE,No predefined exception
PAY-000653,INV-203920,2/6/2026,2025-26,2026-02,Justice & Public Safety,V0079,Supplier 079,Construction Services,Open Competition,PO-59178,"$1,079.18",Yes,Cheque,FALSE,FALSE,FALSE,FALSE,FALSE,FALSE,FALSE,FALSE,0,Routine,FALSE,No predefined exception
PAY-000716,INV-413045,2/6/2026,2025-26,2026-02,Natural Resources,V0007,Supplier 007,Software & Licensing,Open Competition,PO-50252,"$2,412.94",Yes,EFT,FALSE,FALSE,FALSE,FALSE,FALSE,FALSE,FALSE,FALSE,0,Routine,FALSE,No predefined exception
PAY-001394,INV-524632,2/6/2026,2025-26,2026-02,Digital Government,V0020,Supplier 020,IT Hardware,Open Competition,PO-49442,"$2,593.72",Yes,EFT,FALSE,FALSE,FALSE,FALSE,FALSE,FALSE,FALSE,FALSE,0,Routine,FALSE,No predefined exception
PAY-002187,INV-354870,2/6/2026,2025-26,2026-02,Education,V0079,Supplier 079,Professional Services,Open Competition,PO-25362,"$2,967.62",Yes,EFT,FALSE,FALSE,FALSE,FALSE,FALSE,FALSE,FALSE,FALSE,0,Routine,FALSE,No predefined exception
PAY-001895,INV-779129,2/6/2026,2025-26,2026-02,Municipal Services,V0066,Supplier 066,Office Supplies,Standing Offer,PO-48921,"$5,744.46",Yes,EFT,FALSE,FALSE,FALSE,FALSE,FALSE,FALSE,FALSE,FALSE,0,Routine,FALSE,No predefined exception
PAY-000894,INV-141025,2/6/2026,2025-26,2026-02,Health Services,V0007,Supplier 007,Office Supplies,Sole Source,PO-34610,"$2,491.68",Yes,EFT,FALSE,FALSE,FALSE,FALSE,FALSE,FALSE,FALSE,FALSE,0,Routine,FALSE,No predefined exception
PAY-001354,INV-826989,2/7/2026,2025-26,2026-02,Transportation & Infrastructure,V0008,Supplier 008,Transportation Services,Open Competition,PO-47309,$926.83,Yes,EFT,FALSE,FALSE,FALSE,FALSE,FALSE,FALSE,FALSE,FALSE,0,Routine,FALSE,No predefined exception
PAY-001253,INV-804463,2/7/2026,2025-26,2026-02,Transportation & Infrastructure,V0013,Supplier 013,Professional Services,Open Competition,PO-23587,"$3,888.37",No,EFT,FALSE,FALSE,FALSE,FALSE,FALSE,FALSE,FALSE,TRUE,3,Moderate,TRUE,Approval exception
PAY-000778,INV-832318,2/7/2026,2025-26,2026-02,Justice & Public Safety,V0007,Supplier 007,Building Maintenance,Standing Offer,PO-82178,"$8,718.73",Yes,EFT,FALSE,FALSE,FALSE,FALSE,FALSE,FALSE,FALSE,FALSE,0,Routine,FALSE,No predefined exception
PAY-001164,INV-281062,2/7/2026,2025-26,2026-02,Justice & Public Safety,V0014,Supplier 014,Software & Licensing,Open Competition,PO-89543,"$8,792.44",Yes,EFT,FALSE,FALSE,FALSE,FALSE,FALSE,FALSE,FALSE,FALSE,0,Routine,FALSE,No predefined exception
PAY-000381,INV-706306,2/7/2026,2025-26,2026-02,Health Services,V0048,Supplier 048,Equipment,Standing Offer,PO-94502,"$1,622.42",Yes,Cheque,FALSE,FALSE,FALSE,FALSE,FALSE,FALSE,FALSE,FALSE,0,Routine,FALSE,No predefined exception
PAY-001557,INV-440134,2/7/2026,2025-26,2026-02,Municipal Services,V0080,Supplier 080,Training,Standing Offer,PO-43307,"$2,503.41",Yes,EFT,FALSE,FALSE,FALSE,FALSE,FALSE,FALSE,FALSE,FALSE,0,Routine,FALSE,No predefined exception
PAY-001989,INV-129086,2/7/2026,2025-26,2026-02,Natural Resources,V0013,Supplier 013,Transportation Services,Open Competition,PO-98215,$972.19,Yes,EFT,FALSE,FALSE,FALSE,FALSE,FALSE,FALSE,FALSE,FALSE,0,Routine,FALSE,No predefined exception
PAY-001172,INV-598095,2/7/2026,2025-26,2026-02,Education,V0047,Supplier 047,Building Maintenance,Open Competition,PO-43390,"$6,204.46",Yes,EFT,FALSE,FALSE,FALSE,FALSE,FALSE,FALSE,FALSE,FALSE,0,Routine,FALSE,No predefined exception
PAY-001655,INV-334955,2/8/2026,2025-26,2026-02,Natural Resources,V0048,Supplier 048,Transportation Services,Standing Offer,PO-33885,"$2,402.36",Yes,Cheque,FALSE,FALSE,FALSE,FALSE,FALSE,FALSE,FALSE,FALSE,0,Routine,FALSE,No predefined exception
PAY-001863,INV-462681,2/8/2026,2025-26,2026-02,Health Services,V0056,Supplier 056,Office Supplies,Standing Offer,PO-18292,"$3,792.99",Yes,EFT,FALSE,FALSE,FALSE,FALSE,FALSE,FALSE,FALSE,FALSE,0,Routine,FALSE,No predefined exception
PAY-000402,INV-871271,2/8/2026,2025-26,2026-02,Transportation & Infrastructure,V0068,Supplier 068,Building Maintenance,Open Competition,PO-76935,"$2,447.81",Yes,EFT,FALSE,FALSE,FALSE,FALSE,FALSE,FALSE,FALSE,FALSE,0,Routine,FALSE,No predefined exception
PAY-000025,INV-125739,2/8/2026,2025-26,2026-02,Municipal Services,V0044,Supplier 044,Office Supplies,Open Competition,PO-50459,"$1,989.10",Yes,EFT,FALSE,FALSE,FALSE,FALSE,FALSE,FALSE,FALSE,FALSE,0,Routine,FALSE,No predefined exception
PAY-002483,INV-352515,2/8/2026,2025-26,2026-02,Natural Resources,V0064,Supplier 064,Software & Licensing,Standing Offer,PO-19827,"$2,416.28",Yes,EFT,FALSE,FALSE,FALSE,FALSE,FALSE,FALSE,FALSE,FALSE,0,Routine,FALSE,No predefined exception
PAY-000534,INV-823953,2/8/2026,2025-26,2026-02,Municipal Services,V0073,Supplier 073,Training,Sole Source,PO-41536,$371.22,No,EFT,FALSE,FALSE,FALSE,FALSE,FALSE,FALSE,FALSE,TRUE,3,Moderate,TRUE,Approval exception
PAY-000191,INV-894865,2/9/2026,2025-26,2026-02,Natural Resources,V0025,Supplier 025,Equipment,Open Competition,PO-87364,$722.93,Yes,Corporate Card,FALSE,FALSE,FALSE,FALSE,FALSE,FALSE,FALSE,FALSE,0,Routine,FALSE,No predefined exception
PAY-001467,INV-266562,2/9/2026,2025-26,2026-02,Health Services,V0019,Supplier 019,Equipment,Open Competition,PO-13819,"$1,837.30",Yes,EFT,FALSE,FALSE,FALSE,FALSE,FALSE,FALSE,FALSE,FALSE,0,Routine,FALSE,No predefined exception
PAY-000735,INV-981809,2/9/2026,2025-26,2026-02,Justice & Public Safety,V0007,Supplier 007,Professional Services,Open Competition,PO-94343,"$2,664.11",Yes,EFT,FALSE,FALSE,FALSE,FALSE,FALSE,FALSE,FALSE,FALSE,0,Routine,FALSE,No predefined exception
PAY-001774,INV-961864,2/10/2026,2025-26,2026-02,Justice & Public Safety,V0007,Supplier 007,Professional Services,Open Competition,PO-15974,"$3,004.10",Yes,EFT,FALSE,FALSE,FALSE,FALSE,FALSE,FALSE,FALSE,FALSE,0,Routine,FALSE,No predefined exception
PAY-002366,INV-847365,2/10/2026,2025-26,2026-02,Justice & Public Safety,V0080,Supplier 080,Building Maintenance,Invitational,PO-39483,"$2,473.68",Yes,EFT,FALSE,FALSE,FALSE,FALSE,FALSE,FALSE,FALSE,FALSE,0,Routine,FALSE,No predefined exception
PAY-001954,INV-234585,2/10/2026,2025-26,2026-02,Health Services,V0006,Supplier 006,Software & Licensing,Open Competition,PO-70109,"$3,130.59",Yes,Cheque,FALSE,FALSE,FALSE,FALSE,FALSE,FALSE,FALSE,FALSE,0,Routine,FALSE,No predefined exception
PAY-001040,INV-631458,2/10/2026,2025-26,2026-02,Digital Government,V0019,Supplier 019,Building Maintenance,Open Competition,,"$8,857.91",Yes,Corporate Card,FALSE,FALSE,TRUE,FALSE,FALSE,FALSE,FALSE,FALSE,1,Routine,FALSE,Missing purchase order
PAY-000050,INV-882119,2/10/2026,2025-26,2026-02,Transportation & Infrastructure,V0017,Supplier 017,Construction Services,Open Competition,PO-67148,"$2,157.01",Yes,EFT,FALSE,FALSE,FALSE,FALSE,FALSE,FALSE,FALSE,FALSE,0,Routine,FALSE,No predefined exception
PAY-002280,INV-991255,2/10/2026,2025-26,2026-02,Transportation & Infrastructure,V0027,Supplier 027,Professional Services,Open Competition,,$913.81,Yes,EFT,FALSE,FALSE,TRUE,FALSE,FALSE,FALSE,FALSE,FALSE,1,Routine,FALSE,Missing purchase order
PAY-001610,INV-860649,2/10/2026,2025-26,2026-02,Municipal Services,V0069,Supplier 069,IT Hardware,Open Competition,PO-51026,"$2,611.62",Yes,Cheque,FALSE,FALSE,FALSE,FALSE,FALSE,FALSE,FALSE,FALSE,0,Routine,FALSE,No predefined exception
PAY-000695,INV-151012,2/10/2026,2025-26,2026-02,Digital Government,V0038,Supplier 038,Software & Licensing,Open Competition,PO-40796,"$2,565.77",Yes,EFT,FALSE,FALSE,FALSE,FALSE,FALSE,FALSE,FALSE,FALSE,0,Routine,FALSE,No predefined exception
PAY-002114,INV-884278,2/10/2026,2025-26,2026-02,Natural Resources,V0040,Supplier 040,Professional Services,Sole Source,PO-76436,$781.90,Yes,EFT,FALSE,FALSE,FALSE,FALSE,FALSE,FALSE,FALSE,FALSE,0,Routine,FALSE,No predefined exception
PAY-002423,INV-576492,2/10/2026,2025-26,2026-02,Health Services,V0001,Supplier 001,Training,Sole Source,PO-14876,"$3,486.86",Yes,Cheque,FALSE,FALSE,FALSE,FALSE,FALSE,FALSE,FALSE,FALSE,0,Routine,FALSE,No predefined exception
PAY-001141,INV-937566,2/10/2026,2025-26,2026-02,Education,V0021,Supplier 021,Equipment,Open Competition,PO-81678,"$14,777.41",Yes,EFT,FALSE,FALSE,FALSE,FALSE,TRUE,FALSE,FALSE,FALSE,2,Moderate,TRUE,Statistical amount outlier
PAY-000380,INV-497595,2/10/2026,2025-26,2026-02,Transportation & Infrastructure,V0004,Supplier 004,Professional Services,Invitational,PO-28394,"$5,668.59",Yes,EFT,FALSE,FALSE,FALSE,FALSE,FALSE,FALSE,FALSE,FALSE,0,Routine,FALSE,No predefined exception
PAY-000323,INV-955012,2/11/2026,2025-26,2026-02,Education,V0066,Supplier 066,Construction Services,Standing Offer,PO-34744,"$1,865.10",Yes,EFT,FALSE,FALSE,FALSE,FALSE,FALSE,FALSE,FALSE,FALSE,0,Routine,FALSE,No predefined exception
PAY-000661,INV-586517,2/11/2026,2025-26,2026-02,Municipal Services,V0018,Supplier 018,Office Supplies,Sole Source,PO-60907,"$14,838.26",Yes,Corporate Card,FALSE,FALSE,FALSE,FALSE,TRUE,TRUE,FALSE,FALSE,4,Higher,TRUE,Statistical amount outlier; Higher-value sole-source transaction
PAY-000846,INV-629783,2/11/2026,2025-26,2026-02,Transportation & Infrastructure,V0015,Supplier 015,Professional Services,Standing Offer,PO-45780,"$1,940.36",Yes,EFT,FALSE,FALSE,FALSE,FALSE,FALSE,FALSE,FALSE,FALSE,0,Routine,FALSE,No predefined exception
PAY-000647,INV-124502,2/11/2026,2025-26,2026-02,Health Services,V0071,Supplier 071,Equipment,Standing Offer,PO-74344,"$3,687.83",Yes,EFT,FALSE,FALSE,FALSE,FALSE,FALSE,FALSE,FALSE,FALSE,0,Routine,FALSE,No predefined exception
PAY-001842,INV-424036,2/11/2026,2025-26,2026-02,Health Services,V0005,Supplier 005,Construction Services,Standing Offer,PO-64784,"$1,973.56",Yes,EFT,FALSE,FALSE,FALSE,FALSE,FALSE,FALSE,FALSE,FALSE,0,Routine,FALSE,No predefined exception
PAY-001953,INV-749983,2/12/2026,2025-26,2026-02,Transportation & Infrastructure,V0016,Supplier 016,Office Supplies,Open Competition,PO-22818,"$1,271.45",Yes,EFT,FALSE,FALSE,FALSE,FALSE,FALSE,FALSE,FALSE,FALSE,0,Routine,FALSE,No predefined exception
PAY-000184,INV-708811,2/12/2026,2025-26,2026-02,Education,V0050,Supplier 050,Training,Sole Source,PO-81121,"$2,720.27",Yes,EFT,FALSE,FALSE,FALSE,FALSE,FALSE,FALSE,FALSE,FALSE,0,Routine,FALSE,No predefined exception
PAY-000441,INV-345160,2/12/2026,2025-26,2026-02,Health Services,V0033,Supplier 033,Professional Services,Sole Source,PO-19096,"$2,690.56",Yes,EFT,FALSE,FALSE,FALSE,FALSE,FALSE,FALSE,FALSE,FALSE,0,Routine,FALSE,No predefined exception
PAY-000197,INV-311655,2/12/2026,2025-26,2026-02,Health Services,V0056,Supplier 056,Software & Licensing,Open Competition,PO-86831,$894.58,Yes,EFT,FALSE,FALSE,FALSE,FALSE,FALSE,FALSE,FALSE,FALSE,0,Routine,FALSE,No predefined exception
PAY-001023,INV-518779,2/12/2026,2025-26,2026-02,Education,V0029,Supplier 029,Construction Services,Open Competition,PO-63756,"$2,756.61",Yes,EFT,FALSE,FALSE,FALSE,FALSE,FALSE,FALSE,FALSE,FALSE,0,Routine,FALSE,No predefined exception
PAY-001507,INV-618953,2/12/2026,2025-26,2026-02,Transportation & Infrastructure,V0064,Supplier 064,Building Maintenance,Invitational,PO-57711,"$2,445.39",Yes,EFT,FALSE,FALSE,FALSE,FALSE,FALSE,FALSE,FALSE,FALSE,0,Routine,FALSE,No predefined exception
PAY-001435,INV-666134,2/12/2026,2025-26,2026-02,Digital Government,V0017,Supplier 017,Professional Services,Open Competition,PO-80803,$388.68,Yes,EFT,FALSE,FALSE,FALSE,FALSE,FALSE,FALSE,FALSE,FALSE,0,Routine,FALSE,No predefined exception
PAY-001857,INV-189876,2/12/2026,2025-26,2026-02,Health Services,V0060,Supplier 060,Building Maintenance,Standing Offer,PO-71731,"$2,057.23",Yes,EFT,FALSE,FALSE,FALSE,FALSE,FALSE,FALSE,FALSE,FALSE,0,Routine,FALSE,No predefined exception
PAY-001220,INV-584353,2/12/2026,2025-26,2026-02,Justice & Public Safety,V0080,Supplier 080,Training,Open Competition,PO-77569,"$2,745.78",Yes,EFT,FALSE,FALSE,FALSE,FALSE,FALSE,FALSE,FALSE,FALSE,0,Routine,FALSE,No predefined exception
PAY-001855,INV-411072,2/12/2026,2025-26,2026-02,Justice & Public Safety,V0057,Supplier 057,IT Hardware,Standing Offer,PO-75446,"$2,376.68",Yes,EFT,FALSE,FALSE,FALSE,FALSE,FALSE,FALSE,FALSE,FALSE,0,Routine,FALSE,No predefined exception
PAY-001618,INV-377749,2/12/2026,2025-26,2026-02,Digital Government,V0042,Supplier 042,IT Hardware,Open Competition,PO-34435,"$3,199.93",Yes,EFT,FALSE,FALSE,FALSE,FALSE,FALSE,FALSE,FALSE,FALSE,0,Routine,FALSE,No predefined exception
PAY-001786,INV-335851,2/13/2026,2025-26,2026-02,Transportation & Infrastructure,V0062,Supplier 062,Equipment,Invitational,PO-15282,$381.84,Yes,EFT,FALSE,FALSE,FALSE,FALSE,FALSE,FALSE,FALSE,FALSE,0,Routine,FALSE,No predefined exception
PAY-001237,INV-566690,2/13/2026,2025-26,2026-02,Justice & Public Safety,V0049,Supplier 049,Software & Licensing,Standing Offer,PO-68336,"$2,060.24",Yes,EFT,FALSE,FALSE,FALSE,FALSE,FALSE,FALSE,FALSE,FALSE,0,Routine,FALSE,No predefined exception
PAY-000869,INV-358916,2/13/2026,2025-26,2026-02,Municipal Services,V0052,Supplier 052,Transportation Services,Standing Offer,,"$3,020.60",Yes,EFT,FALSE,FALSE,TRUE,FALSE,FALSE,FALSE,FALSE,FALSE,1,Routine,FALSE,Missing purchase order
PAY-001688,INV-154943,2/13/2026,2025-26,2026-02,Municipal Services,V0015,Supplier 015,Software & Licensing,Sole Source,PO-17461,"$1,254.96",Yes,EFT,FALSE,FALSE,FALSE,FALSE,FALSE,FALSE,FALSE,FALSE,0,Routine,FALSE,No predefined exception
PAY-001536,INV-181171,2/13/2026,2025-26,2026-02,Municipal Services,V0005,Supplier 005,Transportation Services,Invitational,PO-97687,$954.43,Yes,EFT,FALSE,FALSE,FALSE,FALSE,FALSE,FALSE,FALSE,FALSE,0,Routine,FALSE,No predefined exception
PAY-001013,INV-398845,2/13/2026,2025-26,2026-02,Transportation & Infrastructure,V0035,Supplier 035,Equipment,Open Competition,PO-81762,"$4,080.72",Yes,EFT,FALSE,FALSE,FALSE,FALSE,FALSE,FALSE,FALSE,FALSE,0,Routine,FALSE,No predefined exception
PAY-001166,INV-556104,2/13/2026,2025-26,2026-02,Digital Government,V0063,Supplier 063,Training,Sole Source,PO-94006,"$2,940.21",No,EFT,FALSE,FALSE,FALSE,FALSE,FALSE,FALSE,FALSE,TRUE,3,Moderate,TRUE,Approval exception
PAY-000434,INV-193246,2/13/2026,2025-26,2026-02,Municipal Services,V0077,Supplier 077,Building Maintenance,Open Competition,PO-20726,"$2,432.88",Yes,EFT,FALSE,FALSE,FALSE,FALSE,FALSE,FALSE,FALSE,FALSE,0,Routine,FALSE,No predefined exception
PAY-000995,INV-132930,2/14/2026,2025-26,2026-02,Health Services,V0048,Supplier 048,Transportation Services,Open Competition,PO-38077,"$7,103.57",Yes,EFT,FALSE,FALSE,FALSE,FALSE,FALSE,FALSE,FALSE,FALSE,0,Routine,FALSE,No predefined exception
PAY-001797,INV-789566,2/14/2026,2025-26,2026-02,Health Services,V0046,Supplier 046,Software & Licensing,Standing Offer,PO-41593,$534.38,Yes,EFT,FALSE,FALSE,FALSE,FALSE,FALSE,FALSE,FALSE,FALSE,0,Routine,FALSE,No predefined exception
PAY-001033,INV-944124,2/14/2026,2025-26,2026-02,Justice & Public Safety,V0066,Supplier 066,Transportation Services,Open Competition,PO-61996,"$2,073.50",Yes,EFT,FALSE,FALSE,FALSE,FALSE,FALSE,FALSE,FALSE,FALSE,0,Routine,FALSE,No predefined exception
PAY-001031,INV-746290,2/14/2026,2025-26,2026-02,Health Services,V0004,Supplier 004,Transportation Services,Standing Offer,PO-82053,"$5,434.69",Yes,EFT,FALSE,FALSE,FALSE,FALSE,FALSE,FALSE,FALSE,FALSE,0,Routine,FALSE,No predefined exception
PAY-000041,INV-892879,2/14/2026,2025-26,2026-02,Transportation & Infrastructure,V0066,Supplier 066,Construction Services,Open Competition,PO-70445,"$1,061.91",Yes,EFT,FALSE,FALSE,FALSE,FALSE,FALSE,FALSE,FALSE,FALSE,0,Routine,FALSE,No predefined exception
PAY-002247,INV-743784,2/14/2026,2025-26,2026-02,Health Services,V0053,Supplier 053,Training,Invitational,PO-35483,"$1,581.83",Yes,EFT,FALSE,FALSE,FALSE,FALSE,FALSE,FALSE,FALSE,FALSE,0,Routine,FALSE,No predefined exception
PAY-001752,INV-993544,2/14/2026,2025-26,2026-02,Municipal Services,V0029,Supplier 029,Office Supplies,Open Competition,PO-67175,"$10,577.32",Yes,EFT,FALSE,FALSE,FALSE,FALSE,TRUE,FALSE,FALSE,FALSE,2,Moderate,TRUE,Statistical amount outlier
PAY-001252,INV-593027,2/15/2026,2025-26,2026-02,Education,V0049,Supplier 049,IT Hardware,Standing Offer,PO-47871,"$2,156.67",No,EFT,FALSE,FALSE,FALSE,FALSE,FALSE,FALSE,FALSE,TRUE,3,Moderate,TRUE,Approval exception
PAY-002401,INV-145712,2/15/2026,2025-26,2026-02,Municipal Services,V0053,Supplier 053,Transportation Services,Standing Offer,PO-84577,"$4,347.89",Yes,EFT,FALSE,FALSE,FALSE,FALSE,FALSE,FALSE,FALSE,FALSE,0,Routine,FALSE,No predefined exception
PAY-001012,INV-458234,2/15/2026,2025-26,2026-02,Digital Government,V0066,Supplier 066,IT Hardware,Open Competition,PO-69767,"$2,337.73",Yes,EFT,FALSE,FALSE,FALSE,FALSE,FALSE,FALSE,FALSE,FALSE,0,Routine,FALSE,No predefined exception
PAY-000385,INV-803713,2/15/2026,2025-26,2026-02,Health Services,V0074,Supplier 074,Construction Services,Invitational,PO-31863,"$2,981.63",Yes,EFT,FALSE,FALSE,FALSE,FALSE,FALSE,FALSE,FALSE,FALSE,0,Routine,FALSE,No predefined exception
PAY-000620,INV-210084,2/15/2026,2025-26,2026-02,Digital Government,V0071,Supplier 071,Building Maintenance,Standing Offer,,"$10,204.25",Yes,EFT,FALSE,FALSE,TRUE,FALSE,TRUE,FALSE,FALSE,FALSE,3,Moderate,TRUE,Missing purchase order; Statistical amount outlier
PAY-002335,INV-654636,2/15/2026,2025-26,2026-02,Health Services,V0044,Supplier 044,Training,Standing Offer,PO-35592,"$4,997.02",Yes,EFT,FALSE,FALSE,FALSE,FALSE,FALSE,FALSE,FALSE,FALSE,0,Routine,FALSE,No predefined exception
PAY-001090,INV-454388,2/16/2026,2025-26,2026-02,Natural Resources,V0044,Supplier 044,Office Supplies,Open Competition,PO-10767,"$3,697.69",Yes,EFT,FALSE,FALSE,FALSE,FALSE,FALSE,FALSE,FALSE,FALSE,0,Routine,FALSE,No predefined exception
PAY-000391,INV-420057,2/16/2026,2025-26,2026-02,Education,V0059,Supplier 059,IT Hardware,Open Competition,PO-33321,"$1,870.57",Yes,EFT,FALSE,FALSE,FALSE,FALSE,FALSE,FALSE,FALSE,FALSE,0,Routine,FALSE,No predefined exception
PAY-000351,INV-742710,2/17/2026,2025-26,2026-02,Transportation & Infrastructure,V0009,Supplier 009,Software & Licensing,Standing Offer,PO-68369,"$300,000.00",Yes,EFT,FALSE,FALSE,FALSE,FALSE,TRUE,FALSE,FALSE,FALSE,2,Moderate,TRUE,Statistical amount outlier
PAY-000358,INV-535686,2/17/2026,2025-26,2026-02,Transportation & Infrastructure,V0005,Supplier 005,Professional Services,Open Competition,PO-69829,"$175,000.00",Yes,Cheque,FALSE,FALSE,FALSE,FALSE,TRUE,FALSE,FALSE,FALSE,2,Moderate,TRUE,Statistical amount outlier
PAY-002357,INV-201735,2/17/2026,2025-26,2026-02,Justice & Public Safety,V0080,Supplier 080,Software & Licensing,Open Competition,PO-42225,"$1,241.54",No,EFT,FALSE,FALSE,FALSE,FALSE,FALSE,FALSE,FALSE,TRUE,3,Moderate,TRUE,Approval exception
PAY-002252,INV-490857,2/17/2026,2025-26,2026-02,Justice & Public Safety,V0048,Supplier 048,Transportation Services,Open Competition,PO-28481,"$2,549.33",Yes,EFT,FALSE,FALSE,FALSE,FALSE,FALSE,FALSE,FALSE,FALSE,0,Routine,FALSE,No predefined exception
PAY-001255,INV-659119,2/17/2026,2025-26,2026-02,Transportation & Infrastructure,V0017,Supplier 017,Software & Licensing,Invitational,PO-32438,"$1,280.19",No,EFT,FALSE,FALSE,FALSE,FALSE,FALSE,FALSE,FALSE,TRUE,3,Moderate,TRUE,Approval exception
PAY-001590,INV-865644,2/17/2026,2025-26,2026-02,Health Services,V0020,Supplier 020,Transportation Services,Open Competition,PO-67883,"$3,313.46",Yes,EFT,FALSE,FALSE,FALSE,FALSE,FALSE,FALSE,FALSE,FALSE,0,Routine,FALSE,No predefined exception
PAY-001622,INV-437547,2/17/2026,2025-26,2026-02,Education,V0068,Supplier 068,Software & Licensing,Open Competition,PO-92641,"$2,675.37",Yes,EFT,FALSE,FALSE,FALSE,FALSE,FALSE,FALSE,FALSE,FALSE,0,Routine,FALSE,No predefined exception
PAY-000512,INV-531739,2/17/2026,2025-26,2026-02,Digital Government,V0057,Supplier 057,IT Hardware,Standing Offer,PO-89395,$717.82,Yes,EFT,FALSE,FALSE,FALSE,FALSE,FALSE,FALSE,FALSE,FALSE,0,Routine,FALSE,No predefined exception
PAY-001697,INV-632249,2/18/2026,2025-26,2026-02,Municipal Services,V0054,Supplier 054,Construction Services,Open Competition,PO-11755,$302.75,Yes,EFT,FALSE,FALSE,FALSE,FALSE,FALSE,FALSE,FALSE,FALSE,0,Routine,FALSE,No predefined exception
PAY-001522,INV-292180,2/18/2026,2025-26,2026-02,Municipal Services,V0024,Supplier 024,Construction Services,Standing Offer,PO-57377,"$3,612.50",Yes,EFT,FALSE,FALSE,FALSE,FALSE,FALSE,FALSE,FALSE,FALSE,0,Routine,FALSE,No predefined exception
PAY-000222,INV-734649,2/18/2026,2025-26,2026-02,Education,V0052,Supplier 052,Office Supplies,Standing Offer,PO-43158,"$9,900.00",Yes,EFT,FALSE,FALSE,FALSE,TRUE,TRUE,FALSE,FALSE,FALSE,4,Higher,TRUE,Near hypothetical threshold; Statistical amount outlier
PAY-001110,INV-955695,2/18/2026,2025-26,2026-02,Health Services,V0043,Supplier 043,Construction Services,Sole Source,PO-53725,"$50,957.78",No,Corporate Card,FALSE,FALSE,FALSE,FALSE,TRUE,TRUE,FALSE,TRUE,7,Higher,TRUE,Statistical amount outlier; Approval exception; Higher-value sole-source transaction
PAY-002157,INV-671238,2/18/2026,2025-26,2026-02,Digital Government,V0041,Supplier 041,Transportation Services,Standing Offer,PO-76469,"$1,093.08",Yes,EFT,FALSE,FALSE,FALSE,FALSE,FALSE,FALSE,FALSE,FALSE,0,Routine,FALSE,No predefined exception
PAY-002093,INV-930445,2/18/2026,2025-26,2026-02,Municipal Services,V0034,Supplier 034,IT Hardware,Open Competition,,"$1,382.95",Yes,EFT,FALSE,FALSE,TRUE,FALSE,FALSE,FALSE,FALSE,FALSE,1,Routine,FALSE,Missing purchase order
PAY-000984,INV-747999,2/18/2026,2025-26,2026-02,Natural Resources,V0067,Supplier 067,Equipment,Open Competition,PO-58756,"$7,045.04",Yes,EFT,FALSE,FALSE,FALSE,FALSE,FALSE,FALSE,FALSE,FALSE,0,Routine,FALSE,No predefined exception
PAY-001144,INV-194455,2/18/2026,2025-26,2026-02,Education,V0026,Supplier 026,IT Hardware,Sole Source,PO-52882,"$11,404.04",Yes,EFT,FALSE,FALSE,FALSE,FALSE,TRUE,TRUE,FALSE,FALSE,4,Higher,TRUE,Statistical amount outlier; Higher-value sole-source transaction
PAY-002017,INV-963460,2/19/2026,2025-26,2026-02,Municipal Services,V0030,Supplier 030,Training,Invitational,PO-73492,"$2,009.49",Yes,Cheque,FALSE,FALSE,FALSE,FALSE,FALSE,FALSE,FALSE,FALSE,0,Routine,FALSE,No predefined exception
PAY-001951,INV-804397,2/19/2026,2025-26,2026-02,Municipal Services,V0003,Supplier 003,IT Hardware,Open Competition,PO-23144,$319.37,No,Corporate Card,FALSE,FALSE,FALSE,FALSE,FALSE,FALSE,FALSE,TRUE,3,Moderate,TRUE,Approval exception
PAY-000229,INV-739207,2/19/2026,2025-26,2026-02,Health Services,V0011,Supplier 011,Equipment,Open Competition,PO-50916,"$9,950.00",Yes,EFT,FALSE,FALSE,FALSE,TRUE,TRUE,FALSE,FALSE,FALSE,4,Higher,TRUE,Near hypothetical threshold; Statistical amount outlier
PAY-000487,INV-453330,2/19/2026,2025-26,2026-02,Education,V0024,Supplier 024,Transportation Services,Open Competition,PO-11042,$491.66,Yes,EFT,FALSE,FALSE,FALSE,FALSE,FALSE,FALSE,FALSE,FALSE,0,Routine,FALSE,No predefined exception
PAY-000496,INV-433260,2/19/2026,2025-26,2026-02,Justice & Public Safety,V0037,Supplier 037,Office Supplies,Standing Offer,PO-32188,$316.17,Yes,EFT,FALSE,FALSE,FALSE,FALSE,FALSE,FALSE,FALSE,FALSE,0,Routine,FALSE,No predefined exception
PAY-001961,INV-265912,2/20/2026,2025-26,2026-02,Municipal Services,V0049,Supplier 049,Construction Services,Open Competition,PO-57674,"$1,859.31",Yes,EFT,FALSE,FALSE,FALSE,FALSE,FALSE,FALSE,FALSE,FALSE,0,Routine,FALSE,No predefined exception
PAY-002295,INV-927543,2/20/2026,2025-26,2026-02,Health Services,V0024,Supplier 024,Professional Services,Open Competition,PO-81868,$319.62,Yes,EFT,FALSE,FALSE,FALSE,FALSE,FALSE,FALSE,FALSE,FALSE,0,Routine,FALSE,No predefined exception
PAY-001337,INV-858673,2/20/2026,2025-26,2026-02,Digital Government,V0037,Supplier 037,IT Hardware,Standing Offer,PO-40611,"$1,598.99",Yes,EFT,FALSE,FALSE,FALSE,FALSE,FALSE,FALSE,FALSE,FALSE,0,Routine,FALSE,No predefined exception
PAY-000238,INV-964785,2/20/2026,2025-26,2026-02,Natural Resources,V0065,Supplier 065,Equipment,Invitational,PO-59835,"$4,392.31",Yes,EFT,FALSE,FALSE,FALSE,FALSE,FALSE,FALSE,FALSE,FALSE,0,Routine,FALSE,No predefined exception
PAY-000848,INV-766627,2/20/2026,2025-26,2026-02,Health Services,V0049,Supplier 049,Building Maintenance,Standing Offer,PO-97175,"$5,640.12",Yes,EFT,FALSE,FALSE,FALSE,FALSE,FALSE,FALSE,FALSE,FALSE,0,Routine,FALSE,No predefined exception
PAY-002143,INV-851943,2/20/2026,2025-26,2026-02,Health Services,V0002,Supplier 002,Equipment,Standing Offer,PO-21964,"$1,036.96",Yes,EFT,FALSE,FALSE,FALSE,FALSE,FALSE,FALSE,FALSE,FALSE,0,Routine,FALSE,No predefined exception
PAY-000982,INV-800146,2/20/2026,2025-26,2026-02,Health Services,V0038,Supplier 038,Building Maintenance,Standing Offer,PO-57818,"$17,779.79",Yes,EFT,FALSE,FALSE,FALSE,FALSE,TRUE,FALSE,FALSE,FALSE,2,Moderate,TRUE,Statistical amount outlier
PAY-001684,INV-616394,2/20/2026,2025-26,2026-02,Justice & Public Safety,V0048,Supplier 048,IT Hardware,Open Competition,PO-23978,"$4,473.52",Yes,EFT,FALSE,FALSE,FALSE,FALSE,FALSE,FALSE,FALSE,FALSE,0,Routine,FALSE,No predefined exception
PAY-000408,INV-118830,2/20/2026,2025-26,2026-02,Justice & Public Safety,V0057,Supplier 057,Software & Licensing,Open Competition,PO-52861,$705.24,Yes,EFT,FALSE,FALSE,FALSE,FALSE,FALSE,FALSE,FALSE,FALSE,0,Routine,FALSE,No predefined exception
PAY-001214,INV-982693,2/21/2026,2025-26,2026-02,Transportation & Infrastructure,V0039,Supplier 039,Transportation Services,Standing Offer,PO-72396,"$1,228.98",Yes,EFT,FALSE,FALSE,FALSE,FALSE,FALSE,FALSE,FALSE,FALSE,0,Routine,FALSE,No predefined exception
PAY-000623,INV-441701,2/21/2026,2025-26,2026-02,Natural Resources,V0014,Supplier 014,Training,Open Competition,,"$3,446.81",Yes,EFT,FALSE,FALSE,TRUE,FALSE,FALSE,FALSE,FALSE,FALSE,1,Routine,FALSE,Missing purchase order
PAY-000154,INV-209876,2/21/2026,2025-26,2026-02,Justice & Public Safety,V0053,Supplier 053,Professional Services,Open Competition,PO-66327,"$1,395.57",Yes,EFT,FALSE,FALSE,FALSE,FALSE,FALSE,FALSE,FALSE,FALSE,0,Routine,FALSE,No predefined exception
PAY-000097,INV-515685,2/21/2026,2025-26,2026-02,Municipal Services,V0067,Supplier 067,Building Maintenance,Open Competition,PO-29638,"$1,067.22",Yes,Cheque,FALSE,FALSE,FALSE,FALSE,FALSE,FALSE,FALSE,FALSE,0,Routine,FALSE,No predefined exception
PAY-001257,INV-855664,2/22/2026,2025-26,2026-02,Natural Resources,V0044,Supplier 044,Software & Licensing,Standing Offer,PO-23696,"$1,879.98",No,EFT,FALSE,FALSE,FALSE,FALSE,FALSE,FALSE,FALSE,TRUE,3,Moderate,TRUE,Approval exception
PAY-001466,INV-498635,2/22/2026,2025-26,2026-02,Municipal Services,V0026,Supplier 026,Training,Open Competition,PO-24859,"$3,700.46",Yes,EFT,FALSE,FALSE,FALSE,FALSE,FALSE,FALSE,FALSE,FALSE,0,Routine,FALSE,No predefined exception
PAY-001147,INV-275405,2/22/2026,2025-26,2026-02,Justice & Public Safety,V0001,Supplier 001,Building Maintenance,Open Competition,PO-47206,"$2,227.52",Yes,EFT,FALSE,FALSE,FALSE,FALSE,FALSE,FALSE,FALSE,FALSE,0,Routine,FALSE,No predefined exception
PAY-000113,INV-594829,2/22/2026,2025-26,2026-02,Justice & Public Safety,V0080,Supplier 080,IT Hardware,Standing Offer,PO-29606,"$5,752.63",Yes,EFT,FALSE,FALSE,FALSE,FALSE,FALSE,FALSE,FALSE,FALSE,0,Routine,FALSE,No predefined exception
PAY-001852,INV-459181,2/22/2026,2025-26,2026-02,Justice & Public Safety,V0033,Supplier 033,Transportation Services,Sole Source,PO-57683,"$3,505.42",Yes,EFT,FALSE,FALSE,FALSE,FALSE,FALSE,FALSE,FALSE,FALSE,0,Routine,FALSE,No predefined exception
PAY-002067,INV-283024,2/22/2026,2025-26,2026-02,Natural Resources,V0050,Supplier 050,Transportation Services,Standing Offer,,"$2,483.47",Yes,Cheque,FALSE,FALSE,TRUE,FALSE,FALSE,FALSE,FALSE,FALSE,1,Routine,FALSE,Missing purchase order
PAY-001055,INV-792289,2/22/2026,2025-26,2026-02,Digital Government,V0004,Supplier 004,Office Supplies,Sole Source,PO-49028,"$4,561.37",Yes,EFT,FALSE,FALSE,FALSE,FALSE,FALSE,FALSE,FALSE,FALSE,0,Routine,FALSE,No predefined exception
PAY-001035,INV-923932,2/22/2026,2025-26,2026-02,Justice & Public Safety,V0007,Supplier 007,Construction Services,Sole Source,PO-41976,"$1,791.19",Yes,EFT,FALSE,FALSE,FALSE,FALSE,FALSE,FALSE,FALSE,FALSE,0,Routine,FALSE,No predefined exception
PAY-002128,INV-954295,2/22/2026,2025-26,2026-02,Natural Resources,V0079,Supplier 079,Transportation Services,Standing Offer,PO-26820,$894.84,Yes,EFT,FALSE,FALSE,FALSE,FALSE,FALSE,FALSE,FALSE,FALSE,0,Routine,FALSE,No predefined exception
PAY-001605,INV-710961,2/22/2026,2025-26,2026-02,Justice & Public Safety,V0029,Supplier 029,Equipment,Invitational,PO-28217,"$1,780.54",Yes,EFT,FALSE,FALSE,FALSE,FALSE,FALSE,FALSE,FALSE,FALSE,0,Routine,FALSE,No predefined exception
PAY-000046,INV-482650,2/23/2026,2025-26,2026-02,Education,V0006,Supplier 006,IT Hardware,Invitational,PO-74546,"$1,611.74",Yes,EFT,FALSE,FALSE,FALSE,FALSE,FALSE,FALSE,FALSE,FALSE,0,Routine,FALSE,No predefined exception
PAY-001584,INV-560522,2/23/2026,2025-26,2026-02,Health Services,V0038,Supplier 038,Training,Open Competition,PO-81812,"$3,217.52",Yes,EFT,FALSE,FALSE,FALSE,FALSE,FALSE,FALSE,FALSE,FALSE,0,Routine,FALSE,No predefined exception
PAY-002443,INV-889622,2/23/2026,2025-26,2026-02,Justice & Public Safety,V0078,Supplier 078,Software & Licensing,Open Competition,PO-94338,"$1,196.07",Yes,EFT,FALSE,FALSE,FALSE,FALSE,FALSE,FALSE,FALSE,FALSE,0,Routine,FALSE,No predefined exception
PAY-001015,INV-876684,2/23/2026,2025-26,2026-02,Health Services,V0019,Supplier 019,Transportation Services,Standing Offer,PO-66972,"$7,411.53",Yes,EFT,FALSE,FALSE,FALSE,FALSE,FALSE,FALSE,FALSE,FALSE,0,Routine,FALSE,No predefined exception
PAY-001125,INV-212313,2/24/2026,2025-26,2026-02,Transportation & Infrastructure,V0067,Supplier 067,IT Hardware,Standing Offer,PO-93337,"$1,029.11",Yes,EFT,FALSE,FALSE,FALSE,FALSE,FALSE,FALSE,FALSE,FALSE,0,Routine,FALSE,No predefined exception
PAY-001094,INV-348815,2/24/2026,2025-26,2026-02,Digital Government,V0024,Supplier 024,Building Maintenance,Open Competition,PO-71580,"$1,150.33",Yes,EFT,FALSE,FALSE,FALSE,FALSE,FALSE,FALSE,FALSE,FALSE,0,Routine,FALSE,No predefined exception
PAY-001279,INV-208721,2/24/2026,2025-26,2026-02,Health Services,V0076,Supplier 076,Software & Licensing,Invitational,PO-34268,$918.76,Yes,EFT,FALSE,FALSE,FALSE,FALSE,FALSE,FALSE,FALSE,FALSE,0,Routine,FALSE,No predefined exception
PAY-002123,INV-307226,2/24/2026,2025-26,2026-02,Education,V0005,Supplier 005,Building Maintenance,Standing Offer,PO-58068,"$1,389.44",Yes,EFT,FALSE,FALSE,FALSE,FALSE,FALSE,FALSE,FALSE,FALSE,0,Routine,FALSE,No predefined exception
PAY-000811,INV-730011,2/24/2026,2025-26,2026-02,Municipal Services,V0006,Supplier 006,Equipment,Open Competition,PO-88701,"$4,723.90",Yes,Cheque,FALSE,FALSE,FALSE,FALSE,FALSE,FALSE,FALSE,FALSE,0,Routine,FALSE,No predefined exception
PAY-001430,INV-455288,2/24/2026,2025-26,2026-02,Transportation & Infrastructure,V0076,Supplier 076,Office Supplies,Standing Offer,PO-60218,"$5,985.40",Yes,EFT,FALSE,FALSE,FALSE,FALSE,FALSE,FALSE,FALSE,FALSE,0,Routine,FALSE,No predefined exception
PAY-000683,INV-648387,2/24/2026,2025-26,2026-02,Health Services,V0069,Supplier 069,Office Supplies,Standing Offer,PO-51334,"$1,649.29",Yes,EFT,FALSE,FALSE,FALSE,FALSE,FALSE,FALSE,FALSE,FALSE,0,Routine,FALSE,No predefined exception
PAY-000515,INV-773078,2/24/2026,2025-26,2026-02,Natural Resources,V0031,Supplier 031,Equipment,Standing Offer,PO-63655,"$2,553.47",Yes,EFT,FALSE,FALSE,FALSE,FALSE,FALSE,FALSE,FALSE,FALSE,0,Routine,FALSE,No predefined exception
PAY-001554,INV-812625,2/24/2026,2025-26,2026-02,Digital Government,V0042,Supplier 042,Office Supplies,Open Competition,PO-99036,$894.69,Yes,EFT,FALSE,FALSE,FALSE,FALSE,FALSE,FALSE,FALSE,FALSE,0,Routine,FALSE,No predefined exception
PAY-000011,INV-415929,2/25/2026,2025-26,2026-02,Natural Resources,V0045,Supplier 045,Professional Services,Invitational,PO-97770,"$2,049.82",Yes,Cheque,FALSE,FALSE,FALSE,FALSE,FALSE,FALSE,FALSE,FALSE,0,Routine,FALSE,No predefined exception
PAY-000598,INV-595395,2/25/2026,2025-26,2026-02,Digital Government,V0040,Supplier 040,Professional Services,Standing Offer,PO-89880,"$6,312.93",Yes,EFT,FALSE,FALSE,FALSE,FALSE,FALSE,FALSE,FALSE,FALSE,0,Routine,FALSE,No predefined exception
PAY-002103,INV-103285,2/25/2026,2025-26,2026-02,Municipal Services,V0078,Supplier 078,IT Hardware,Open Competition,PO-13750,$911.98,Yes,Cheque,FALSE,FALSE,FALSE,FALSE,FALSE,FALSE,FALSE,FALSE,0,Routine,FALSE,No predefined exception
PAY-002356,INV-623238,2/25/2026,2025-26,2026-02,Health Services,V0018,Supplier 018,IT Hardware,Open Competition,PO-48009,"$2,529.51",Yes,EFT,FALSE,FALSE,FALSE,FALSE,FALSE,FALSE,FALSE,FALSE,0,Routine,FALSE,No predefined exception
PAY-000170,INV-698493,2/25/2026,2025-26,2026-02,Transportation & Infrastructure,V0010,Supplier 010,Software & Licensing,Open Competition,PO-66636,"$2,023.51",Yes,EFT,FALSE,FALSE,FALSE,FALSE,FALSE,FALSE,FALSE,FALSE,0,Routine,FALSE,No predefined exception
PAY-001980,INV-116138,2/26/2026,2025-26,2026-02,Digital Government,V0048,Supplier 048,Transportation Services,Open Competition,PO-65544,"$16,438.31",Yes,Cheque,FALSE,FALSE,FALSE,FALSE,TRUE,FALSE,FALSE,FALSE,2,Moderate,TRUE,Statistical amount outlier
PAY-001905,INV-437935,2/26/2026,2025-26,2026-02,Digital Government,V0008,Supplier 008,Training,Standing Offer,PO-27821,$899.20,Yes,EFT,FALSE,FALSE,FALSE,FALSE,FALSE,FALSE,FALSE,FALSE,0,Routine,FALSE,No predefined exception
PAY-001596,INV-346512,2/26/2026,2025-26,2026-02,Education,V0046,Supplier 046,Software & Licensing,Standing Offer,PO-34428,$603.73,Yes,EFT,FALSE,FALSE,FALSE,FALSE,FALSE,FALSE,FALSE,FALSE,0,Routine,FALSE,No predefined exception
PAY-001111,INV-212036,2/26/2026,2025-26,2026-02,Health Services,V0008,Supplier 008,Construction Services,Sole Source,PO-44096,"$74,319.18",Yes,EFT,FALSE,FALSE,FALSE,FALSE,TRUE,TRUE,FALSE,FALSE,4,Higher,TRUE,Statistical amount outlier; Higher-value sole-source transaction
PAY-001000,INV-904748,2/27/2026,2025-26,2026-02,Health Services,V0021,Supplier 021,IT Hardware,Open Competition,PO-88924,"$1,373.70",Yes,EFT,FALSE,FALSE,FALSE,FALSE,FALSE,FALSE,FALSE,FALSE,0,Routine,FALSE,No predefined exception
PAY-002310,INV-757191,2/27/2026,2025-26,2026-02,Transportation & Infrastructure,V0001,Supplier 001,Training,Open Competition,PO-52541,"$25,632.02",Yes,EFT,FALSE,FALSE,FALSE,FALSE,TRUE,FALSE,FALSE,FALSE,2,Moderate,TRUE,Statistical amount outlier
PAY-001541,INV-598506,2/27/2026,2025-26,2026-02,Health Services,V0021,Supplier 021,IT Hardware,Open Competition,PO-31440,$723.01,Yes,EFT,FALSE,FALSE,FALSE,FALSE,FALSE,FALSE,FALSE,FALSE,0,Routine,FALSE,No predefined exception
PAY-001025,INV-136404,2/28/2026,2025-26,2026-02,Education,V0023,Supplier 023,Training,Open Competition,PO-13747,$200.95,Yes,EFT,FALSE,FALSE,FALSE,FALSE,FALSE,FALSE,FALSE,FALSE,0,Routine,FALSE,No predefined exception
PAY-002005,INV-939446,2/28/2026,2025-26,2026-02,Education,V0025,Supplier 025,Professional Services,Standing Offer,PO-54001,"$1,830.94",Yes,EFT,FALSE,FALSE,FALSE,FALSE,FALSE,FALSE,FALSE,FALSE,0,Routine,FALSE,No predefined exception
PAY-002420,INV-521743,2/28/2026,2025-26,2026-02,Digital Government,V0027,Supplier 027,Building Maintenance,Standing Offer,PO-85821,"$3,943.47",Yes,EFT,FALSE,FALSE,FALSE,FALSE,FALSE,FALSE,FALSE,FALSE,0,Routine,FALSE,No predefined exception
PAY-002162,INV-246161,2/28/2026,2025-26,2026-02,Natural Resources,V0060,Supplier 060,Training,Standing Offer,PO-38568,"$6,519.96",Yes,EFT,FALSE,FALSE,FALSE,FALSE,FALSE,FALSE,FALSE,FALSE,0,Routine,FALSE,No predefined exception
PAY-001948,INV-839945,2/28/2026,2025-26,2026-02,Education,V0029,Supplier 029,Software & Licensing,Open Competition,PO-97318,"$7,779.82",Yes,EFT,FALSE,FALSE,FALSE,FALSE,FALSE,FALSE,FALSE,FALSE,0,Routine,FALSE,No predefined exception
PAY-000801,INV-653949,3/1/2026,2025-26,2026-03,Municipal Services,V0033,Supplier 033,Professional Services,Open Competition,PO-31215,"$3,122.87",Yes,EFT,FALSE,FALSE,FALSE,FALSE,FALSE,FALSE,FALSE,FALSE,0,Routine,FALSE,No predefined exception
PAY-000796,INV-317995,3/1/2026,2025-26,2026-03,Municipal Services,V0027,Supplier 027,Transportation Services,Open Competition,PO-19361,$947.90,Yes,EFT,FALSE,FALSE,FALSE,FALSE,FALSE,FALSE,FALSE,FALSE,0,Routine,FALSE,No predefined exception
PAY-000976,INV-946822,3/1/2026,2025-26,2026-03,Natural Resources,V0060,Supplier 060,Construction Services,Open Competition,PO-71437,"$2,706.55",Yes,EFT,FALSE,FALSE,FALSE,FALSE,FALSE,FALSE,FALSE,FALSE,0,Routine,FALSE,No predefined exception
PAY-001926,INV-192115,3/1/2026,2025-26,2026-03,Digital Government,V0057,Supplier 057,Transportation Services,Invitational,PO-96857,"$2,664.39",Yes,EFT,FALSE,FALSE,FALSE,FALSE,FALSE,FALSE,FALSE,FALSE,0,Routine,FALSE,No predefined exception
PAY-001690,INV-706962,3/1/2026,2025-26,2026-03,Justice & Public Safety,V0036,Supplier 036,Software & Licensing,Open Competition,PO-29133,"$2,854.44",Yes,EFT,FALSE,FALSE,FALSE,FALSE,FALSE,FALSE,FALSE,FALSE,0,Routine,FALSE,No predefined exception
PAY-001461,INV-292941,3/1/2026,2025-26,2026-03,Justice & Public Safety,V0007,Supplier 007,Office Supplies,Open Competition,PO-23070,"$7,089.00",Yes,EFT,FALSE,FALSE,FALSE,FALSE,FALSE,FALSE,FALSE,FALSE,0,Routine,FALSE,No predefined exception
PAY-000500,INV-771183,3/2/2026,2025-26,2026-03,Natural Resources,V0052,Supplier 052,Transportation Services,Open Competition,PO-97542,"$2,394.07",Yes,EFT,FALSE,FALSE,FALSE,FALSE,FALSE,FALSE,FALSE,FALSE,0,Routine,FALSE,No predefined exception
PAY-002403,INV-433964,3/2/2026,2025-26,2026-03,Education,V0039,Supplier 039,Construction Services,Invitational,PO-87557,"$2,973.54",Yes,EFT,FALSE,FALSE,FALSE,FALSE,FALSE,FALSE,FALSE,FALSE,0,Routine,FALSE,No predefined exception
PAY-001633,INV-742742,3/2/2026,2025-26,2026-03,Education,V0018,Supplier 018,Professional Services,Invitational,PO-36515,"$8,247.89",Yes,EFT,FALSE,FALSE,FALSE,FALSE,FALSE,FALSE,FALSE,FALSE,0,Routine,FALSE,No predefined exception
PAY-002148,INV-285784,3/2/2026,2025-26,2026-03,Municipal Services,V0018,Supplier 018,Professional Services,Invitational,PO-92485,"$4,550.88",Yes,EFT,FALSE,FALSE,FALSE,FALSE,FALSE,FALSE,FALSE,FALSE,0,Routine,FALSE,No predefined exception
PAY-002381,INV-698411,3/2/2026,2025-26,2026-03,Natural Resources,V0076,Supplier 076,Construction Services,Open Competition,PO-93175,"$1,651.85",Yes,EFT,FALSE,FALSE,FALSE,FALSE,FALSE,FALSE,FALSE,FALSE,0,Routine,FALSE,No predefined exception
PAY-002043,INV-400242,3/2/2026,2025-26,2026-03,Health Services,V0035,Supplier 035,Software & Licensing,Open Competition,PO-84836,$232.35,Yes,EFT,FALSE,FALSE,FALSE,FALSE,FALSE,FALSE,FALSE,FALSE,0,Routine,FALSE,No predefined exception
PAY-000827,INV-445165,3/2/2026,2025-26,2026-03,Health Services,V0021,Supplier 021,Transportation Services,Open Competition,PO-38803,$518.54,Yes,EFT,FALSE,FALSE,FALSE,FALSE,FALSE,FALSE,FALSE,FALSE,0,Routine,FALSE,No predefined exception
PAY-001738,INV-129680,3/3/2026,2025-26,2026-03,Education,V0021,Supplier 021,Office Supplies,Open Competition,PO-65504,$891.29,Yes,EFT,FALSE,FALSE,FALSE,FALSE,FALSE,FALSE,FALSE,FALSE,0,Routine,FALSE,No predefined exception
PAY-000872,INV-141269,3/3/2026,2025-26,2026-03,Education,V0023,Supplier 023,IT Hardware,Invitational,PO-58710,$338.18,Yes,EFT,FALSE,FALSE,FALSE,FALSE,FALSE,FALSE,FALSE,FALSE,0,Routine,FALSE,No predefined exception
PAY-001203,INV-966164,3/3/2026,2025-26,2026-03,Digital Government,V0078,Supplier 078,Transportation Services,Standing Offer,,"$6,158.38",Yes,EFT,FALSE,FALSE,TRUE,FALSE,FALSE,FALSE,FALSE,FALSE,1,Routine,FALSE,Missing purchase order
PAY-001402,INV-743703,3/3/2026,2025-26,2026-03,Natural Resources,V0080,Supplier 080,Training,Open Competition,PO-75564,$913.05,Yes,EFT,FALSE,FALSE,FALSE,FALSE,FALSE,FALSE,FALSE,FALSE,0,Routine,FALSE,No predefined exception
PAY-000526,INV-817006,3/3/2026,2025-26,2026-03,Justice & Public Safety,V0048,Supplier 048,IT Hardware,Standing Offer,PO-25092,"$7,510.54",Yes,EFT,FALSE,FALSE,FALSE,FALSE,FALSE,FALSE,FALSE,FALSE,0,Routine,FALSE,No predefined exception
PAY-000251,INV-865820,3/4/2026,2025-26,2026-03,Municipal Services,V0032,Supplier 032,Software & Licensing,Open Competition,PO-21651,$339.19,Yes,EFT,FALSE,FALSE,FALSE,FALSE,FALSE,FALSE,FALSE,FALSE,0,Routine,FALSE,No predefined exception
PAY-000292,INV-783189,3/4/2026,2025-26,2026-03,Natural Resources,V0036,Supplier 036,Software & Licensing,Open Competition,PO-48639,"$1,533.77",Yes,Cheque,FALSE,FALSE,FALSE,FALSE,FALSE,FALSE,FALSE,FALSE,0,Routine,FALSE,No predefined exception
PAY-001798,INV-627831,3/4/2026,2025-26,2026-03,Digital Government,V0033,Supplier 033,Building Maintenance,Open Competition,PO-45690,"$2,529.80",Yes,EFT,FALSE,FALSE,FALSE,FALSE,FALSE,FALSE,FALSE,FALSE,0,Routine,FALSE,No predefined exception
PAY-001574,INV-532859,3/4/2026,2025-26,2026-03,Justice & Public Safety,V0019,Supplier 019,Software & Licensing,Open Competition,PO-70436,"$1,775.67",Yes,EFT,FALSE,FALSE,FALSE,FALSE,FALSE,FALSE,FALSE,FALSE,0,Routine,FALSE,No predefined exception
PAY-000085,INV-996068,3/4/2026,2025-26,2026-03,Justice & Public Safety,V0001,Supplier 001,IT Hardware,Invitational,PO-93990,"$4,371.79",Yes,EFT,FALSE,FALSE,FALSE,FALSE,FALSE,FALSE,FALSE,FALSE,0,Routine,FALSE,No predefined exception
PAY-000794,INV-715781,3/4/2026,2025-26,2026-03,Health Services,V0061,Supplier 061,Software & Licensing,Open Competition,PO-42007,"$4,211.10",Yes,EFT,FALSE,FALSE,FALSE,FALSE,FALSE,FALSE,FALSE,FALSE,0,Routine,FALSE,No predefined exception
PAY-002490,INV-350768,3/4/2026,2025-26,2026-03,Municipal Services,V0052,Supplier 052,Office Supplies,Open Competition,PO-32727,"$3,239.68",Yes,Cheque,FALSE,FALSE,FALSE,FALSE,FALSE,FALSE,FALSE,FALSE,0,Routine,FALSE,No predefined exception
PAY-000577,INV-887600,3/5/2026,2025-26,2026-03,Justice & Public Safety,V0031,Supplier 031,Software & Licensing,Open Competition,PO-93853,"$1,310.64",Yes,EFT,FALSE,FALSE,FALSE,FALSE,FALSE,FALSE,FALSE,FALSE,0,Routine,FALSE,No predefined exception
PAY-000617,INV-657749,3/5/2026,2025-26,2026-03,Transportation & Infrastructure,V0047,Supplier 047,Building Maintenance,Open Competition,,"$12,636.46",Yes,EFT,FALSE,FALSE,TRUE,FALSE,TRUE,FALSE,FALSE,FALSE,3,Moderate,TRUE,Missing purchase order; Statistical amount outlier
PAY-001438,INV-600827,3/5/2026,2025-26,2026-03,Education,V0059,Supplier 059,Software & Licensing,Open Competition,PO-27259,"$4,361.78",Yes,EFT,FALSE,FALSE,FALSE,FALSE,FALSE,FALSE,FALSE,FALSE,0,Routine,FALSE,No predefined exception
PAY-001046,INV-757253,3/5/2026,2025-26,2026-03,Justice & Public Safety,V0077,Supplier 077,Transportation Services,Sole Source,PO-61363,"$2,107.83",Yes,EFT,FALSE,FALSE,FALSE,FALSE,FALSE,FALSE,FALSE,FALSE,0,Routine,FALSE,No predefined exception
PAY-002101,INV-501063,3/5/2026,2025-26,2026-03,Digital Government,V0075,Supplier 075,Equipment,Open Competition,PO-62763,"$3,402.55",Yes,EFT,FALSE,FALSE,FALSE,FALSE,FALSE,FALSE,FALSE,FALSE,0,Routine,FALSE,No predefined exception
PAY-000285,INV-265767,3/6/2026,2025-26,2026-03,Transportation & Infrastructure,V0010,Supplier 010,Equipment,Open Competition,PO-13667,"$1,322.25",Yes,EFT,FALSE,FALSE,FALSE,FALSE,FALSE,FALSE,FALSE,FALSE,0,Routine,FALSE,No predefined exception
PAY-000813,INV-956566,3/6/2026,2025-26,2026-03,Health Services,V0017,Supplier 017,Software & Licensing,Open Competition,PO-70554,"$1,456.14",Yes,EFT,FALSE,FALSE,FALSE,FALSE,FALSE,FALSE,FALSE,FALSE,0,Routine,FALSE,No predefined exception
PAY-000056,INV-479553,3/6/2026,2025-26,2026-03,Justice & Public Safety,V0018,Supplier 018,Software & Licensing,Invitational,PO-34269,"$1,138.92",Yes,EFT,FALSE,FALSE,FALSE,FALSE,FALSE,FALSE,FALSE,FALSE,0,Routine,FALSE,No predefined exception
PAY-000504,INV-623165,3/6/2026,2025-26,2026-03,Health Services,,,Building Maintenance,Standing Offer,PO-11946,$475.91,Yes,Cheque,FALSE,TRUE,FALSE,FALSE,FALSE,FALSE,FALSE,FALSE,2,Moderate,TRUE,Missing vendor information
PAY-002038,INV-100294,3/6/2026,2025-26,2026-03,Digital Government,V0024,Supplier 024,Office Supplies,Open Competition,PO-86455,$676.19,Yes,EFT,FALSE,FALSE,FALSE,FALSE,FALSE,FALSE,FALSE,FALSE,0,Routine,FALSE,No predefined exception
PAY-001516,INV-610609,3/6/2026,2025-26,2026-03,Health Services,V0063,Supplier 063,Transportation Services,Invitational,PO-25220,"$2,389.71",Yes,Cheque,FALSE,FALSE,FALSE,FALSE,FALSE,FALSE,FALSE,FALSE,0,Routine,FALSE,No predefined exception
PAY-000168,INV-642955,3/6/2026,2025-26,2026-03,Health Services,V0032,Supplier 032,Office Supplies,Open Competition,PO-16387,$203.31,Yes,EFT,FALSE,FALSE,FALSE,FALSE,FALSE,FALSE,FALSE,FALSE,0,Routine,FALSE,No predefined exception
PAY-001782,INV-439851,3/6/2026,2025-26,2026-03,Transportation & Infrastructure,V0036,Supplier 036,Construction Services,Open Competition,PO-41863,"$1,215.20",Yes,Cheque,FALSE,FALSE,FALSE,FALSE,FALSE,FALSE,FALSE,FALSE,0,Routine,FALSE,No predefined exception
PAY-000476,INV-223777,3/7/2026,2025-26,2026-03,Digital Government,V0079,Supplier 079,Office Supplies,Standing Offer,PO-30250,"$3,184.30",Yes,EFT,FALSE,FALSE,FALSE,FALSE,FALSE,FALSE,FALSE,FALSE,0,Routine,FALSE,No predefined exception
PAY-000784,INV-345847,3/7/2026,2025-26,2026-03,Transportation & Infrastructure,V0007,Supplier 007,Office Supplies,Open Competition,PO-64780,"$33,692.82",Yes,EFT,FALSE,FALSE,FALSE,FALSE,TRUE,FALSE,FALSE,FALSE,2,Moderate,TRUE,Statistical amount outlier
PAY-002046,INV-408372,3/7/2026,2025-26,2026-03,Education,V0016,Supplier 016,Transportation Services,Open Competition,PO-37560,$506.04,Yes,EFT,FALSE,FALSE,FALSE,FALSE,FALSE,FALSE,FALSE,FALSE,0,Routine,FALSE,No predefined exception
PAY-002353,INV-634580,3/7/2026,2025-26,2026-03,Education,V0062,Supplier 062,Training,Open Competition,PO-96230,"$1,551.50",Yes,Corporate Card,FALSE,FALSE,FALSE,FALSE,FALSE,FALSE,FALSE,FALSE,0,Routine,FALSE,No predefined exception
PAY-000730,INV-555775,3/7/2026,2025-26,2026-03,Transportation & Infrastructure,V0007,Supplier 007,Professional Services,Standing Offer,PO-45375,"$3,465.31",Yes,Cheque,FALSE,FALSE,FALSE,FALSE,FALSE,FALSE,FALSE,FALSE,0,Routine,FALSE,No predefined exception
PAY-001340,INV-625332,3/7/2026,2025-26,2026-03,Municipal Services,V0038,Supplier 038,Transportation Services,Open Competition,PO-73906,"$2,017.36",Yes,EFT,FALSE,FALSE,FALSE,FALSE,FALSE,FALSE,FALSE,FALSE,0,Routine,FALSE,No predefined exception
PAY-000734,INV-819701,3/8/2026,2025-26,2026-03,Education,V0007,Supplier 007,Building Maintenance,Open Competition,PO-96337,"$8,340.07",Yes,EFT,FALSE,FALSE,FALSE,FALSE,FALSE,FALSE,FALSE,FALSE,0,Routine,FALSE,No predefined exception
PAY-000364,INV-178012,3/8/2026,2025-26,2026-03,Digital Government,V0010,Supplier 010,Transportation Services,Sole Source,PO-99932,"$1,448.84",Yes,EFT,FALSE,FALSE,FALSE,FALSE,FALSE,FALSE,FALSE,FALSE,0,Routine,FALSE,No predefined exception
PAY-001352,INV-792894,3/8/2026,2025-26,2026-03,Education,V0052,Supplier 052,Construction Services,Invitational,PO-50747,"$1,685.35",Yes,EFT,FALSE,FALSE,FALSE,FALSE,FALSE,FALSE,FALSE,FALSE,0,Routine,FALSE,No predefined exception
PAY-002294,INV-135757,3/8/2026,2025-26,2026-03,Education,V0001,Supplier 001,Construction Services,Invitational,PO-99000,"$1,957.11",Yes,EFT,FALSE,FALSE,FALSE,FALSE,FALSE,FALSE,FALSE,FALSE,0,Routine,FALSE,No predefined exception
PAY-001305,INV-674796,3/8/2026,2025-26,2026-03,Digital Government,V0063,Supplier 063,Training,Sole Source,PO-91164,"$4,902.44",Yes,EFT,FALSE,FALSE,FALSE,FALSE,FALSE,FALSE,FALSE,FALSE,0,Routine,FALSE,No predefined exception
PAY-000404,INV-977311,3/8/2026,2025-26,2026-03,Justice & Public Safety,V0018,Supplier 018,Equipment,Open Competition,PO-98907,"$4,268.97",Yes,EFT,FALSE,FALSE,FALSE,FALSE,FALSE,FALSE,FALSE,FALSE,0,Routine,FALSE,No predefined exception
PAY-000565,INV-435834,3/8/2026,2025-26,2026-03,Health Services,V0045,Supplier 045,Professional Services,Standing Offer,PO-61377,"$4,687.43",Yes,Cheque,FALSE,FALSE,FALSE,FALSE,FALSE,FALSE,FALSE,FALSE,0,Routine,FALSE,No predefined exception
PAY-002365,INV-498750,3/8/2026,2025-26,2026-03,Justice & Public Safety,V0044,Supplier 044,IT Hardware,Open Competition,PO-48748,"$6,257.09",Yes,EFT,FALSE,FALSE,FALSE,FALSE,FALSE,FALSE,FALSE,FALSE,0,Routine,FALSE,No predefined exception
PAY-000621,INV-445876,3/8/2026,2025-26,2026-03,Digital Government,V0034,Supplier 034,IT Hardware,Open Competition,,"$1,150.63",Yes,EFT,FALSE,FALSE,TRUE,FALSE,FALSE,FALSE,FALSE,FALSE,1,Routine,FALSE,Missing purchase order
PAY-001209,INV-182867,3/8/2026,2025-26,2026-03,Justice & Public Safety,V0020,Supplier 020,Construction Services,Open Competition,PO-94295,"$8,445.02",Yes,EFT,FALSE,FALSE,FALSE,FALSE,FALSE,FALSE,FALSE,FALSE,0,Routine,FALSE,No predefined exception
PAY-000394,INV-928457,3/8/2026,2025-26,2026-03,Natural Resources,V0041,Supplier 041,Construction Services,Open Competition,PO-31443,$599.87,Yes,EFT,FALSE,FALSE,FALSE,FALSE,FALSE,FALSE,FALSE,FALSE,0,Routine,FALSE,No predefined exception
PAY-000211,INV-973272,3/9/2026,2025-26,2026-03,Health Services,V0006,Supplier 006,Construction Services,Open Competition,PO-35302,"$9,850.00",Yes,EFT,FALSE,FALSE,FALSE,TRUE,TRUE,FALSE,FALSE,FALSE,4,Higher,TRUE,Near hypothetical threshold; Statistical amount outlier
PAY-002142,INV-497597,3/9/2026,2025-26,2026-03,Transportation & Infrastructure,V0055,Supplier 055,Equipment,Open Competition,PO-45088,$916.89,Yes,EFT,FALSE,FALSE,FALSE,FALSE,FALSE,FALSE,FALSE,FALSE,0,Routine,FALSE,No predefined exception
PAY-002105,INV-660151,3/10/2026,2025-26,2026-03,Health Services,V0048,Supplier 048,Building Maintenance,Open Competition,PO-35811,$497.22,Yes,EFT,FALSE,FALSE,FALSE,FALSE,FALSE,FALSE,FALSE,FALSE,0,Routine,FALSE,No predefined exception
PAY-000099,INV-146233,3/10/2026,2025-26,2026-03,Natural Resources,V0027,Supplier 027,Office Supplies,Standing Offer,PO-36783,"$2,945.50",Yes,EFT,FALSE,FALSE,FALSE,FALSE,FALSE,FALSE,FALSE,FALSE,0,Routine,FALSE,No predefined exception
PAY-001681,INV-145406,3/10/2026,2025-26,2026-03,Municipal Services,V0012,Supplier 012,IT Hardware,Open Competition,PO-87694,"$2,515.32",Yes,EFT,FALSE,FALSE,FALSE,FALSE,FALSE,FALSE,FALSE,FALSE,0,Routine,FALSE,No predefined exception
PAY-001529,INV-764093,3/10/2026,2025-26,2026-03,Natural Resources,V0013,Supplier 013,Building Maintenance,Invitational,PO-67012,"$2,920.31",Yes,EFT,FALSE,FALSE,FALSE,FALSE,FALSE,FALSE,FALSE,FALSE,0,Routine,FALSE,No predefined exception
PAY-001194,INV-406822,3/10/2026,2025-26,2026-03,Transportation & Infrastructure,V0041,Supplier 041,Software & Licensing,Open Competition,PO-20047,"$1,857.99",Yes,EFT,FALSE,FALSE,FALSE,FALSE,FALSE,FALSE,FALSE,FALSE,0,Routine,FALSE,No predefined exception
PAY-001538,INV-186296,3/10/2026,2025-26,2026-03,Health Services,V0021,Supplier 021,Building Maintenance,Standing Offer,PO-12700,$756.52,Yes,EFT,FALSE,FALSE,FALSE,FALSE,FALSE,FALSE,FALSE,FALSE,0,Routine,FALSE,No predefined exception
PAY-001789,INV-632245,3/10/2026,2025-26,2026-03,Digital Government,V0036,Supplier 036,Transportation Services,Invitational,PO-34601,"$14,648.83",Yes,EFT,FALSE,FALSE,FALSE,FALSE,TRUE,FALSE,FALSE,FALSE,2,Moderate,TRUE,Statistical amount outlier
PAY-000020,INV-593057,3/10/2026,2025-26,2026-03,Municipal Services,V0066,Supplier 066,Equipment,Standing Offer,PO-11207,"$5,063.06",Yes,EFT,FALSE,FALSE,FALSE,FALSE,FALSE,FALSE,FALSE,FALSE,0,Routine,FALSE,No predefined exception
PAY-001644,INV-894042,3/11/2026,2025-26,2026-03,Education,V0007,Supplier 007,Software & Licensing,Invitational,PO-32951,"$1,958.43",Yes,EFT,FALSE,FALSE,FALSE,FALSE,FALSE,FALSE,FALSE,FALSE,0,Routine,FALSE,No predefined exception
PAY-002068,INV-383135,3/11/2026,2025-26,2026-03,Municipal Services,V0065,Supplier 065,Equipment,Standing Offer,PO-45324,"$1,410.11",Yes,EFT,FALSE,FALSE,FALSE,FALSE,FALSE,FALSE,FALSE,FALSE,0,Routine,FALSE,No predefined exception
PAY-000096,INV-950012,3/11/2026,2025-26,2026-03,Digital Government,V0036,Supplier 036,Training,Open Competition,PO-43152,"$2,952.43",Yes,EFT,FALSE,FALSE,FALSE,FALSE,FALSE,FALSE,FALSE,FALSE,0,Routine,FALSE,No predefined exception
PAY-000029,INV-644333,3/11/2026,2025-26,2026-03,Education,V0074,Supplier 074,Transportation Services,Open Competition,PO-11898,"$1,148.55",Yes,EFT,FALSE,FALSE,FALSE,FALSE,FALSE,FALSE,FALSE,FALSE,0,Routine,FALSE,No predefined exception
PAY-002434,INV-138744,3/11/2026,2025-26,2026-03,Digital Government,V0001,Supplier 001,Professional Services,Open Competition,PO-74752,"$2,533.43",Yes,EFT,FALSE,FALSE,FALSE,FALSE,FALSE,FALSE,FALSE,FALSE,0,Routine,FALSE,No predefined exception
PAY-002225,INV-212333,3/11/2026,2025-26,2026-03,Natural Resources,V0067,Supplier 067,Building Maintenance,Invitational,PO-68277,"$6,323.74",Yes,EFT,FALSE,FALSE,FALSE,FALSE,FALSE,FALSE,FALSE,FALSE,0,Routine,FALSE,No predefined exception
PAY-001963,INV-731121,3/11/2026,2025-26,2026-03,Health Services,V0030,Supplier 030,Training,Invitational,PO-82193,"$7,907.38",Yes,Corporate Card,FALSE,FALSE,FALSE,FALSE,FALSE,FALSE,FALSE,FALSE,0,Routine,FALSE,No predefined exception
PAY-002178,INV-767897,3/11/2026,2025-26,2026-03,Justice & Public Safety,V0076,Supplier 076,Transportation Services,Open Competition,PO-10459,"$1,020.22",Yes,EFT,FALSE,FALSE,FALSE,FALSE,FALSE,FALSE,FALSE,FALSE,0,Routine,FALSE,No predefined exception
PAY-001161,INV-815637,3/12/2026,2025-26,2026-03,Health Services,V0005,Supplier 005,Professional Services,Open Competition,PO-37931,"$4,808.33",Yes,EFT,FALSE,FALSE,FALSE,FALSE,FALSE,FALSE,FALSE,FALSE,0,Routine,FALSE,No predefined exception
PAY-000261,INV-447299,3/12/2026,2025-26,2026-03,Municipal Services,V0005,Supplier 005,Software & Licensing,Standing Offer,PO-76186,"$5,389.49",Yes,EFT,FALSE,FALSE,FALSE,FALSE,FALSE,FALSE,FALSE,FALSE,0,Routine,FALSE,No predefined exception
PAY-000136,INV-430763,3/12/2026,2025-26,2026-03,Justice & Public Safety,V0003,Supplier 003,Equipment,Standing Offer,PO-21325,"$1,655.68",Yes,Corporate Card,FALSE,FALSE,FALSE,FALSE,FALSE,FALSE,FALSE,FALSE,0,Routine,FALSE,No predefined exception
PAY-001132,INV-168359,3/12/2026,2025-26,2026-03,Justice & Public Safety,V0054,Supplier 054,IT Hardware,Open Competition,PO-63137,"$2,281.29",Yes,EFT,FALSE,FALSE,FALSE,FALSE,FALSE,FALSE,FALSE,FALSE,0,Routine,FALSE,No predefined exception
PAY-000636,INV-571678,3/12/2026,2025-26,2026-03,Health Services,V0064,Supplier 064,Transportation Services,Open Competition,PO-49678,"$17,537.63",Yes,EFT,FALSE,FALSE,FALSE,FALSE,TRUE,FALSE,FALSE,FALSE,2,Moderate,TRUE,Statistical amount outlier
PAY-000243,INV-546242,3/12/2026,2025-26,2026-03,Natural Resources,V0062,Supplier 062,Construction Services,Open Competition,PO-14666,"$10,449.45",Yes,EFT,FALSE,FALSE,FALSE,FALSE,TRUE,FALSE,FALSE,FALSE,2,Moderate,TRUE,Statistical amount outlier
PAY-000054,INV-430511,3/12/2026,2025-26,2026-03,Natural Resources,V0016,Supplier 016,Transportation Services,Standing Offer,PO-32791,"$1,020.39",Yes,EFT,FALSE,FALSE,FALSE,FALSE,FALSE,FALSE,FALSE,FALSE,0,Routine,FALSE,No predefined exception
PAY-000438,INV-481032,3/12/2026,2025-26,2026-03,Natural Resources,V0011,Supplier 011,Building Maintenance,Open Competition,PO-79134,"$7,942.20",Yes,Corporate Card,FALSE,FALSE,FALSE,FALSE,FALSE,FALSE,FALSE,FALSE,0,Routine,FALSE,No predefined exception
PAY-000853,INV-419186,3/12/2026,2025-26,2026-03,Justice & Public Safety,V0042,Supplier 042,Equipment,Open Competition,PO-78140,"$1,264.13",Yes,EFT,FALSE,FALSE,FALSE,FALSE,FALSE,FALSE,FALSE,FALSE,0,Routine,FALSE,No predefined exception
PAY-001627,INV-207441,3/13/2026,2025-26,2026-03,Justice & Public Safety,V0005,Supplier 005,Training,Open Competition,PO-53763,"$4,230.15",Yes,Cheque,FALSE,FALSE,FALSE,FALSE,FALSE,FALSE,FALSE,FALSE,0,Routine,FALSE,No predefined exception
PAY-000797,INV-812550,3/13/2026,2025-26,2026-03,Education,V0001,Supplier 001,Equipment,Open Competition,PO-58095,"$3,453.28",Yes,EFT,FALSE,FALSE,FALSE,FALSE,FALSE,FALSE,FALSE,FALSE,0,Routine,FALSE,No predefined exception
PAY-002215,INV-645865,3/13/2026,2025-26,2026-03,Justice & Public Safety,V0068,Supplier 068,Training,Standing Offer,PO-75744,"$5,322.16",Yes,EFT,FALSE,FALSE,FALSE,FALSE,FALSE,FALSE,FALSE,FALSE,0,Routine,FALSE,No predefined exception
PAY-002387,INV-127197,3/13/2026,2025-26,2026-03,Natural Resources,V0009,Supplier 009,Building Maintenance,Open Competition,PO-51184,"$8,917.05",Yes,EFT,FALSE,FALSE,FALSE,FALSE,FALSE,FALSE,FALSE,FALSE,0,Routine,FALSE,No predefined exception
PAY-001183,INV-126572,3/13/2026,2025-26,2026-03,Digital Government,V0020,Supplier 020,Office Supplies,Open Competition,PO-59723,"$4,309.42",Yes,EFT,FALSE,FALSE,FALSE,FALSE,FALSE,FALSE,FALSE,FALSE,0,Routine,FALSE,No predefined exception
PAY-000650,INV-793618,3/14/2026,2025-26,2026-03,Natural Resources,V0052,Supplier 052,Construction Services,Open Competition,PO-83568,"$2,952.68",Yes,EFT,FALSE,FALSE,FALSE,FALSE,FALSE,FALSE,FALSE,FALSE,0,Routine,FALSE,No predefined exception
PAY-001854,INV-256080,3/14/2026,2025-26,2026-03,Natural Resources,V0029,Supplier 029,Professional Services,Open Competition,PO-19397,$903.14,Yes,EFT,FALSE,FALSE,FALSE,FALSE,FALSE,FALSE,FALSE,FALSE,0,Routine,FALSE,No predefined exception
PAY-000690,INV-280427,3/14/2026,2025-26,2026-03,Natural Resources,V0006,Supplier 006,Transportation Services,Open Competition,PO-67964,"$3,645.55",Yes,Cheque,FALSE,FALSE,FALSE,FALSE,FALSE,FALSE,FALSE,FALSE,0,Routine,FALSE,No predefined exception
PAY-000172,INV-504499,3/14/2026,2025-26,2026-03,Digital Government,V0063,Supplier 063,Transportation Services,Open Competition,PO-14804,"$7,434.06",Yes,Cheque,FALSE,FALSE,FALSE,FALSE,FALSE,FALSE,FALSE,FALSE,0,Routine,FALSE,No predefined exception
PAY-002327,INV-875372,3/14/2026,2025-26,2026-03,Transportation & Infrastructure,V0013,Supplier 013,Equipment,Open Competition,PO-79201,"$1,773.50",Yes,EFT,FALSE,FALSE,FALSE,FALSE,FALSE,FALSE,FALSE,FALSE,0,Routine,FALSE,No predefined exception
PAY-000763,INV-879518,3/14/2026,2025-26,2026-03,Transportation & Infrastructure,V0007,Supplier 007,Equipment,Standing Offer,PO-41132,"$4,459.66",Yes,EFT,FALSE,FALSE,FALSE,FALSE,FALSE,FALSE,FALSE,FALSE,0,Routine,FALSE,No predefined exception
PAY-000291,INV-187453,3/15/2026,2025-26,2026-03,Natural Resources,V0009,Supplier 009,Professional Services,Open Competition,PO-22113,"$2,816.04",Yes,EFT,FALSE,FALSE,FALSE,FALSE,FALSE,FALSE,FALSE,FALSE,0,Routine,FALSE,No predefined exception
PAY-001488,INV-795457,3/15/2026,2025-26,2026-03,Natural Resources,V0054,Supplier 054,Construction Services,Standing Offer,PO-39811,"$3,336.39",Yes,EFT,FALSE,FALSE,FALSE,FALSE,FALSE,FALSE,FALSE,FALSE,0,Routine,FALSE,No predefined exception
PAY-000002,INV-703471,3/15/2026,2025-26,2026-03,Education,V0043,Supplier 043,Office Supplies,Standing Offer,PO-25369,$770.82,Yes,EFT,FALSE,FALSE,FALSE,FALSE,FALSE,FALSE,FALSE,FALSE,0,Routine,FALSE,No predefined exception
PAY-001250,INV-150711,3/15/2026,2025-26,2026-03,Natural Resources,V0010,Supplier 010,Transportation Services,Open Competition,PO-98792,"$3,460.38",Yes,EFT,FALSE,FALSE,FALSE,FALSE,FALSE,FALSE,FALSE,FALSE,0,Routine,FALSE,No predefined exception
PAY-000239,INV-451136,3/15/2026,2025-26,2026-03,Justice & Public Safety,V0064,Supplier 064,Software & Licensing,Invitational,PO-37961,$964.94,Yes,EFT,FALSE,FALSE,FALSE,FALSE,FALSE,FALSE,FALSE,FALSE,0,Routine,FALSE,No predefined exception
PAY-001034,INV-325461,3/15/2026,2025-26,2026-03,Education,V0067,Supplier 067,Office Supplies,Invitational,PO-14590,"$1,797.54",Yes,EFT,FALSE,FALSE,FALSE,FALSE,FALSE,FALSE,FALSE,FALSE,0,Routine,FALSE,No predefined exception
PAY-001771,INV-797976,3/15/2026,2025-26,2026-03,Education,V0026,Supplier 026,Building Maintenance,Standing Offer,PO-28941,"$2,862.08",Yes,Corporate Card,FALSE,FALSE,FALSE,FALSE,FALSE,FALSE,FALSE,FALSE,0,Routine,FALSE,No predefined exception
PAY-001550,INV-855737,3/15/2026,2025-26,2026-03,Transportation & Infrastructure,V0034,Supplier 034,Software & Licensing,Invitational,PO-41912,"$3,218.86",Yes,EFT,FALSE,FALSE,FALSE,FALSE,FALSE,FALSE,FALSE,FALSE,0,Routine,FALSE,No predefined exception
PAY-000461,INV-390477,3/15/2026,2025-26,2026-03,Education,V0021,Supplier 021,Transportation Services,Open Competition,PO-28665,"$5,711.94",Yes,Cheque,FALSE,FALSE,FALSE,FALSE,FALSE,FALSE,FALSE,FALSE,0,Routine,FALSE,No predefined exception
PAY-002425,INV-519924,3/15/2026,2025-26,2026-03,Municipal Services,V0009,Supplier 009,Transportation Services,Standing Offer,PO-62652,$581.42,Yes,EFT,FALSE,FALSE,FALSE,FALSE,FALSE,FALSE,FALSE,FALSE,0,Routine,FALSE,No predefined exception
PAY-000340,INV-894878,3/15/2026,2025-26,2026-03,Municipal Services,V0018,Supplier 018,Building Maintenance,Open Competition,PO-32761,"$4,684.61",Yes,EFT,FALSE,FALSE,FALSE,FALSE,FALSE,FALSE,FALSE,FALSE,0,Routine,FALSE,No predefined exception
PAY-001619,INV-596389,3/15/2026,2025-26,2026-03,Justice & Public Safety,V0034,Supplier 034,IT Hardware,Sole Source,PO-71716,"$1,203.11",Yes,Corporate Card,FALSE,FALSE,FALSE,FALSE,FALSE,FALSE,FALSE,FALSE,0,Routine,FALSE,No predefined exception
PAY-001981,INV-218558,3/16/2026,2025-26,2026-03,Transportation & Infrastructure,V0054,Supplier 054,Building Maintenance,Open Competition,PO-91401,"$1,670.10",Yes,EFT,FALSE,FALSE,FALSE,FALSE,FALSE,FALSE,FALSE,FALSE,0,Routine,FALSE,No predefined exception
PAY-000421,INV-730759,3/16/2026,2025-26,2026-03,Natural Resources,V0071,Supplier 071,Professional Services,Invitational,PO-94698,"$4,515.49",Yes,Corporate Card,FALSE,FALSE,FALSE,FALSE,FALSE,FALSE,FALSE,FALSE,0,Routine,FALSE,No predefined exception
PAY-002179,INV-646707,3/16/2026,2025-26,2026-03,Justice & Public Safety,V0009,Supplier 009,Professional Services,Open Competition,PO-75037,"$3,876.93",Yes,EFT,FALSE,FALSE,FALSE,FALSE,FALSE,FALSE,FALSE,FALSE,0,Routine,FALSE,No predefined exception
PAY-001907,INV-587947,3/16/2026,2025-26,2026-03,Justice & Public Safety,V0026,Supplier 026,Transportation Services,Open Competition,PO-82882,"$3,911.66",Yes,EFT,FALSE,FALSE,FALSE,FALSE,FALSE,FALSE,FALSE,FALSE,0,Routine,FALSE,No predefined exception
PAY-000867,INV-356323,3/16/2026,2025-26,2026-03,Municipal Services,V0038,Supplier 038,Training,Standing Offer,PO-69807,"$1,321.05",Yes,EFT,FALSE,FALSE,FALSE,FALSE,FALSE,FALSE,FALSE,FALSE,0,Routine,FALSE,No predefined exception
PAY-000744,INV-982608,3/17/2026,2025-26,2026-03,Transportation & Infrastructure,V0007,Supplier 007,Software & Licensing,Open Competition,PO-85578,"$8,297.43",Yes,EFT,FALSE,FALSE,FALSE,FALSE,FALSE,FALSE,FALSE,FALSE,0,Routine,FALSE,No predefined exception
PAY-002181,INV-745499,3/17/2026,2025-26,2026-03,Municipal Services,V0039,Supplier 039,Transportation Services,Open Competition,PO-26847,"$5,120.59",Yes,EFT,FALSE,FALSE,FALSE,FALSE,FALSE,FALSE,FALSE,FALSE,0,Routine,FALSE,No predefined exception
PAY-000075,INV-337103,3/17/2026,2025-26,2026-03,Digital Government,V0025,Supplier 025,Professional Services,Standing Offer,PO-97095,"$1,092.04",Yes,EFT,FALSE,FALSE,FALSE,FALSE,FALSE,FALSE,FALSE,FALSE,0,Routine,FALSE,No predefined exception
PAY-001695,INV-421701,3/18/2026,2025-26,2026-03,Natural Resources,V0019,Supplier 019,Professional Services,Standing Offer,PO-81827,"$7,804.35",Yes,Cheque,FALSE,FALSE,FALSE,FALSE,FALSE,FALSE,FALSE,FALSE,0,Routine,FALSE,No predefined exception
PAY-000834,INV-450722,3/18/2026,2025-26,2026-03,Municipal Services,V0062,Supplier 062,Training,Standing Offer,PO-39550,"$3,861.83",Yes,EFT,FALSE,FALSE,FALSE,FALSE,FALSE,FALSE,FALSE,FALSE,0,Routine,FALSE,No predefined exception
PAY-001894,INV-564271,3/18/2026,2025-26,2026-03,Municipal Services,V0050,Supplier 050,Construction Services,Standing Offer,PO-91736,"$1,909.03",Yes,EFT,FALSE,FALSE,FALSE,FALSE,FALSE,FALSE,FALSE,FALSE,0,Routine,FALSE,No predefined exception
PAY-000246,INV-556437,3/18/2026,2025-26,2026-03,Municipal Services,V0065,Supplier 065,Equipment,Invitational,PO-42818,"$1,221.21",Yes,EFT,FALSE,FALSE,FALSE,FALSE,FALSE,FALSE,FALSE,FALSE,0,Routine,FALSE,No predefined exception
PAY-000140,INV-919973,3/18/2026,2025-26,2026-03,Education,V0043,Supplier 043,Construction Services,Invitational,PO-98855,$659.95,Yes,EFT,FALSE,FALSE,FALSE,FALSE,FALSE,FALSE,FALSE,FALSE,0,Routine,FALSE,No predefined exception
PAY-002050,INV-948689,3/18/2026,2025-26,2026-03,Municipal Services,V0069,Supplier 069,IT Hardware,Open Competition,PO-20304,"$4,159.88",Yes,EFT,FALSE,FALSE,FALSE,FALSE,FALSE,FALSE,FALSE,FALSE,0,Routine,FALSE,No predefined exception
PAY-001823,INV-319606,3/19/2026,2025-26,2026-03,Transportation & Infrastructure,V0037,Supplier 037,Transportation Services,Open Competition,PO-65600,"$2,361.59",Yes,EFT,FALSE,FALSE,FALSE,FALSE,FALSE,FALSE,FALSE,FALSE,0,Routine,FALSE,No predefined exception
PAY-001636,INV-165614,3/19/2026,2025-26,2026-03,Natural Resources,V0078,Supplier 078,Office Supplies,Sole Source,PO-48741,"$1,895.37",Yes,EFT,FALSE,FALSE,FALSE,FALSE,FALSE,FALSE,FALSE,FALSE,0,Routine,FALSE,No predefined exception
PAY-001904,INV-801433,3/19/2026,2025-26,2026-03,Health Services,V0076,Supplier 076,Training,Open Competition,PO-84047,"$2,607.59",Yes,Cheque,FALSE,FALSE,FALSE,FALSE,FALSE,FALSE,FALSE,FALSE,0,Routine,FALSE,No predefined exception
PAY-002275,INV-965040,3/19/2026,2025-26,2026-03,Municipal Services,V0026,Supplier 026,Building Maintenance,Invitational,PO-11530,"$1,426.57",Yes,EFT,FALSE,FALSE,FALSE,FALSE,FALSE,FALSE,FALSE,FALSE,0,Routine,FALSE,No predefined exception
PAY-002271,INV-551069,3/19/2026,2025-26,2026-03,Natural Resources,V0033,Supplier 033,Building Maintenance,Standing Offer,PO-64146,"$1,137.05",Yes,EFT,FALSE,FALSE,FALSE,FALSE,FALSE,FALSE,FALSE,FALSE,0,Routine,FALSE,No predefined exception
PAY-001095,INV-944464,3/19/2026,2025-26,2026-03,Health Services,V0024,Supplier 024,Transportation Services,Standing Offer,PO-30558,"$3,797.93",Yes,EFT,FALSE,FALSE,FALSE,FALSE,FALSE,FALSE,FALSE,FALSE,0,Routine,FALSE,No predefined exception
PAY-001062,INV-387166,3/19/2026,2025-26,2026-03,Health Services,V0012,Supplier 012,Office Supplies,Standing Offer,PO-78740,"$2,111.26",Yes,EFT,FALSE,FALSE,FALSE,FALSE,FALSE,FALSE,FALSE,FALSE,0,Routine,FALSE,No predefined exception
PAY-000938,INV-312204,3/20/2026,2025-26,2026-03,Education,V0026,Supplier 026,Equipment,Invitational,PO-39652,"$1,706.99",Yes,EFT,FALSE,FALSE,FALSE,FALSE,FALSE,FALSE,TRUE,FALSE,1,Routine,FALSE,Fiscal year-end activity
PAY-000958,INV-281413,3/20/2026,2025-26,2026-03,Justice & Public Safety,V0019,Supplier 019,Professional Services,Open Competition,PO-61275,"$3,669.03",Yes,EFT,FALSE,FALSE,FALSE,FALSE,FALSE,FALSE,TRUE,FALSE,1,Routine,FALSE,Fiscal year-end activity
PAY-001423,INV-129545,3/20/2026,2025-26,2026-03,Digital Government,V0017,Supplier 017,Software & Licensing,Invitational,PO-10617,"$2,394.68",Yes,EFT,FALSE,FALSE,FALSE,FALSE,FALSE,FALSE,TRUE,FALSE,1,Routine,FALSE,Fiscal year-end activity
PAY-000932,INV-661001,3/20/2026,2025-26,2026-03,Education,V0037,Supplier 037,Transportation Services,Invitational,PO-17988,"$10,573.51",Yes,EFT,FALSE,FALSE,FALSE,FALSE,TRUE,FALSE,TRUE,FALSE,3,Moderate,TRUE,Statistical amount outlier; Fiscal year-end activity
PAY-000930,INV-462612,3/20/2026,2025-26,2026-03,Municipal Services,V0045,Supplier 045,Building Maintenance,Open Competition,PO-84078,"$26,498.73",Yes,Cheque,FALSE,FALSE,FALSE,FALSE,TRUE,FALSE,TRUE,FALSE,3,Moderate,TRUE,Statistical amount outlier; Fiscal year-end activity
PAY-001679,INV-248469,3/20/2026,2025-26,2026-03,Natural Resources,V0006,Supplier 006,Professional Services,Standing Offer,PO-68117,"$1,954.00",Yes,EFT,FALSE,FALSE,FALSE,FALSE,FALSE,FALSE,TRUE,FALSE,1,Routine,FALSE,Fiscal year-end activity
PAY-001625,INV-481382,3/20/2026,2025-26,2026-03,Natural Resources,V0042,Supplier 042,Building Maintenance,Open Competition,PO-34512,"$1,901.86",Yes,EFT,FALSE,FALSE,FALSE,FALSE,FALSE,FALSE,TRUE,FALSE,1,Routine,FALSE,Fiscal year-end activity
PAY-001923,INV-390395,3/20/2026,2025-26,2026-03,Transportation & Infrastructure,V0010,Supplier 010,Transportation Services,Standing Offer,PO-30845,"$3,270.54",Yes,EFT,FALSE,FALSE,FALSE,FALSE,FALSE,FALSE,TRUE,FALSE,1,Routine,FALSE,Fiscal year-end activity
PAY-000919,INV-361176,3/20/2026,2025-26,2026-03,Transportation & Infrastructure,V0034,Supplier 034,IT Hardware,Open Competition,PO-66058,"$8,857.45",Yes,EFT,FALSE,FALSE,FALSE,FALSE,FALSE,FALSE,TRUE,FALSE,1,Routine,FALSE,Fiscal year-end activity
PAY-000910,INV-461484,3/20/2026,2025-26,2026-03,Municipal Services,V0028,Supplier 028,Professional Services,Invitational,PO-18025,"$1,893.43",Yes,EFT,FALSE,FALSE,FALSE,FALSE,FALSE,FALSE,TRUE,FALSE,1,Routine,FALSE,Fiscal year-end activity
PAY-000390,INV-544783,3/20/2026,2025-26,2026-03,Justice & Public Safety,V0016,Supplier 016,Transportation Services,Invitational,PO-18894,"$1,481.60",Yes,EFT,FALSE,FALSE,FALSE,FALSE,FALSE,FALSE,TRUE,FALSE,1,Routine,FALSE,Fiscal year-end activity
PAY-002303,INV-432336,3/20/2026,2025-26,2026-03,Health Services,V0026,Supplier 026,Transportation Services,Invitational,PO-82853,"$1,081.74",Yes,EFT,FALSE,FALSE,FALSE,FALSE,FALSE,FALSE,TRUE,FALSE,1,Routine,FALSE,Fiscal year-end activity
PAY-000920,INV-483015,3/21/2026,2025-26,2026-03,Health Services,V0069,Supplier 069,Building Maintenance,Sole Source,PO-96596,$357.14,Yes,EFT,FALSE,FALSE,FALSE,FALSE,FALSE,FALSE,TRUE,FALSE,1,Routine,FALSE,Fiscal year-end activity
PAY-000423,INV-336824,3/21/2026,2025-26,2026-03,Municipal Services,V0061,Supplier 061,Training,Standing Offer,PO-14340,"$5,400.02",Yes,EFT,FALSE,FALSE,FALSE,FALSE,FALSE,FALSE,TRUE,FALSE,1,Routine,FALSE,Fiscal year-end activity
PAY-000965,INV-884752,3/21/2026,2025-26,2026-03,Municipal Services,V0029,Supplier 029,Training,Open Competition,PO-79005,"$4,006.95",Yes,Corporate Card,FALSE,FALSE,FALSE,FALSE,FALSE,FALSE,TRUE,FALSE,1,Routine,FALSE,Fiscal year-end activity
PAY-000916,INV-355095,3/21/2026,2025-26,2026-03,Natural Resources,V0063,Supplier 063,Transportation Services,Invitational,PO-13505,$856.82,Yes,EFT,FALSE,FALSE,FALSE,FALSE,FALSE,FALSE,TRUE,FALSE,1,Routine,FALSE,Fiscal year-end activity
PAY-001940,INV-660309,3/21/2026,2025-26,2026-03,Transportation & Infrastructure,V0021,Supplier 021,Professional Services,Open Competition,PO-92570,"$1,417.62",Yes,EFT,FALSE,FALSE,FALSE,FALSE,FALSE,FALSE,TRUE,FALSE,1,Routine,FALSE,Fiscal year-end activity
PAY-000878,INV-868460,3/21/2026,2025-26,2026-03,Digital Government,V0015,Supplier 015,Building Maintenance,Open Competition,PO-53674,"$3,822.93",Yes,EFT,FALSE,FALSE,FALSE,FALSE,FALSE,FALSE,TRUE,FALSE,1,Routine,FALSE,Fiscal year-end activity
PAY-000921,INV-349717,3/21/2026,2025-26,2026-03,Health Services,V0015,Supplier 015,IT Hardware,Sole Source,PO-30930,"$1,890.38",Yes,EFT,FALSE,FALSE,FALSE,FALSE,FALSE,FALSE,TRUE,FALSE,1,Routine,FALSE,Fiscal year-end activity
PAY-000934,INV-929601,3/21/2026,2025-26,2026-03,Transportation & Infrastructure,V0009,Supplier 009,Training,Standing Offer,PO-29171,"$6,955.43",Yes,EFT,FALSE,FALSE,FALSE,FALSE,FALSE,FALSE,TRUE,FALSE,1,Routine,FALSE,Fiscal year-end activity
PAY-000377,INV-717397,3/21/2026,2025-26,2026-03,Municipal Services,V0059,Supplier 059,IT Hardware,Invitational,PO-11722,"$7,460.25",Yes,EFT,FALSE,FALSE,FALSE,FALSE,FALSE,FALSE,TRUE,FALSE,1,Routine,FALSE,Fiscal year-end activity
PAY-002121,INV-752329,3/21/2026,2025-26,2026-03,Municipal Services,V0030,Supplier 030,Building Maintenance,Open Competition,PO-27905,$910.42,Yes,EFT,FALSE,FALSE,FALSE,FALSE,FALSE,FALSE,TRUE,FALSE,1,Routine,FALSE,Fiscal year-end activity
PAY-001304,INV-367291,3/21/2026,2025-26,2026-03,Municipal Services,V0009,Supplier 009,Equipment,Invitational,PO-51588,"$4,056.43",Yes,EFT,FALSE,FALSE,FALSE,FALSE,FALSE,FALSE,TRUE,FALSE,1,Routine,FALSE,Fiscal year-end activity
PAY-000915,INV-369579,3/21/2026,2025-26,2026-03,Transportation & Infrastructure,V0017,Supplier 017,Office Supplies,Open Competition,PO-86981,"$3,810.60",Yes,Cheque,FALSE,FALSE,FALSE,FALSE,FALSE,FALSE,TRUE,FALSE,1,Routine,FALSE,Fiscal year-end activity
PAY-000558,INV-654280,3/21/2026,2025-26,2026-03,Transportation & Infrastructure,V0037,Supplier 037,Office Supplies,Standing Offer,PO-57754,"$3,055.09",Yes,Cheque,FALSE,FALSE,FALSE,FALSE,FALSE,FALSE,TRUE,FALSE,1,Routine,FALSE,Fiscal year-end activity
PAY-000928,INV-306717,3/22/2026,2025-26,2026-03,Natural Resources,V0045,Supplier 045,Training,Invitational,PO-96941,"$6,378.65",Yes,EFT,FALSE,FALSE,FALSE,FALSE,FALSE,FALSE,TRUE,FALSE,1,Routine,FALSE,Fiscal year-end activity
PAY-000902,INV-544854,3/22/2026,2025-26,2026-03,Municipal Services,V0004,Supplier 004,Construction Services,Open Competition,PO-60107,"$1,720.33",Yes,Cheque,FALSE,FALSE,FALSE,FALSE,FALSE,FALSE,TRUE,FALSE,1,Routine,FALSE,Fiscal year-end activity
PAY-000908,INV-311027,3/22/2026,2025-26,2026-03,Health Services,V0069,Supplier 069,Professional Services,Open Competition,PO-93417,"$4,994.63",Yes,EFT,FALSE,FALSE,FALSE,FALSE,FALSE,FALSE,TRUE,FALSE,1,Routine,FALSE,Fiscal year-end activity
PAY-001647,INV-115791,3/22/2026,2025-26,2026-03,Transportation & Infrastructure,V0028,Supplier 028,Professional Services,Open Competition,PO-24560,"$2,635.34",Yes,EFT,FALSE,FALSE,FALSE,FALSE,FALSE,FALSE,TRUE,FALSE,1,Routine,FALSE,Fiscal year-end activity
PAY-000929,INV-463334,3/22/2026,2025-26,2026-03,Natural Resources,V0059,Supplier 059,Professional Services,Invitational,PO-97432,"$2,311.92",Yes,EFT,FALSE,FALSE,FALSE,FALSE,FALSE,FALSE,TRUE,FALSE,1,Routine,FALSE,Fiscal year-end activity
PAY-001342,INV-331807,3/22/2026,2025-26,2026-03,Digital Government,V0014,Supplier 014,Office Supplies,Standing Offer,PO-28003,"$3,793.13",Yes,EFT,FALSE,FALSE,FALSE,FALSE,FALSE,FALSE,TRUE,FALSE,1,Routine,FALSE,Fiscal year-end activity
PAY-000946,INV-340056,3/22/2026,2025-26,2026-03,Justice & Public Safety,V0064,Supplier 064,Equipment,Standing Offer,PO-10513,"$1,480.53",Yes,Corporate Card,FALSE,FALSE,FALSE,FALSE,FALSE,FALSE,TRUE,FALSE,1,Routine,FALSE,Fiscal year-end activity
PAY-001664,INV-446140,3/22/2026,2025-26,2026-03,Municipal Services,V0056,Supplier 056,Professional Services,Open Competition,PO-51755,$956.86,Yes,EFT,FALSE,FALSE,FALSE,FALSE,FALSE,FALSE,TRUE,FALSE,1,Routine,FALSE,Fiscal year-end activity
PAY-000999,INV-585725,3/22/2026,2025-26,2026-03,Municipal Services,V0012,Supplier 012,Construction Services,Sole Source,PO-69516,"$11,572.31",Yes,EFT,FALSE,FALSE,FALSE,FALSE,TRUE,TRUE,TRUE,FALSE,5,Higher,TRUE,Statistical amount outlier; Fiscal year-end activity; Higher-value sole-source transaction
PAY-001881,INV-718821,3/22/2026,2025-26,2026-03,Justice & Public Safety,V0060,Supplier 060,Building Maintenance,Open Competition,PO-83545,"$1,992.35",Yes,EFT,FALSE,FALSE,FALSE,FALSE,FALSE,FALSE,TRUE,FALSE,1,Routine,FALSE,Fiscal year-end activity
PAY-000901,INV-486154,3/22/2026,2025-26,2026-03,Transportation & Infrastructure,V0041,Supplier 041,IT Hardware,Standing Offer,PO-48891,$328.79,Yes,EFT,FALSE,FALSE,FALSE,FALSE,FALSE,FALSE,TRUE,FALSE,1,Routine,FALSE,Fiscal year-end activity
PAY-000962,INV-943352,3/22/2026,2025-26,2026-03,Natural Resources,V0012,Supplier 012,Training,Standing Offer,PO-30456,$823.25,Yes,EFT,FALSE,FALSE,FALSE,FALSE,FALSE,FALSE,TRUE,FALSE,1,Routine,FALSE,Fiscal year-end activity
PAY-000906,INV-184363,3/22/2026,2025-26,2026-03,Education,V0070,Supplier 070,Transportation Services,Sole Source,PO-28884,$897.47,Yes,EFT,FALSE,FALSE,FALSE,FALSE,FALSE,FALSE,TRUE,FALSE,1,Routine,FALSE,Fiscal year-end activity
PAY-001143,INV-207967,3/22/2026,2025-26,2026-03,Transportation & Infrastructure,V0031,Supplier 031,IT Hardware,Open Competition,PO-33212,"$2,130.54",Yes,EFT,FALSE,FALSE,FALSE,FALSE,FALSE,FALSE,TRUE,FALSE,1,Routine,FALSE,Fiscal year-end activity
PAY-000699,INV-158123,3/23/2026,2025-26,2026-03,Health Services,V0044,Supplier 044,Office Supplies,Invitational,PO-40261,"$4,802.63",Yes,Cheque,FALSE,FALSE,FALSE,FALSE,FALSE,FALSE,TRUE,FALSE,1,Routine,FALSE,Fiscal year-end activity
PAY-001586,INV-374548,3/23/2026,2025-26,2026-03,Natural Resources,V0011,Supplier 011,Equipment,Invitational,PO-43124,"$2,769.06",Yes,EFT,FALSE,FALSE,FALSE,FALSE,FALSE,FALSE,TRUE,FALSE,1,Routine,FALSE,Fiscal year-end activity
PAY-000541,INV-808669,3/23/2026,2025-26,2026-03,Municipal Services,V0045,Supplier 045,Equipment,Sole Source,PO-31871,"$2,656.15",Yes,Cheque,FALSE,FALSE,FALSE,FALSE,FALSE,FALSE,TRUE,FALSE,1,Routine,FALSE,Fiscal year-end activity
PAY-000940,INV-349836,3/23/2026,2025-26,2026-03,Digital Government,V0031,Supplier 031,Transportation Services,Open Competition,PO-59217,"$5,215.63",Yes,EFT,FALSE,FALSE,FALSE,FALSE,FALSE,FALSE,TRUE,FALSE,1,Routine,FALSE,Fiscal year-end activity
PAY-000904,INV-848987,3/23/2026,2025-26,2026-03,Digital Government,V0067,Supplier 067,Transportation Services,Open Competition,PO-19857,"$3,353.48",Yes,EFT,FALSE,FALSE,FALSE,FALSE,FALSE,FALSE,TRUE,FALSE,1,Routine,FALSE,Fiscal year-end activity
PAY-000482,INV-684942,3/23/2026,2025-26,2026-03,Justice & Public Safety,V0069,Supplier 069,Professional Services,Standing Offer,PO-57381,"$2,427.21",Yes,EFT,FALSE,FALSE,FALSE,FALSE,FALSE,FALSE,TRUE,FALSE,1,Routine,FALSE,Fiscal year-end activity
PAY-000948,INV-639087,3/23/2026,2025-26,2026-03,Education,V0015,Supplier 015,Construction Services,Standing Offer,PO-91459,"$2,408.07",Yes,EFT,FALSE,FALSE,FALSE,FALSE,FALSE,FALSE,TRUE,FALSE,1,Routine,FALSE,Fiscal year-end activity
PAY-001743,INV-660733,3/23/2026,2025-26,2026-03,Health Services,V0021,Supplier 021,Equipment,Open Competition,PO-44604,$937.80,Yes,EFT,FALSE,FALSE,FALSE,FALSE,FALSE,FALSE,TRUE,FALSE,1,Routine,FALSE,Fiscal year-end activity
PAY-000960,INV-464543,3/23/2026,2025-26,2026-03,Natural Resources,V0078,Supplier 078,Office Supplies,Open Competition,PO-44432,"$1,811.01",Yes,EFT,FALSE,FALSE,FALSE,FALSE,FALSE,FALSE,TRUE,FALSE,1,Routine,FALSE,Fiscal year-end activity
PAY-000964,INV-568731,3/24/2026,2025-26,2026-03,Health Services,V0027,Supplier 027,IT Hardware,Standing Offer,PO-70615,"$2,133.59",Yes,Cheque,FALSE,FALSE,FALSE,FALSE,FALSE,FALSE,TRUE,FALSE,1,Routine,FALSE,Fiscal year-end activity
PAY-000947,INV-319057,3/24/2026,2025-26,2026-03,Natural Resources,V0022,Supplier 022,Software & Licensing,Invitational,PO-21324,"$2,259.72",Yes,EFT,FALSE,FALSE,FALSE,FALSE,FALSE,FALSE,TRUE,FALSE,1,Routine,FALSE,Fiscal year-end activity
PAY-000909,INV-373958,3/24/2026,2025-26,2026-03,Municipal Services,V0009,Supplier 009,IT Hardware,Open Competition,PO-23582,$792.43,Yes,EFT,FALSE,FALSE,FALSE,FALSE,FALSE,FALSE,TRUE,FALSE,1,Routine,FALSE,Fiscal year-end activity
PAY-000970,INV-817875,3/24/2026,2025-26,2026-03,Digital Government,V0057,Supplier 057,Building Maintenance,Open Competition,PO-33267,"$6,872.67",No,EFT,FALSE,FALSE,FALSE,FALSE,FALSE,FALSE,TRUE,TRUE,4,Higher,TRUE,Fiscal year-end activity; Approval exception
PAY-000686,INV-794245,3/24/2026,2025-26,2026-03,Municipal Services,V0042,Supplier 042,Training,Open Competition,PO-53347,"$2,517.87",Yes,EFT,FALSE,FALSE,FALSE,FALSE,FALSE,FALSE,TRUE,FALSE,1,Routine,FALSE,Fiscal year-end activity
PAY-000912,INV-818648,3/24/2026,2025-26,2026-03,Digital Government,V0003,Supplier 003,Transportation Services,Open Competition,PO-17604,"$2,663.31",Yes,EFT,FALSE,FALSE,FALSE,FALSE,FALSE,FALSE,TRUE,FALSE,1,Routine,FALSE,Fiscal year-end activity
PAY-002051,INV-903990,3/24/2026,2025-26,2026-03,Transportation & Infrastructure,V0045,Supplier 045,IT Hardware,Sole Source,PO-24407,"$1,007.44",Yes,EFT,FALSE,FALSE,FALSE,FALSE,FALSE,FALSE,TRUE,FALSE,1,Routine,FALSE,Fiscal year-end activity
PAY-000746,INV-129777,3/24/2026,2025-26,2026-03,Transportation & Infrastructure,V0007,Supplier 007,Office Supplies,Open Competition,PO-93445,"$16,632.92",Yes,EFT,FALSE,FALSE,FALSE,FALSE,TRUE,FALSE,TRUE,FALSE,3,Moderate,TRUE,Statistical amount outlier; Fiscal year-end activity
PAY-001241,INV-957303,3/25/2026,2025-26,2026-03,Natural Resources,V0025,Supplier 025,Software & Licensing,Open Competition,PO-32702,"$6,781.01",Yes,EFT,FALSE,FALSE,FALSE,FALSE,FALSE,FALSE,TRUE,FALSE,1,Routine,FALSE,Fiscal year-end activity
PAY-001324,INV-793619,3/25/2026,2025-26,2026-03,Education,V0026,Supplier 026,Equipment,Open Competition,PO-44018,$386.53,Yes,EFT,FALSE,FALSE,FALSE,FALSE,FALSE,FALSE,TRUE,FALSE,1,Routine,FALSE,Fiscal year-end activity
PAY-001847,INV-270457,3/25/2026,2025-26,2026-03,Health Services,V0050,Supplier 050,Building Maintenance,Open Competition,PO-60141,$597.08,Yes,Cheque,FALSE,FALSE,FALSE,FALSE,FALSE,FALSE,TRUE,FALSE,1,Routine,FALSE,Fiscal year-end activity
PAY-002456,INV-783245,3/25/2026,2025-26,2026-03,Justice & Public Safety,V0037,Supplier 037,Equipment,Standing Offer,PO-37933,"$1,340.68",Yes,EFT,FALSE,FALSE,FALSE,FALSE,FALSE,FALSE,TRUE,FALSE,1,Routine,FALSE,Fiscal year-end activity
PAY-001515,INV-729721,3/25/2026,2025-26,2026-03,Health Services,V0009,Supplier 009,Equipment,Open Competition,PO-34419,$342.03,Yes,EFT,FALSE,FALSE,FALSE,FALSE,FALSE,FALSE,TRUE,FALSE,1,Routine,FALSE,Fiscal year-end activity
PAY-001834,INV-259912,3/25/2026,2025-26,2026-03,Digital Government,V0008,Supplier 008,Training,Standing Offer,PO-74397,"$6,432.00",Yes,EFT,FALSE,FALSE,FALSE,FALSE,FALSE,FALSE,TRUE,FALSE,1,Routine,FALSE,Fiscal year-end activity
PAY-000913,INV-995668,3/25/2026,2025-26,2026-03,Municipal Services,V0073,Supplier 073,Office Supplies,Invitational,PO-37290,"$1,855.32",Yes,EFT,FALSE,FALSE,FALSE,FALSE,FALSE,FALSE,TRUE,FALSE,1,Routine,FALSE,Fiscal year-end activity
PAY-000181,INV-894300,3/25/2026,2025-26,2026-03,Municipal Services,V0076,Supplier 076,Office Supplies,Standing Offer,PO-82209,"$4,690.90",Yes,EFT,FALSE,FALSE,FALSE,FALSE,FALSE,FALSE,TRUE,FALSE,1,Routine,FALSE,Fiscal year-end activity
PAY-000924,INV-132940,3/25/2026,2025-26,2026-03,Digital Government,V0028,Supplier 028,Equipment,Sole Source,PO-24807,"$2,496.09",Yes,EFT,FALSE,FALSE,FALSE,FALSE,FALSE,FALSE,TRUE,FALSE,1,Routine,FALSE,Fiscal year-end activity
PAY-000132,INV-496419,3/25/2026,2025-26,2026-03,Transportation & Infrastructure,V0007,Supplier 007,Software & Licensing,Invitational,PO-42380,"$1,686.99",Yes,EFT,FALSE,FALSE,FALSE,FALSE,FALSE,FALSE,TRUE,FALSE,1,Routine,FALSE,Fiscal year-end activity
PAY-001212,INV-965404,3/26/2026,2025-26,2026-03,Health Services,V0032,Supplier 032,Construction Services,Standing Offer,PO-82672,$562.09,Yes,EFT,FALSE,FALSE,FALSE,FALSE,FALSE,FALSE,TRUE,FALSE,1,Routine,FALSE,Fiscal year-end activity
PAY-000927,INV-256164,3/26/2026,2025-26,2026-03,Health Services,V0031,Supplier 031,Construction Services,Standing Offer,PO-13984,"$3,338.27",Yes,EFT,FALSE,FALSE,FALSE,FALSE,FALSE,FALSE,TRUE,FALSE,1,Routine,FALSE,Fiscal year-end activity
PAY-000014,INV-575859,3/26/2026,2025-26,2026-03,Natural Resources,V0042,Supplier 042,Construction Services,Open Competition,PO-70874,"$3,402.85",Yes,EFT,FALSE,FALSE,FALSE,FALSE,FALSE,FALSE,TRUE,FALSE,1,Routine,FALSE,Fiscal year-end activity
PAY-000923,INV-985375,3/26/2026,2025-26,2026-03,Municipal Services,V0003,Supplier 003,Transportation Services,Open Competition,PO-75738,$278.72,Yes,EFT,FALSE,FALSE,FALSE,FALSE,FALSE,FALSE,TRUE,FALSE,1,Routine,FALSE,Fiscal year-end activity
PAY-000252,INV-281789,3/26/2026,2025-26,2026-03,Health Services,V0063,Supplier 063,Professional Services,Open Competition,PO-93254,$914.31,Yes,EFT,FALSE,FALSE,FALSE,FALSE,FALSE,FALSE,TRUE,FALSE,1,Routine,FALSE,Fiscal year-end activity
PAY-000905,INV-260185,3/26/2026,2025-26,2026-03,Transportation & Infrastructure,V0021,Supplier 021,Office Supplies,Open Competition,PO-33593,"$2,556.04",Yes,EFT,FALSE,FALSE,FALSE,FALSE,FALSE,FALSE,TRUE,FALSE,1,Routine,FALSE,Fiscal year-end activity
PAY-000914,INV-682124,3/26/2026,2025-26,2026-03,Transportation & Infrastructure,V0049,Supplier 049,IT Hardware,Open Competition,PO-60773,"$2,084.54",Yes,EFT,FALSE,FALSE,FALSE,FALSE,FALSE,FALSE,TRUE,FALSE,1,Routine,FALSE,Fiscal year-end activity
PAY-000959,INV-512289,3/26/2026,2025-26,2026-03,Digital Government,V0062,Supplier 062,Professional Services,Open Competition,PO-26017,"$1,245.66",Yes,EFT,FALSE,FALSE,FALSE,FALSE,FALSE,FALSE,TRUE,FALSE,1,Routine,FALSE,Fiscal year-end activity
PAY-001126,INV-128477,3/26/2026,2025-26,2026-03,Natural Resources,V0047,Supplier 047,Transportation Services,Open Competition,PO-13763,"$1,431.86",Yes,EFT,FALSE,FALSE,FALSE,FALSE,FALSE,FALSE,TRUE,FALSE,1,Routine,FALSE,Fiscal year-end activity
PAY-000953,INV-213034,3/26/2026,2025-26,2026-03,Natural Resources,V0053,Supplier 053,Transportation Services,Open Competition,PO-32234,"$3,923.99",Yes,EFT,FALSE,FALSE,FALSE,FALSE,FALSE,FALSE,TRUE,FALSE,1,Routine,FALSE,Fiscal year-end activity
PAY-001841,INV-398073,3/26/2026,2025-26,2026-03,Natural Resources,V0066,Supplier 066,Training,Open Competition,PO-42229,"$2,472.89",Yes,EFT,FALSE,FALSE,FALSE,FALSE,FALSE,FALSE,TRUE,FALSE,1,Routine,FALSE,Fiscal year-end activity
PAY-002332,INV-111017,3/26/2026,2025-26,2026-03,Digital Government,V0071,Supplier 071,Training,Open Competition,PO-22464,"$2,638.54",Yes,EFT,FALSE,FALSE,FALSE,FALSE,FALSE,FALSE,TRUE,FALSE,1,Routine,FALSE,Fiscal year-end activity
PAY-000359,INV-585287,3/26/2026,2025-26,2026-03,Health Services,V0059,Supplier 059,Construction Services,Open Competition,PO-19642,"$175,000.00",Yes,EFT,FALSE,FALSE,FALSE,FALSE,TRUE,FALSE,TRUE,FALSE,3,Moderate,TRUE,Statistical amount outlier; Fiscal year-end activity
PAY-000063,INV-930819,3/26/2026,2025-26,2026-03,Education,V0009,Supplier 009,Professional Services,Open Competition,PO-26550,"$1,681.33",Yes,EFT,FALSE,FALSE,FALSE,FALSE,FALSE,FALSE,TRUE,FALSE,1,Routine,FALSE,Fiscal year-end activity
PAY-000830,INV-766980,3/26/2026,2025-26,2026-03,Education,V0069,Supplier 069,Office Supplies,Invitational,PO-23490,$433.23,Yes,EFT,FALSE,FALSE,FALSE,FALSE,FALSE,FALSE,TRUE,FALSE,1,Routine,FALSE,Fiscal year-end activity
PAY-000122,INV-100882,3/26/2026,2025-26,2026-03,Health Services,V0045,Supplier 045,IT Hardware,Invitational,PO-20722,"$3,908.80",Yes,EFT,FALSE,FALSE,FALSE,FALSE,FALSE,FALSE,TRUE,FALSE,1,Routine,FALSE,Fiscal year-end activity
PAY-000954,INV-534044,3/26/2026,2025-26,2026-03,Education,V0053,Supplier 053,Transportation Services,Invitational,PO-40975,"$1,965.00",Yes,EFT,FALSE,FALSE,FALSE,FALSE,FALSE,FALSE,TRUE,FALSE,1,Routine,FALSE,Fiscal year-end activity
PAY-000937,INV-926954,3/26/2026,2025-26,2026-03,Digital Government,V0003,Supplier 003,Office Supplies,Open Competition,PO-81273,"$3,157.27",Yes,EFT,FALSE,FALSE,FALSE,FALSE,FALSE,FALSE,TRUE,FALSE,1,Routine,FALSE,Fiscal year-end activity
PAY-000957,INV-153997,3/26/2026,2025-26,2026-03,Transportation & Infrastructure,V0058,Supplier 058,Office Supplies,Open Competition,PO-60510,$654.07,Yes,Cheque,FALSE,FALSE,FALSE,FALSE,FALSE,FALSE,TRUE,FALSE,1,Routine,FALSE,Fiscal year-end activity
PAY-001677,INV-886460,3/26/2026,2025-26,2026-03,Digital Government,V0010,Supplier 010,Professional Services,Standing Offer,PO-68817,$510.98,Yes,EFT,FALSE,FALSE,FALSE,FALSE,FALSE,FALSE,TRUE,FALSE,1,Routine,FALSE,Fiscal year-end activity
PAY-000951,INV-543942,3/27/2026,2025-26,2026-03,Natural Resources,V0020,Supplier 020,Equipment,Open Competition,PO-36503,$778.33,Yes,EFT,FALSE,FALSE,FALSE,FALSE,FALSE,FALSE,TRUE,FALSE,1,Routine,FALSE,Fiscal year-end activity
PAY-000903,INV-748002,3/27/2026,2025-26,2026-03,Justice & Public Safety,V0002,Supplier 002,Transportation Services,Standing Offer,PO-59108,"$2,497.15",Yes,EFT,FALSE,FALSE,FALSE,FALSE,FALSE,FALSE,TRUE,FALSE,1,Routine,FALSE,Fiscal year-end activity
PAY-001982,INV-358480,3/27/2026,2025-26,2026-03,Health Services,V0048,Supplier 048,Software & Licensing,Standing Offer,PO-11017,$411.74,Yes,EFT,FALSE,FALSE,FALSE,FALSE,FALSE,FALSE,TRUE,FALSE,1,Routine,FALSE,Fiscal year-end activity
PAY-000931,INV-126505,3/27/2026,2025-26,2026-03,Natural Resources,V0075,Supplier 075,IT Hardware,Open Competition,PO-41342,"$2,865.36",Yes,EFT,FALSE,FALSE,FALSE,FALSE,FALSE,FALSE,TRUE,FALSE,1,Routine,FALSE,Fiscal year-end activity
PAY-000942,INV-985829,3/27/2026,2025-26,2026-03,Natural Resources,V0023,Supplier 023,Professional Services,Standing Offer,PO-98720,"$5,232.69",Yes,EFT,FALSE,FALSE,FALSE,FALSE,FALSE,FALSE,TRUE,FALSE,1,Routine,FALSE,Fiscal year-end activity
PAY-002352,INV-791750,3/27/2026,2025-26,2026-03,Justice & Public Safety,V0064,Supplier 064,Training,Open Competition,PO-92926,$513.34,Yes,EFT,FALSE,FALSE,FALSE,FALSE,FALSE,FALSE,TRUE,FALSE,1,Routine,FALSE,Fiscal year-end activity
PAY-000907,INV-425188,3/27/2026,2025-26,2026-03,Education,V0043,Supplier 043,Construction Services,Open Competition,PO-15307,"$4,048.50",Yes,EFT,FALSE,FALSE,FALSE,FALSE,FALSE,FALSE,TRUE,FALSE,1,Routine,FALSE,Fiscal year-end activity
PAY-001205,INV-469792,3/27/2026,2025-26,2026-03,Transportation & Infrastructure,V0044,Supplier 044,Training,Invitational,PO-87467,"$6,888.50",Yes,Cheque,FALSE,FALSE,FALSE,FALSE,FALSE,FALSE,TRUE,FALSE,1,Routine,FALSE,Fiscal year-end activity
PAY-001037,INV-708434,3/27/2026,2025-26,2026-03,Justice & Public Safety,V0080,Supplier 080,Professional Services,Open Competition,PO-65627,$667.77,Yes,EFT,FALSE,FALSE,FALSE,FALSE,FALSE,FALSE,TRUE,FALSE,1,Routine,FALSE,Fiscal year-end activity
PAY-000559,INV-996972,3/27/2026,2025-26,2026-03,Municipal Services,V0012,Supplier 012,Construction Services,Open Competition,PO-24040,"$2,536.66",Yes,Corporate Card,FALSE,FALSE,FALSE,FALSE,FALSE,FALSE,TRUE,FALSE,1,Routine,FALSE,Fiscal year-end activity
PAY-000966,INV-513532,3/27/2026,2025-26,2026-03,Natural Resources,V0015,Supplier 015,Office Supplies,Open Competition,PO-10348,"$4,568.23",Yes,EFT,FALSE,FALSE,FALSE,FALSE,FALSE,FALSE,TRUE,FALSE,1,Routine,FALSE,Fiscal year-end activity
PAY-001896,INV-649308,3/27/2026,2025-26,2026-03,Justice & Public Safety,V0014,Supplier 014,Training,Open Competition,PO-20301,"$4,108.35",No,EFT,FALSE,FALSE,FALSE,FALSE,FALSE,FALSE,TRUE,TRUE,4,Higher,TRUE,Fiscal year-end activity; Approval exception
PAY-002078,INV-725675,3/27/2026,2025-26,2026-03,Municipal Services,V0029,Supplier 029,Construction Services,Open Competition,PO-32474,"$4,776.56",Yes,EFT,FALSE,FALSE,FALSE,FALSE,FALSE,FALSE,TRUE,FALSE,1,Routine,FALSE,Fiscal year-end activity
PAY-000648,INV-646774,3/27/2026,2025-26,2026-03,Transportation & Infrastructure,V0051,Supplier 051,Construction Services,Open Competition,PO-80388,"$1,911.82",Yes,EFT,FALSE,FALSE,FALSE,FALSE,FALSE,FALSE,TRUE,FALSE,1,Routine,FALSE,Fiscal year-end activity
PAY-000944,INV-536670,3/27/2026,2025-26,2026-03,Municipal Services,V0010,Supplier 010,Equipment,Open Competition,PO-97743,"$6,973.80",Yes,EFT,FALSE,FALSE,FALSE,FALSE,FALSE,FALSE,TRUE,FALSE,1,Routine,FALSE,Fiscal year-end activity
PAY-000969,INV-648912,3/28/2026,2025-26,2026-03,Justice & Public Safety,V0060,Supplier 060,Equipment,Open Competition,PO-75538,"$3,302.27",Yes,EFT,FALSE,FALSE,FALSE,FALSE,FALSE,FALSE,TRUE,FALSE,1,Routine,FALSE,Fiscal year-end activity
PAY-000917,INV-957033,3/28/2026,2025-26,2026-03,Natural Resources,V0055,Supplier 055,Software & Licensing,Open Competition,PO-24418,"$4,133.03",Yes,EFT,FALSE,FALSE,FALSE,FALSE,FALSE,FALSE,TRUE,FALSE,1,Routine,FALSE,Fiscal year-end activity
PAY-001351,INV-195419,3/28/2026,2025-26,2026-03,Justice & Public Safety,V0050,Supplier 050,Office Supplies,Open Competition,PO-97943,"$1,779.44",Yes,EFT,FALSE,FALSE,FALSE,FALSE,FALSE,FALSE,TRUE,FALSE,1,Routine,FALSE,Fiscal year-end activity
PAY-001869,INV-728151,3/28/2026,2025-26,2026-03,Transportation & Infrastructure,V0001,Supplier 001,Equipment,Open Competition,PO-35078,"$1,514.48",Yes,Cheque,FALSE,FALSE,FALSE,FALSE,FALSE,FALSE,TRUE,FALSE,1,Routine,FALSE,Fiscal year-end activity
PAY-000941,INV-858849,3/28/2026,2025-26,2026-03,Digital Government,V0026,Supplier 026,Training,Open Competition,PO-94104,$622.80,Yes,EFT,FALSE,FALSE,FALSE,FALSE,FALSE,FALSE,TRUE,FALSE,1,Routine,FALSE,Fiscal year-end activity
PAY-000925,INV-629954,3/28/2026,2025-26,2026-03,Justice & Public Safety,V0003,Supplier 003,Building Maintenance,Open Competition,PO-51849,"$1,572.97",Yes,EFT,FALSE,FALSE,FALSE,FALSE,FALSE,FALSE,TRUE,FALSE,1,Routine,FALSE,Fiscal year-end activity
PAY-002196,INV-490447,3/28/2026,2025-26,2026-03,Justice & Public Safety,V0027,Supplier 027,Professional Services,Open Competition,PO-72775,"$1,350.83",Yes,EFT,FALSE,FALSE,FALSE,FALSE,FALSE,FALSE,TRUE,FALSE,1,Routine,FALSE,Fiscal year-end activity
PAY-000899,INV-495797,3/29/2026,2025-26,2026-03,Transportation & Infrastructure,V0075,Supplier 075,Building Maintenance,Open Competition,PO-44058,"$4,268.37",Yes,EFT,FALSE,FALSE,FALSE,FALSE,FALSE,FALSE,TRUE,FALSE,1,Routine,FALSE,Fiscal year-end activity
PAY-000918,INV-581632,3/29/2026,2025-26,2026-03,Municipal Services,V0023,Supplier 023,Transportation Services,Invitational,PO-19498,"$5,825.28",Yes,EFT,FALSE,FALSE,FALSE,FALSE,FALSE,FALSE,TRUE,FALSE,1,Routine,FALSE,Fiscal year-end activity
PAY-000922,INV-758767,3/29/2026,2025-26,2026-03,Natural Resources,V0047,Supplier 047,Equipment,Open Competition,PO-23638,$415.58,Yes,EFT,FALSE,FALSE,FALSE,FALSE,FALSE,FALSE,TRUE,FALSE,1,Routine,FALSE,Fiscal year-end activity
PAY-001660,INV-237821,3/29/2026,2025-26,2026-03,Health Services,V0065,Supplier 065,Building Maintenance,Open Competition,PO-94942,$856.14,Yes,EFT,FALSE,FALSE,FALSE,FALSE,FALSE,FALSE,TRUE,FALSE,1,Routine,FALSE,Fiscal year-end activity
PAY-001134,INV-243988,3/29/2026,2025-26,2026-03,Justice & Public Safety,V0067,Supplier 067,Professional Services,Standing Offer,PO-28141,"$1,439.88",Yes,EFT,FALSE,FALSE,FALSE,FALSE,FALSE,FALSE,TRUE,FALSE,1,Routine,FALSE,Fiscal year-end activity
PAY-001642,INV-755337,3/29/2026,2025-26,2026-03,Natural Resources,V0065,Supplier 065,Training,Open Competition,PO-20622,"$1,722.49",Yes,EFT,FALSE,FALSE,FALSE,FALSE,FALSE,FALSE,TRUE,FALSE,1,Routine,FALSE,Fiscal year-end activity
PAY-000956,INV-154362,3/29/2026,2025-26,2026-03,Justice & Public Safety,V0002,Supplier 002,Training,Standing Offer,PO-77778,"$1,886.32",Yes,EFT,FALSE,FALSE,FALSE,FALSE,FALSE,FALSE,TRUE,FALSE,1,Routine,FALSE,Fiscal year-end activity
PAY-000955,INV-824886,3/29/2026,2025-26,2026-03,Digital Government,V0001,Supplier 001,Equipment,Open Competition,PO-98104,"$5,206.72",Yes,Corporate Card,FALSE,FALSE,FALSE,FALSE,FALSE,FALSE,TRUE,FALSE,1,Routine,FALSE,Fiscal year-end activity
PAY-001370,INV-271236,3/29/2026,2025-26,2026-03,Digital Government,V0080,Supplier 080,Equipment,Open Competition,PO-57207,"$1,146.69",Yes,EFT,FALSE,FALSE,FALSE,FALSE,FALSE,FALSE,TRUE,FALSE,1,Routine,FALSE,Fiscal year-end activity
PAY-000949,INV-607800,3/30/2026,2025-26,2026-03,Health Services,V0056,Supplier 056,Equipment,Standing Offer,PO-20872,"$1,257.19",Yes,EFT,FALSE,FALSE,FALSE,FALSE,FALSE,FALSE,TRUE,FALSE,1,Routine,FALSE,Fiscal year-end activity
PAY-002334,INV-886167,3/30/2026,2025-26,2026-03,Digital Government,V0011,Supplier 011,Equipment,Open Competition,PO-79285,"$1,665.00",Yes,EFT,FALSE,FALSE,FALSE,FALSE,FALSE,FALSE,TRUE,FALSE,1,Routine,FALSE,Fiscal year-end activity
PAY-000952,INV-148784,3/30/2026,2025-26,2026-03,Health Services,V0047,Supplier 047,Office Supplies,Open Competition,PO-62268,"$1,526.22",Yes,EFT,FALSE,FALSE,FALSE,FALSE,FALSE,FALSE,TRUE,FALSE,1,Routine,FALSE,Fiscal year-end activity
PAY-001484,INV-887199,3/30/2026,2025-26,2026-03,Education,V0048,Supplier 048,Building Maintenance,Standing Offer,,$849.80,Yes,Corporate Card,FALSE,FALSE,TRUE,FALSE,FALSE,FALSE,TRUE,FALSE,2,Moderate,TRUE,Missing purchase order; Fiscal year-end activity
PAY-000038,INV-319222,3/30/2026,2025-26,2026-03,Justice & Public Safety,V0040,Supplier 040,Building Maintenance,Sole Source,PO-84423,"$1,074.08",Yes,EFT,FALSE,FALSE,FALSE,FALSE,FALSE,FALSE,TRUE,FALSE,1,Routine,FALSE,Fiscal year-end activity
PAY-000933,INV-547603,3/30/2026,2025-26,2026-03,Justice & Public Safety,V0065,Supplier 065,Equipment,Invitational,PO-88132,$304.02,Yes,EFT,FALSE,FALSE,FALSE,FALSE,FALSE,FALSE,TRUE,FALSE,1,Routine,FALSE,Fiscal year-end activity
PAY-000943,INV-628168,3/30/2026,2025-26,2026-03,Education,V0030,Supplier 030,Construction Services,Sole Source,PO-58481,"$2,220.54",No,EFT,FALSE,FALSE,FALSE,FALSE,FALSE,FALSE,TRUE,TRUE,4,Higher,TRUE,Fiscal year-end activity; Approval exception
PAY-001914,INV-830896,3/30/2026,2025-26,2026-03,Municipal Services,V0009,Supplier 009,Building Maintenance,Open Competition,PO-45303,"$4,200.77",Yes,EFT,FALSE,FALSE,FALSE,FALSE,FALSE,FALSE,TRUE,FALSE,1,Routine,FALSE,Fiscal year-end activity
PAY-002145,INV-392926,3/30/2026,2025-26,2026-03,Health Services,V0044,Supplier 044,Construction Services,Invitational,PO-72347,"$1,622.39",Yes,EFT,FALSE,FALSE,FALSE,FALSE,FALSE,FALSE,TRUE,FALSE,1,Routine,FALSE,Fiscal year-end activity
PAY-000926,INV-399266,3/30/2026,2025-26,2026-03,Health Services,V0004,Supplier 004,Construction Services,Standing Offer,PO-82721,"$2,849.43",Yes,Cheque,FALSE,FALSE,FALSE,FALSE,FALSE,FALSE,TRUE,FALSE,1,Routine,FALSE,Fiscal year-end activity
PAY-001186,INV-740816,3/30/2026,2025-26,2026-03,Health Services,V0058,Supplier 058,Software & Licensing,Open Competition,PO-95953,"$2,039.44",Yes,EFT,FALSE,FALSE,FALSE,FALSE,FALSE,FALSE,TRUE,FALSE,1,Routine,FALSE,Fiscal year-end activity
PAY-000935,INV-304354,3/30/2026,2025-26,2026-03,Health Services,V0017,Supplier 017,Office Supplies,Sole Source,PO-65713,"$1,893.82",Yes,EFT,FALSE,FALSE,FALSE,FALSE,FALSE,FALSE,TRUE,FALSE,1,Routine,FALSE,Fiscal year-end activity
PAY-001306,INV-414368,3/30/2026,2025-26,2026-03,Transportation & Infrastructure,V0072,Supplier 072,Software & Licensing,Open Competition,PO-57092,"$1,633.21",Yes,Cheque,FALSE,FALSE,FALSE,FALSE,FALSE,FALSE,TRUE,FALSE,1,Routine,FALSE,Fiscal year-end activity
PAY-000631,INV-841652,3/30/2026,2025-26,2026-03,Transportation & Infrastructure,V0041,Supplier 041,Training,Invitational,PO-56323,"$4,027.07",Yes,EFT,FALSE,FALSE,FALSE,FALSE,FALSE,FALSE,TRUE,FALSE,1,Routine,FALSE,Fiscal year-end activity
PAY-000720,INV-805611,3/31/2026,2025-26,2026-03,Transportation & Infrastructure,V0007,Supplier 007,Transportation Services,Open Competition,PO-54420,"$23,165.58",Yes,EFT,FALSE,FALSE,FALSE,FALSE,TRUE,FALSE,TRUE,FALSE,3,Moderate,TRUE,Statistical amount outlier; Fiscal year-end activity
PAY-000950,INV-204843,3/31/2026,2025-26,2026-03,Education,V0074,Supplier 074,Training,Standing Offer,PO-82673,"$1,448.29",Yes,Cheque,FALSE,FALSE,FALSE,FALSE,FALSE,FALSE,TRUE,FALSE,1,Routine,FALSE,Fiscal year-end activity
PAY-000619,INV-665403,3/31/2026,2025-26,2026-03,Municipal Services,V0072,Supplier 072,Transportation Services,Standing Offer,,$258.54,Yes,EFT,FALSE,FALSE,TRUE,FALSE,FALSE,FALSE,TRUE,FALSE,2,Moderate,TRUE,Missing purchase order; Fiscal year-end activity
PAY-000945,INV-667827,3/31/2026,2025-26,2026-03,Health Services,V0072,Supplier 072,Training,Open Competition,PO-58603,"$1,854.97",Yes,EFT,FALSE,FALSE,FALSE,FALSE,FALSE,FALSE,TRUE,FALSE,1,Routine,FALSE,Fiscal year-end activity
PAY-000890,INV-201121,3/31/2026,2025-26,2026-03,Digital Government,V0053,Supplier 053,Training,Standing Offer,PO-44604,"$1,096.14",Yes,EFT,FALSE,FALSE,FALSE,FALSE,FALSE,FALSE,TRUE,FALSE,1,Routine,FALSE,Fiscal year-end activity
PAY-000939,INV-350694,3/31/2026,2025-26,2026-03,Municipal Services,V0053,Supplier 053,Equipment,Open Competition,PO-75942,"$3,615.72",Yes,EFT,FALSE,FALSE,FALSE,FALSE,FALSE,FALSE,TRUE,FALSE,1,Routine,FALSE,Fiscal year-end activity
PAY-000936,INV-701799,3/31/2026,2025-26,2026-03,Education,V0065,Supplier 065,Transportation Services,Standing Offer,PO-80344,$421.54,Yes,EFT,FALSE,FALSE,FALSE,FALSE,FALSE,FALSE,TRUE,FALSE,1,Routine,FALSE,Fiscal year-end activity
PAY-001450,INV-121058,3/31/2026,2025-26,2026-03,Transportation & Infrastructure,V0023,Supplier 023,Building Maintenance,Standing Offer,PO-28032,"$2,467.32",Yes,EFT,FALSE,FALSE,FALSE,FALSE,FALSE,FALSE,TRUE,FALSE,1,Routine,FALSE,Fiscal year-end activity
PAY-000967,INV-257255,3/31/2026,2025-26,2026-03,Justice & Public Safety,V0046,Supplier 046,IT Hardware,Open Competition,PO-21857,"$2,763.53",Yes,EFT,FALSE,FALSE,FALSE,FALSE,FALSE,FALSE,TRUE,FALSE,1,Routine,FALSE,Fiscal year-end activity
PAY-000961,INV-900981,3/31/2026,2025-26,2026-03,Justice & Public Safety,V0072,Supplier 072,IT Hardware,Open Competition,PO-41116,"$6,322.92",Yes,EFT,FALSE,FALSE,FALSE,FALSE,FALSE,FALSE,TRUE,FALSE,1,Routine,FALSE,Fiscal year-end activity
PAY-000313,INV-931769,3/31/2026,2025-26,2026-03,Digital Government,V0065,Supplier 065,IT Hardware,Invitational,PO-54561,"$1,457.20",Yes,EFT,FALSE,FALSE,FALSE,FALSE,FALSE,FALSE,TRUE,FALSE,1,Routine,FALSE,Fiscal year-end activity
PAY-001682,INV-934089,3/31/2026,2025-26,2026-03,Health Services,V0062,Supplier 062,Training,Sole Source,PO-79912,"$5,126.11",Yes,EFT,FALSE,FALSE,FALSE,FALSE,FALSE,FALSE,TRUE,FALSE,1,Routine,FALSE,Fiscal year-end activity
PAY-000911,INV-372168,3/31/2026,2025-26,2026-03,Transportation & Infrastructure,V0026,Supplier 026,Training,Open Competition,PO-53944,"$1,748.87",Yes,EFT,FALSE,FALSE,FALSE,FALSE,FALSE,FALSE,TRUE,FALSE,1,Routine,FALSE,Fiscal year-end activity
PAY-000968,INV-980292,3/31/2026,2025-26,2026-03,Justice & Public Safety,V0001,Supplier 001,IT Hardware,Sole Source,PO-95914,"$1,625.68",Yes,EFT,FALSE,FALSE,FALSE,FALSE,FALSE,FALSE,TRUE,FALSE,1,Routine,FALSE,Fiscal year-end activity
PAY-000963,INV-840686,3/31/2026,2025-26,2026-03,Natural Resources,V0026,Supplier 026,Professional Services,Open Competition,PO-30856,"$2,540.29",Yes,EFT,FALSE,FALSE,FALSE,FALSE,FALSE,FALSE,TRUE,FALSE,1,Routine,FALSE,Fiscal year-end activity
PAY-000420,INV-604655,3/31/2026,2025-26,2026-03,Natural Resources,V0033,Supplier 033,Equipment,Standing Offer,PO-48938,"$4,245.28",Yes,EFT,FALSE,FALSE,FALSE,FALSE,FALSE,FALSE,TRUE,FALSE,1,Routine,FALSE,Fiscal year-end activity
PAY-001101,INV-245364,3/31/2026,2025-26,2026-03,Natural Resources,V0072,Supplier 072,Equipment,Sole Source,PO-95647,"$39,431.24",Yes,EFT,FALSE,FALSE,FALSE,FALSE,TRUE,TRUE,TRUE,FALSE,5,Higher,TRUE,Statistical amount outlier; Fiscal year-end activity; Higher-value sole-source transaction
PAY-001403,INV-543049,3/31/2026,2025-26,2026-03,Health Services,V0074,Supplier 074,Transportation Services,Invitational,PO-93780,"$2,239.63",Yes,EFT,FALSE,FALSE,FALSE,FALSE,FALSE,FALSE,TRUE,FALSE,1,Routine,FALSE,Fiscal year-end activity
PAY-002102,INV-241002,3/31/2026,2025-26,2026-03,Health Services,V0073,Supplier 073,IT Hardware,Open Competition,PO-92131,"$8,830.75",Yes,EFT,FALSE,FALSE,FALSE,FALSE,FALSE,FALSE,TRUE,FALSE,1,Routine,FALSE,Fiscal year-end activity
